env,arm,seed,iter,env_steps_sampled,wall_time_s,cumulative_time_s,throughput_sps_measured,env_runners/episode_return_mean,learners/default_policy/vf_explained_var,learners/default_policy/vf_loss,learners/default_policy/vf_loss_unclipped,learners/default_policy/mean_kl_loss,learners/default_policy/curr_kl_coeff,learners/default_policy/policy_loss,learners/default_policy/entropy
HalfCheetah-v5,D_eps,0,0,4000,21.112676605815068,21.112676605815068,189.45963482897662,-282.5279615793039,0.06488734483718872,9.348822593688965,758.2611694335938,0.014951802790164948,0.20000000298023224,0.05122191458940506,8.660700798034668
HalfCheetah-v5,D_eps,0,1,8000,22.107868178980425,43.22054478479549,180.9310589160783,-322.1353059743697,-0.029521942138671875,9.566468238830566,878.6469116210938,0.012998409569263458,0.20000000298023224,0.029169393703341484,8.696951866149902
HalfCheetah-v5,D_eps,0,2,12000,21.308571441099048,64.52911622589454,187.717886722569,-313.2867950241562,-0.015935540199279785,9.34211540222168,745.3184814453125,0.01370052807033062,0.20000000298023224,-0.13349778950214386,8.714038848876953
HalfCheetah-v5,D_eps,0,3,16000,21.576351245166734,86.10546747106127,185.3881573649312,-315.3417134251529,0.021049678325653076,9.57325553894043,804.4926147460938,0.01583784446120262,0.20000000298023224,0.029923781752586365,8.64521312713623
HalfCheetah-v5,D_eps,0,4,20000,20.728093371959403,106.83356084302068,192.97481578364216,-404.4421172473044,-0.030730485916137695,9.428797721862793,1216.085693359375,0.01627703569829464,0.20000000298023224,0.02179720252752304,8.72083854675293
HalfCheetah-v5,D_eps,0,5,24000,20.94676839793101,127.78032924095169,190.9602437956537,-330.8999342609368,-0.11456787586212158,9.290425300598145,307.24591064453125,0.014348942786455154,0.20000000298023224,-0.02706269919872284,8.605412483215332
HalfCheetah-v5,D_eps,0,6,28000,21.07276815106161,148.8530973920133,189.81844109543277,-416.37906235390204,-1.0,9.032279014587402,917.312744140625,0.018724868074059486,0.20000000298023224,-0.11630704998970032,8.61782455444336
HalfCheetah-v5,D_eps,0,7,32000,21.55131654907018,170.40441394108348,185.60351015643997,-345.7058302027751,-0.09709954261779785,8.33230209350586,294.1251525878906,0.01728498935699463,0.20000000298023224,-0.047272689640522,8.716292381286621
HalfCheetah-v5,D_eps,0,8,36000,21.062868565088138,191.4672825061716,189.9076561029313,-306.91749902982315,-0.04726839065551758,8.164143562316895,92.34812927246094,0.014659933745861053,0.20000000298023224,0.00799583736807108,8.615571975708008
HalfCheetah-v5,D_eps,0,9,40000,21.19291611202061,212.66019861819223,188.74231270755618,-263.7664310797251,0.2800302505493164,6.947972297668457,74.5806655883789,0.01653842069208622,0.20000000298023224,-0.03379562124609947,8.693924903869629
HalfCheetah-v5,D_eps,0,10,44000,20.893991780932993,233.55419039912522,191.44259469127567,-304.42021558181693,0.47120410203933716,6.508368492126465,60.97786331176758,0.01376897469162941,0.20000000298023224,-0.08850265294313431,8.504059791564941
HalfCheetah-v5,D_eps,0,11,48000,21.002081132959574,254.5562715320848,190.4573158572656,-377.3236405518122,-1.0,6.989173889160156,248.89027404785156,0.0180074293166399,0.20000000298023224,0.012061788700520992,8.48311710357666
HalfCheetah-v5,D_eps,0,12,52000,21.902592462021858,276.45886399410665,182.62678296808133,-319.19525153818233,0.12026327848434448,7.673254013061523,67.9270248413086,0.017290230840444565,0.20000000298023224,0.01836574077606201,8.5303316116333
HalfCheetah-v5,D_eps,0,13,56000,22.40038143703714,298.8592454311438,178.56838783050085,-282.4963839720824,0.3085617423057556,6.902060508728027,63.208553314208984,0.012817448005080223,0.20000000298023224,-0.023483645170927048,8.499576568603516
HalfCheetah-v5,D_eps,0,14,60000,22.06389117310755,320.92313660425134,181.29168461795976,-200.61190906093913,0.1206052303314209,7.321689128875732,227.7847900390625,0.015892885625362396,0.20000000298023224,0.06290820240974426,8.56761360168457
HalfCheetah-v5,D_eps,0,15,64000,21.04467020300217,341.9678068072535,190.07187859990185,-265.04072825752314,0.03639543056488037,7.114229202270508,90.23448181152344,0.014119804836809635,0.20000000298023224,-0.034697119146585464,8.413262367248535
HalfCheetah-v5,D_eps,0,16,68000,21.060426745098084,363.0282335523516,189.9296746648792,-364.39691162728946,-1.0,7.706961631774902,379.41925048828125,0.015977419912815094,0.20000000298023224,0.017644617706537247,8.688920974731445
HalfCheetah-v5,D_eps,0,17,72000,21.095658177975565,384.12389173032716,189.61247694921923,-322.97431105905883,-1.0,7.729516983032227,506.54669189453125,0.0185342188924551,0.20000000298023224,-0.04441987723112106,8.42214298248291
HalfCheetah-v5,D_eps,0,18,76000,21.02662515011616,405.1505168804433,190.23499831488184,-215.45540542747688,0.5477404594421387,5.786947250366211,53.19876480102539,0.014952817931771278,0.20000000298023224,0.13516390323638916,8.43099308013916
HalfCheetah-v5,D_eps,0,19,80000,20.86274238792248,426.0132592683658,191.7293482143371,-291.68002122163443,0.22160136699676514,7.6361565589904785,101.4291763305664,0.014180202037096024,0.20000000298023224,-0.015145545825362206,8.403358459472656
HalfCheetah-v5,D_eps,0,20,84000,21.31847766903229,447.3317369373981,187.63065834717136,-291.734098330478,0.07998836040496826,7.73877477645874,99.0788345336914,0.013284284621477127,0.20000000298023224,-0.02102499082684517,8.369099617004395
HalfCheetah-v5,D_eps,0,21,88000,21.220875926082954,468.55261286348104,188.49363305892237,-297.22895814190554,-0.15024161338806152,7.056185722351074,67.04120635986328,0.015381528064608574,0.20000000298023224,-0.029607698321342468,8.085704803466797
HalfCheetah-v5,D_eps,0,22,92000,21.45990059291944,490.0125134564005,186.3941532571579,-249.79489476340285,-0.19613611698150635,7.242007255554199,134.7192840576172,0.017790578305721283,0.20000000298023224,-0.07592549920082092,8.503171920776367
HalfCheetah-v5,D_eps,0,23,96000,21.01003032294102,511.0225437793415,190.38525592380358,-249.74719061561942,-0.6846165657043457,7.632009983062744,260.8835754394531,0.01838344894349575,0.20000000298023224,-0.033770546317100525,8.3212890625
HalfCheetah-v5,D_eps,0,24,100000,21.61734252097085,532.6398863003124,185.0366203024088,-328.95639634257947,-0.35897207260131836,8.246284484863281,664.3348999023438,0.013586649671196938,0.20000000298023224,-0.0804947018623352,9.197832107543945
HalfCheetah-v5,D_eps,0,25,104000,21.283071134006605,553.922957434319,187.9428008680901,-244.5201369512765,-0.3267021179199219,8.170483589172363,315.33685302734375,0.018177900463342667,0.20000000298023224,-0.05722160264849663,8.8435640335083
HalfCheetah-v5,D_eps,0,26,108000,22.407800430897623,576.3307578652166,178.50926566109933,-353.2838517785915,-1.0,8.617109298706055,799.635009765625,0.016410265117883682,0.20000000298023224,-0.061880167573690414,8.886898040771484
HalfCheetah-v5,D_eps,0,27,112000,22.420768806012347,598.7515266712289,178.40601429007916,-324.54498397126997,-0.6850910186767578,9.420951843261719,1063.174560546875,0.016952738165855408,0.20000000298023224,0.03393539786338806,9.57414722442627
HalfCheetah-v5,D_eps,0,28,116000,22.678457997040823,621.4299846682698,176.3788349508567,-264.7801168462989,-1.0,7.809752464294434,480.1662902832031,0.016002921387553215,0.20000000298023224,-0.052467819303274155,8.754908561706543
HalfCheetah-v5,D_eps,0,29,120000,21.29189468291588,642.7218793511856,187.86491571412415,-228.49680363555956,-0.0034106969833374023,7.640887260437012,104.12781524658203,0.013188805431127548,0.20000000298023224,-0.0051734913140535355,7.390121936798096
HalfCheetah-v5,D_eps,0,30,124000,21.064979491056874,663.7868588422425,189.88862541728074,-234.18116078170755,-0.21421778202056885,7.198330402374268,415.2132263183594,0.015317807905375957,0.20000000298023224,0.08542391657829285,8.022442817687988
HalfCheetah-v5,D_eps,0,31,128000,22.50763938203454,686.294498224277,177.7174377155152,-237.604646086032,-0.8128074407577515,6.594882965087891,81.34738159179688,0.016387218609452248,0.20000000298023224,-0.044186171144247055,7.0303521156311035
HalfCheetah-v5,D_eps,0,32,132000,21.61164478887804,707.9061430131551,185.0854036828568,-216.79786732619937,-0.6429376602172852,6.763875484466553,121.0655517578125,0.015352146700024605,0.20000000298023224,0.11412735283374786,7.346757888793945
HalfCheetah-v5,D_eps,0,33,136000,21.07453713589348,728.9806801490486,189.80250784190784,-282.3670635071606,-0.3686997890472412,6.855226993560791,358.07830810546875,0.017056578770279884,0.20000000298023224,-0.18909721076488495,7.943083763122559
HalfCheetah-v5,D_eps,0,34,140000,22.04409454204142,751.02477469109,181.4544930557885,-216.49162541951375,-0.16974425315856934,7.437765121459961,423.0162353515625,0.015416043810546398,0.20000000298023224,-0.07184603810310364,7.876832962036133
HalfCheetah-v5,D_eps,0,35,144000,21.749320082832128,772.7740947739221,183.9137952251394,-262.28467892443047,-0.6486179828643799,7.871159076690674,450.6937255859375,0.016552234068512917,0.20000000298023224,-0.026096371933817863,7.981593608856201
HalfCheetah-v5,D_eps,0,36,148000,21.163897396996617,793.9379921709187,189.0011052769346,-179.11058728176587,-0.32846200466156006,6.725718975067139,62.36424255371094,0.016740143299102783,0.20000000298023224,-0.08859577775001526,7.277876377105713
HalfCheetah-v5,D_eps,0,37,152000,21.121598907979205,815.0595910788979,189.37960224634799,-183.85865328270395,-0.12425446510314941,7.815326690673828,178.5838623046875,0.01398791279643774,0.20000000298023224,0.08530254662036896,6.976598262786865
HalfCheetah-v5,D_eps,0,38,156000,21.140903866151348,836.2004949450493,189.20666899225586,-190.89547271517165,0.07896631956100464,7.675776958465576,213.42320251464844,0.017318133264780045,0.20000000298023224,-0.28710994124412537,7.639543056488037
HalfCheetah-v5,D_eps,0,39,160000,22.13477415102534,858.3352690960746,180.71112778057008,-136.79219723473602,-0.04438161849975586,6.965622901916504,104.23760223388672,0.01456842664629221,0.20000000298023224,-0.03087529167532921,6.7673797607421875
HalfCheetah-v5,D_eps,0,40,164000,21.513416476082057,879.8486855721567,185.93048688696538,-102.0869824340026,0.05888557434082031,6.777830123901367,31.55926513671875,0.013577618636190891,0.20000000298023224,-0.008743362501263618,6.536363124847412
HalfCheetah-v5,D_eps,0,41,168000,21.45982008916326,901.3085056613199,186.39485249086096,-303.4491363796368,-0.3394583463668823,7.920955181121826,883.6453857421875,0.015567435882985592,0.20000000298023224,-0.07942656427621841,9.55419635772705
HalfCheetah-v5,D_eps,0,42,172000,21.315411044983193,922.6239167063031,187.65765255751154,-102.75530737282197,0.01858651638031006,7.551053047180176,36.79423904418945,0.014293629676103592,0.20000000298023224,-0.0879090279340744,6.101100921630859
HalfCheetah-v5,D_eps,0,43,176000,21.062600306002423,943.6865170123056,189.91007481920832,-246.40404143796485,0.053922057151794434,8.084503173828125,877.8195190429688,0.017168715596199036,0.20000000298023224,0.12644074857234955,9.569863319396973
HalfCheetah-v5,D_eps,0,44,180000,21.302941570989788,964.9894585832953,187.76749617748447,-147.83717518699098,0.025567948818206787,7.1654181480407715,60.38444900512695,0.014322027564048767,0.20000000298023224,-0.11521801352500916,7.1923041343688965
HalfCheetah-v5,D_eps,0,45,184000,21.063654521945864,986.0531131052412,189.90056999997165,-97.8146523308997,0.03308635950088501,6.18889045715332,43.76121139526367,0.01203752588480711,0.20000000298023224,-0.09329041093587875,6.111187934875488
HalfCheetah-v5,D_eps,0,46,188000,21.406470261979848,1007.4595833672211,186.8593911582155,-120.5237230073443,0.01977980136871338,5.987555503845215,132.91993713378906,0.014910906553268433,0.20000000298023224,-0.0782504677772522,6.935243606567383
HalfCheetah-v5,D_eps,0,47,192000,22.4613630392123,1029.9209464064334,178.08358259545216,-69.98826466016878,-0.0020085573196411133,6.4440484046936035,42.72919464111328,0.012735218740999699,0.20000000298023224,-0.021306287497282028,5.892451286315918
HalfCheetah-v5,D_eps,0,48,196000,22.5838367769029,1052.5047831833363,177.11782278248256,-81.13607605864239,0.012121379375457764,7.009074687957764,146.81790161132812,0.014546648599207401,0.20000000298023224,-0.13448290526866913,6.9472527503967285
HalfCheetah-v5,D_eps,0,49,200000,22.471127602038905,1074.9759107853752,178.0061984800915,-78.62323771910023,0.08702331781387329,6.641408443450928,70.57284545898438,0.013940210454165936,0.20000000298023224,-0.2363874316215515,6.238773822784424
HalfCheetah-v5,D_eps,0,50,204000,21.153661109972745,1096.129571895348,189.09256318350623,-186.75142822958242,0.22531777620315552,7.883242607116699,890.2811279296875,0.016187645494937897,0.20000000298023224,0.020866870880126953,8.321249961853027
HalfCheetah-v5,D_eps,0,51,208000,21.285299383103848,1117.4148712784518,187.92312609777892,-14.570479503611452,-0.07381165027618408,6.606088638305664,46.519264221191406,0.013494249433279037,0.20000000298023224,-0.17418019473552704,6.34536600112915
HalfCheetah-v5,D_eps,0,52,212000,22.560109003912657,1139.9749802823644,177.304107852771,-80.58676329326038,0.23432636260986328,6.875096321105957,203.19796752929688,0.014254363253712654,0.20000000298023224,-0.09946954995393753,7.138256549835205
HalfCheetah-v5,D_eps,0,53,216000,22.058482526801527,1162.033462809166,181.33613656968083,-23.77963896137673,-0.25243914127349854,6.535765647888184,42.34427261352539,0.015121836215257645,0.20000000298023224,-0.07672448456287384,5.83985710144043
HalfCheetah-v5,D_eps,0,54,220000,22.98305312707089,1185.0165159362368,174.04128067252074,-8.480429977762105,0.1900964379310608,6.79674768447876,56.41162872314453,0.013856309466063976,0.20000000298023224,-0.04609326645731926,5.878659248352051
HalfCheetah-v5,D_eps,0,55,224000,21.563781813019887,1206.5802977492567,185.49621929418987,-32.60346151583444,0.13457107543945312,7.664026260375977,187.25265502929688,0.017387093976140022,0.20000000298023224,-0.14386901259422302,7.609199523925781
HalfCheetah-v5,D_eps,0,56,228000,22.951950479066,1229.5322482283227,174.27712749939565,7.092383845144166,-0.052576303482055664,6.797895431518555,79.00074005126953,0.01423174049705267,0.20000000298023224,0.08551649749279022,6.807461738586426
HalfCheetah-v5,D_eps,0,57,232000,21.776557920034975,1251.3088061483577,183.68375822700153,-15.67198122689249,0.19060802459716797,6.699337959289551,83.62644958496094,0.0142679363489151,0.20000000298023224,-0.02960585616528988,6.5856170654296875
HalfCheetah-v5,D_eps,0,58,236000,21.917104801163077,1273.2259109495208,182.50585724204464,12.049183164504305,0.24882030487060547,7.223142147064209,80.12155151367188,0.015884652733802795,0.20000000298023224,0.0034190139267593622,6.0635247230529785
HalfCheetah-v5,D_eps,0,59,240000,21.134242782834917,1294.3601537323557,189.26630308462111,-13.334014544851023,0.11105561256408691,7.0243425369262695,253.2504425048828,0.014146119356155396,0.20000000298023224,-0.0538521446287632,7.260144233703613
HalfCheetah-v5,D_eps,0,60,244000,21.36159709189087,1315.7217508242466,187.25191673605948,-145.4088875497983,0.35858380794525146,8.2608003616333,716.1439819335938,0.020039845257997513,0.30000001192092896,-0.02735065668821335,9.504328727722168
HalfCheetah-v5,D_eps,0,61,248000,21.09217248717323,1336.8139233114198,189.64381229257052,54.58714704543772,0.3013334274291992,8.069541931152344,116.75688934326172,0.014299465343356133,0.30000001192092896,0.09250034391880035,6.773390769958496
HalfCheetah-v5,D_eps,0,62,252000,21.03424081299454,1357.8481641244143,190.16612178029638,65.25556022276888,0.12891286611557007,7.279834747314453,115.2306137084961,0.011782720685005188,0.30000001192092896,-0.0697735846042633,6.504617691040039
HalfCheetah-v5,D_eps,0,63,256000,21.384987950790673,1379.233152075205,187.04710094784537,-102.92451956321898,0.4369239807128906,7.1892852783203125,670.3009643554688,0.017138134688138962,0.30000001192092896,0.03218661621212959,9.636428833007812
HalfCheetah-v5,D_eps,0,64,260000,21.603493210161105,1400.836645285366,185.15524138099195,40.19668816256133,0.29605913162231445,8.50619125366211,394.7032470703125,0.01361149363219738,0.30000001192092896,-0.06675855815410614,7.082422256469727
HalfCheetah-v5,D_eps,0,65,264000,21.288046524859965,1422.124691810226,187.89887533028644,93.77726770030966,-0.6711035966873169,7.189117431640625,150.37034606933594,0.012123136781156063,0.30000001192092896,-0.2689533829689026,5.732105255126953
HalfCheetah-v5,D_eps,0,66,268000,21.55532016302459,1443.6800119732507,185.56903677364494,95.79810129508891,0.3838115930557251,7.515599727630615,125.61766815185547,0.01377183198928833,0.30000001192092896,-0.013672899454832077,6.108731269836426
HalfCheetah-v5,D_eps,0,67,272000,21.285942079965025,1464.9659540532157,187.91745204291058,75.16993564511789,0.3032175302505493,7.855117321014404,152.78883361816406,0.010615101084113121,0.30000001192092896,-0.06857699155807495,6.093410015106201
HalfCheetah-v5,D_eps,0,68,276000,21.09971096809022,1486.065665021306,189.57605656538755,91.04342267937943,0.542789876461029,7.4206624031066895,85.11083221435547,0.010469935834407806,0.30000001192092896,-0.1273844689130783,6.3559250831604
HalfCheetah-v5,D_eps,0,69,280000,21.10507506178692,1507.1707400830928,189.52787366496713,144.18202310443314,0.059649527072906494,6.726891994476318,73.38111877441406,0.012470824643969536,0.30000001192092896,-0.04219815880060196,5.541693687438965
HalfCheetah-v5,D_eps,0,70,284000,21.469153206096962,1528.6398932891898,186.31382251555462,149.45828326255784,-0.395818829536438,6.4596734046936035,73.63368225097656,0.013773025013506413,0.30000001192092896,-0.0776538997888565,5.713522434234619
HalfCheetah-v5,D_eps,0,71,288000,21.62996241496876,1550.2698557041585,184.92866160654293,86.86270904050697,0.5473741292953491,7.382861137390137,209.72760009765625,0.01171138696372509,0.30000001192092896,0.137070432305336,7.412318229675293
HalfCheetah-v5,D_eps,0,72,292000,21.05453661712818,1571.3243923212867,189.98280858605744,154.53126795513512,0.2724114656448364,6.7501540184021,81.33685302734375,0.013676452450454235,0.30000001192092896,-0.13104145228862762,5.234635353088379
HalfCheetah-v5,D_eps,0,73,296000,22.05479121999815,1593.3791835412849,181.3664867692334,46.165045536784035,0.707846999168396,6.810591220855713,110.75077819824219,0.01255301758646965,0.30000001192092896,0.01326052937656641,6.347997665405273
HalfCheetah-v5,D_eps,0,74,300000,21.6989790617954,1615.0781626030803,184.34047005661452,84.1721099433795,-0.26851093769073486,7.934621334075928,456.1401672363281,0.02585754543542862,0.45000001788139343,-0.2189246565103531,4.421292304992676
HalfCheetah-v5,D_eps,1,0,4000,20.06507139909081,20.06507139909081,199.35139628664606,-316.2294045140139,-0.013968706130981445,9.686698913574219,953.6106567382812,0.012908139266073704,0.20000000298023224,-0.19923999905586243,8.61573314666748
HalfCheetah-v5,D_eps,1,1,8000,20.219194126082584,40.284265525173396,197.83182134049719,-325.3291453981057,0.011793196201324463,9.27195930480957,865.9093017578125,0.015507292002439499,0.20000000298023224,-0.048924706876277924,8.606229782104492
HalfCheetah-v5,D_eps,1,2,12000,21.117418728070334,61.40168425324373,189.4170898208785,-344.1230994241208,-0.004934549331665039,9.411304473876953,905.0305786132812,0.013249612413346767,0.20000000298023224,-0.06290394067764282,8.403724670410156
HalfCheetah-v5,D_eps,1,3,16000,20.456186188850552,81.85787044209428,195.53987058350896,-257.57364442049305,0.02024829387664795,9.375622749328613,482.59765625,0.014318208210170269,0.20000000298023224,-0.11014553904533386,8.1582670211792
HalfCheetah-v5,D_eps,1,4,20000,20.26343453815207,102.12130498024635,197.39990239407763,-328.1816649870137,-0.005391955375671387,9.489776611328125,624.0535278320312,0.012751475907862186,0.20000000298023224,-0.2097153216600418,8.448509216308594
HalfCheetah-v5,D_eps,1,5,24000,20.32496534101665,122.446270321263,196.80230361465016,-342.7624433468154,-0.06915163993835449,9.67536735534668,574.7034301757812,0.013823514804244041,0.20000000298023224,0.050846412777900696,8.58680534362793
HalfCheetah-v5,D_eps,1,6,28000,19.98207063600421,142.4283409572672,200.1794545152241,-279.99112000703036,0.1448248028755188,8.76730728149414,410.5710754394531,0.013064952567219734,0.20000000298023224,0.0068259472027421,8.35174560546875
HalfCheetah-v5,D_eps,1,7,32000,19.91747798398137,162.34581894124858,200.8286392090906,-227.15655407270341,0.035947322845458984,8.585208892822266,210.15817260742188,0.01518922671675682,0.20000000298023224,-0.05357716977596283,8.208784103393555
HalfCheetah-v5,D_eps,1,8,36000,19.960318895056844,182.30613783630542,200.39759990961852,-181.85556070763,0.06787598133087158,8.146522521972656,322.7675476074219,0.013344296254217625,0.20000000298023224,0.07370281964540482,8.183980941772461
HalfCheetah-v5,D_eps,1,9,40000,19.699930832954124,202.00606866925955,203.04639817865674,-251.71391011065793,0.15497106313705444,8.56750202178955,340.6982116699219,0.015148093923926353,0.20000000298023224,-0.006251443177461624,8.398910522460938
HalfCheetah-v5,D_eps,1,10,44000,20.142054442083463,222.148123111343,198.58947415228246,-256.7709983221024,0.4459525942802429,8.232924461364746,88.19929504394531,0.01397929061204195,0.20000000298023224,-0.09162269532680511,8.776805877685547
HalfCheetah-v5,D_eps,1,11,48000,19.932503826916218,242.08062693825923,200.67724731092375,-281.52609029075376,0.0408172607421875,7.647890567779541,325.7841796875,0.015555573627352715,0.20000000298023224,-0.04521551355719566,8.390209197998047
HalfCheetah-v5,D_eps,1,12,52000,19.737153284950182,261.8177802232094,202.6634713857164,-201.6424356866302,0.5496538281440735,7.457726001739502,162.21694946289062,0.017633508890867233,0.20000000298023224,-0.017803676426410675,8.516973495483398
HalfCheetah-v5,D_eps,1,13,56000,19.74176371982321,281.5595439430326,202.61614193991682,-236.9335706939583,0.5105615854263306,7.540982246398926,118.5124740600586,0.016558071598410606,0.20000000298023224,-0.0946199893951416,8.602659225463867
HalfCheetah-v5,D_eps,1,14,60000,19.730344000970945,301.28988794400357,202.73341406531773,-267.8915925748394,0.37233108282089233,8.019420623779297,124.91744232177734,0.013367054052650928,0.20000000298023224,-0.18141014873981476,8.782501220703125
HalfCheetah-v5,D_eps,1,15,64000,19.719982594018802,321.00987053802237,202.8399356302285,-244.4309323104612,0.08755630254745483,7.921235084533691,257.1338806152344,0.014791672118008137,0.20000000298023224,0.001149035757407546,8.25064468383789
HalfCheetah-v5,D_eps,1,16,68000,19.76914509292692,340.7790156309493,202.3355072360279,-277.6983523486414,0.11236822605133057,8.881912231445312,366.2579650878906,0.016262277960777283,0.20000000298023224,-0.10225945711135864,7.943458557128906
HalfCheetah-v5,D_eps,1,17,72000,19.690954233985394,360.4699698649347,203.13896180288927,-211.59789360817678,0.35501933097839355,8.073184967041016,203.9320068359375,0.014672376215457916,0.20000000298023224,-0.03780600056052208,8.201400756835938
HalfCheetah-v5,D_eps,1,18,76000,19.72768671391532,380.19765657885,202.7607219237986,-156.386378180902,0.42476987838745117,7.773215293884277,164.60519409179688,0.013946415856480598,0.20000000298023224,0.03749698027968407,8.011848449707031
HalfCheetah-v5,D_eps,1,19,80000,19.752265116898343,399.94992169574834,202.50841998763693,-195.47261955095038,0.6011916995048523,8.469779968261719,121.29881286621094,0.012707754038274288,0.20000000298023224,0.03380060940980911,8.198060989379883
HalfCheetah-v5,D_eps,1,20,84000,19.725399978924543,419.6753216746729,202.7842276594528,-253.81124045941712,0.1915159821510315,8.146692276000977,190.591552734375,0.014570692554116249,0.20000000298023224,-0.011251339688897133,8.3799467086792
HalfCheetah-v5,D_eps,1,21,88000,19.927890005055815,439.6032116797287,200.72370928307905,-170.81237725371832,0.569573700428009,8.131964683532715,99.19860076904297,0.013124951161444187,0.20000000298023224,-0.007197230122983456,8.363096237182617
HalfCheetah-v5,D_eps,1,22,92000,19.686528517864645,459.28974019759335,203.18462934540128,-143.26203315436246,0.2539077401161194,8.172966003417969,174.1313018798828,0.014937889762222767,0.20000000298023224,-0.013246678747236729,7.731203079223633
HalfCheetah-v5,D_eps,1,23,96000,20.199026162037626,479.488766359631,198.0293489355276,-154.65841040073877,-0.9515118598937988,9.528132438659668,918.0973510742188,0.01689552329480648,0.20000000298023224,-0.061526402831077576,7.152918338775635
HalfCheetah-v5,D_eps,1,24,100000,19.960793271893635,499.4495596315246,200.3928373744702,-184.57020562219995,0.7228614687919617,7.803249359130859,137.01695251464844,0.015715504065155983,0.20000000298023224,-0.0066191814839839935,8.297033309936523
HalfCheetah-v5,D_eps,1,25,104000,19.871280985185876,519.3208406167105,201.2955281031966,-113.67024757719633,-0.07610535621643066,8.509860038757324,394.8880920410156,0.014890549704432487,0.20000000298023224,-0.009175177663564682,7.794161796569824
HalfCheetah-v5,D_eps,1,26,108000,20.0334787259344,539.3543193426449,199.66577221667387,-181.13151171502068,0.7600736618041992,7.9491801261901855,105.10105895996094,0.014034077525138855,0.20000000298023224,-0.04763297736644745,8.203944206237793
HalfCheetah-v5,D_eps,1,27,112000,19.880367029923946,559.2346863725688,201.20352878692816,-161.82781913123168,0.7635928988456726,6.967201232910156,80.92991638183594,0.0136062391102314,0.20000000298023224,-0.013862179592251778,8.342769622802734
HalfCheetah-v5,D_eps,1,28,116000,19.881592525169253,579.1162788977381,201.19112666332788,-43.76511719419966,-0.13224267959594727,7.6143269538879395,181.7889404296875,0.015071604400873184,0.20000000298023224,0.013856962323188782,7.388847827911377
HalfCheetah-v5,D_eps,1,29,120000,19.693515714025125,598.8097946117632,203.1125400911185,-111.93905751525512,0.24642592668533325,7.8349456787109375,198.4451904296875,0.012643394060432911,0.20000000298023224,-0.08433898538351059,7.5916595458984375
HalfCheetah-v5,D_eps,1,30,124000,20.104305196087807,618.914099807851,198.96235960337387,-61.42337722779963,0.4991573095321655,7.2967610359191895,124.4302749633789,0.01282616425305605,0.20000000298023224,-0.048753030598163605,7.504807949066162
HalfCheetah-v5,D_eps,1,31,128000,19.73352980799973,638.6476296158507,202.7006845160793,-21.473937308453984,0.05842036008834839,8.932541847229004,222.18630981445312,0.015455960296094418,0.20000000298023224,-0.07232380658388138,7.411983489990234
HalfCheetah-v5,D_eps,1,32,132000,19.825650243088603,658.4732798589393,201.75883014956523,-49.71072107679824,-0.0601193904876709,8.518965721130371,191.18899536132812,0.014260183088481426,0.20000000298023224,-0.015405194833874702,7.643263339996338
HalfCheetah-v5,D_eps,1,33,136000,19.856791874859482,678.3300717337988,201.44240948933782,-128.07827039914952,0.7228389978408813,6.87209939956665,88.43988037109375,0.012716526165604591,0.20000000298023224,-0.08367481827735901,7.719480514526367
HalfCheetah-v5,D_eps,1,34,140000,19.7367020631209,698.0667737969197,202.66810469182778,-58.526351528797505,0.14104008674621582,8.67290210723877,360.7474365234375,0.0139495013281703,0.20000000298023224,-0.009596824645996094,7.532864570617676
HalfCheetah-v5,D_eps,1,35,144000,19.74090892006643,717.8076827169862,202.62491540772174,-162.7461395618173,0.15703320503234863,8.009405136108398,425.4569091796875,0.01676623895764351,0.20000000298023224,-0.00843765027821064,7.845661640167236
HalfCheetah-v5,D_eps,1,36,148000,19.717856542905793,737.525539259892,202.86180657091472,-56.63183945570941,-0.19752728939056396,8.597599029541016,442.6214599609375,0.016644233837723732,0.20000000298023224,0.032760750502347946,7.437623023986816
HalfCheetah-v5,D_eps,1,37,152000,19.991906921146438,757.5174461810384,200.08096355075565,-92.14601579336997,0.00543820858001709,8.5464506149292,276.034423828125,0.013739974237978458,0.20000000298023224,-0.186750590801239,7.43695068359375
HalfCheetah-v5,D_eps,1,38,156000,19.891922710929066,777.4093688919675,201.08664497285176,-9.92577093296221,0.38095927238464355,7.808017730712891,205.01202392578125,0.013774719089269638,0.20000000298023224,-0.09565864503383636,7.5455121994018555
HalfCheetah-v5,D_eps,1,39,160000,19.94664789387025,797.3560167858377,200.53494809166554,-67.38114724435253,0.2876865863800049,8.34674072265625,282.189208984375,0.013917176984250546,0.20000000298023224,-0.1855175495147705,7.389908790588379
HalfCheetah-v5,D_eps,1,40,164000,19.799475722014904,817.1554925078526,202.02555139136473,-175.36042693666906,-0.7501460313796997,8.258990287780762,585.9447631835938,0.018690206110477448,0.20000000298023224,-0.10253161191940308,7.217415809631348
HalfCheetah-v5,D_eps,1,41,168000,19.860809213016182,837.0163017208688,201.4016627972298,-24.21497061401402,-0.007358670234680176,8.312884330749512,312.3438720703125,0.013573099859058857,0.20000000298023224,0.04585275426506996,7.3967084884643555
HalfCheetah-v5,D_eps,1,42,172000,21.116630071075633,858.1329317919444,189.42416410840923,-70.23700079969021,0.2229575514793396,7.918044567108154,279.8439025878906,0.014501189813017845,0.20000000298023224,-0.11662310361862183,7.348043441772461
HalfCheetah-v5,D_eps,1,43,176000,19.887748794863,878.0206805868074,201.12884777754226,72.17532862428232,0.017991483211517334,8.00446891784668,126.65660095214844,0.015151654370129108,0.20000000298023224,-0.0026414059102535248,7.181550979614258
HalfCheetah-v5,D_eps,1,44,180000,20.169395996956155,898.1900765837636,198.32026703247118,-30.518554341179936,0.0531841516494751,8.436174392700195,364.33331298828125,0.011855493299663067,0.20000000298023224,0.0021249689161777496,7.771852493286133
HalfCheetah-v5,D_eps,1,45,184000,19.989537257002667,918.1796138407663,200.1046821931175,-79.9398396541168,0.16804641485214233,7.6862473487854,245.36868286132812,0.013057345524430275,0.20000000298023224,-0.10500085353851318,7.272638320922852
HalfCheetah-v5,D_eps,1,46,188000,19.96685280185193,938.1464666426182,200.3320222618659,-92.11639161787375,0.302004873752594,7.964595317840576,186.4774627685547,0.01437175739556551,0.20000000298023224,-0.1069115698337555,7.5578718185424805
HalfCheetah-v5,D_eps,1,47,192000,20.549602936953306,958.6960695795715,194.65096295398504,-4.457576322000187,0.6698204278945923,7.2914628982543945,89.95298767089844,0.016553742811083794,0.20000000298023224,-0.002360185608267784,7.113591194152832
HalfCheetah-v5,D_eps,1,48,196000,20.14843307598494,978.8445026555564,198.5266042731446,-91.5499358364533,0.25189322233200073,7.8305277824401855,344.6818542480469,0.01564605161547661,0.20000000298023224,0.004036448895931244,7.23008918762207
HalfCheetah-v5,D_eps,1,49,200000,20.312166820978746,999.1566694765352,196.92630703823943,-79.47803428957452,0.4035989046096802,7.643503189086914,191.5388641357422,0.013566402718424797,0.20000000298023224,-0.07201696932315826,6.9652299880981445
HalfCheetah-v5,D_eps,1,50,204000,19.95493088592775,1019.1116003624629,200.45170904705094,-22.535390967972702,0.19775766134262085,7.827200889587402,448.3306884765625,0.016092464327812195,0.20000000298023224,0.007087412290275097,7.323735237121582
HalfCheetah-v5,D_eps,1,51,208000,20.053121118806303,1039.1647214812692,199.47019600099574,-118.89517093067542,0.09749090671539307,7.948665142059326,544.6688232421875,0.01638931967318058,0.20000000298023224,-0.10712867975234985,7.17299747467041
HalfCheetah-v5,D_eps,1,52,212000,19.987109291832894,1059.1518307731021,200.12899022043547,-28.83262020037695,0.1799493432044983,8.832066535949707,457.33563232421875,0.0129673657938838,0.20000000298023224,0.03156141936779022,7.383105754852295
HalfCheetah-v5,D_eps,1,53,216000,19.757047603139654,1078.9088783762418,202.4593998226915,61.59688777425322,0.4434574842453003,8.256877899169922,206.5768280029297,0.015002084895968437,0.20000000298023224,-0.0001346450299024582,7.391277313232422
HalfCheetah-v5,D_eps,1,54,220000,19.698842589976266,1098.607720966218,203.05761527509213,7.186374921228548,0.5612961649894714,7.71513557434082,145.9476318359375,0.013536120764911175,0.20000000298023224,-0.12933476269245148,7.1041460037231445
HalfCheetah-v5,D_eps,1,55,224000,19.93761424603872,1118.5453352122568,200.62580961986137,101.42356562607964,0.2109256386756897,8.864059448242188,190.60733032226562,0.012821182608604431,0.20000000298023224,-0.026391148567199707,7.268779277801514
HalfCheetah-v5,D_eps,1,56,228000,19.869481350062415,1138.4148165623192,201.31376000850847,3.587537836038736,0.1826268434524536,7.866887092590332,348.6522216796875,0.014229489490389824,0.20000000298023224,0.09973356127738953,7.368165969848633
HalfCheetah-v5,D_eps,1,57,232000,19.722329756012186,1158.1371463183314,202.81579557205373,-54.68633236387406,0.4049835205078125,8.295747756958008,244.95816040039062,0.014476239681243896,0.20000000298023224,-0.05262356624007225,6.992589473724365
HalfCheetah-v5,D_eps,1,58,236000,19.831058692885563,1177.968205011217,201.70380522523536,-22.18113576283929,0.6978546380996704,6.92426872253418,111.67990112304688,0.013761344365775585,0.20000000298023224,-0.0327531062066555,6.573822498321533
HalfCheetah-v5,D_eps,1,59,240000,19.748011484043673,1197.7162164952606,202.55203939049696,-26.26723744726652,0.17532700300216675,7.678041934967041,341.32757568359375,0.018113307654857635,0.20000000298023224,0.1785765141248703,6.840100288391113
HalfCheetah-v5,D_eps,1,60,244000,19.777211251901463,1217.493427747162,202.25298446035578,80.28394593122138,0.5879713296890259,7.365726947784424,181.2882080078125,0.013989515602588654,0.20000000298023224,-0.06934671103954315,6.89019775390625
HalfCheetah-v5,D_eps,1,61,248000,19.8536852709949,1237.347113018157,201.47393017475557,13.420348080049553,-0.004701495170593262,7.892385482788086,438.474853515625,0.0161809753626585,0.20000000298023224,-0.10732090473175049,7.240663528442383
HalfCheetah-v5,D_eps,1,62,252000,20.0528472031001,1257.399960221257,199.47292070233368,71.51308495877264,0.13327813148498535,8.33756160736084,392.2391052246094,0.012973899953067303,0.20000000298023224,-0.09816840291023254,7.484413146972656
HalfCheetah-v5,D_eps,1,63,256000,20.084968553157523,1277.4849287744146,199.1539090247252,233.2472088800801,0.2576703429222107,8.679483413696289,353.52392578125,0.013509202748537064,0.20000000298023224,-0.1490115076303482,6.933862686157227
HalfCheetah-v5,D_eps,1,64,260000,20.533669799100608,1298.0185985735152,194.80200271727384,72.64191372731013,0.008797109127044678,8.826093673706055,512.3528442382812,0.0141763212159276,0.20000000298023224,0.003579050302505493,7.384768486022949
HalfCheetah-v5,D_eps,1,65,264000,20.17083103908226,1318.1894296125975,198.30615765159837,80.11811047659084,0.47772371768951416,8.023542404174805,197.18572998046875,0.012739386409521103,0.20000000298023224,-0.08674678951501846,6.93895959854126
HalfCheetah-v5,D_eps,1,66,268000,20.561859481036663,1338.751289093634,194.53493511562178,66.6480812465364,0.46445268392562866,7.586620807647705,293.3445739746094,0.014348487369716167,0.20000000298023224,-0.17700091004371643,7.068365097045898
HalfCheetah-v5,D_eps,1,67,272000,20.059586646035314,1358.8108757396694,199.40590355038955,123.12872460951965,-0.0018442869186401367,8.749305725097656,311.822509765625,0.012512077577412128,0.20000000298023224,-0.19611194729804993,7.099811553955078
HalfCheetah-v5,D_eps,1,68,276000,19.923743018181995,1378.7346187578514,200.76548851035085,105.7703188026674,0.2490580677986145,8.177871704101562,435.95745849609375,0.015077787451446056,0.20000000298023224,-0.17253686487674713,6.749164581298828
HalfCheetah-v5,D_eps,1,69,280000,20.11955167609267,1398.854170433944,198.81158707691554,-63.16828384362802,-0.1686028242111206,7.071960926055908,973.1864013671875,0.015022540464997292,0.20000000298023224,0.02085457369685173,6.202985763549805
HalfCheetah-v5,D_eps,1,70,284000,20.007716779131442,1418.8618872130755,199.92286197154198,227.5751496149246,0.034780919551849365,8.503010749816895,348.441650390625,0.01625184342265129,0.20000000298023224,-0.0016565024852752686,7.01812219619751
HalfCheetah-v5,D_eps,1,71,288000,20.07146374695003,1438.9333509600256,199.28790697229653,201.16094820800942,0.03812986612319946,8.908817291259766,308.2781982421875,0.01509490329772234,0.20000000298023224,-0.114977166056633,7.1721014976501465
HalfCheetah-v5,D_eps,1,72,292000,19.994913952890784,1458.9282649129163,200.05087340831972,100.41953571119208,0.45860224962234497,7.461179256439209,340.5608825683594,0.014448857866227627,0.20000000298023224,-0.09764450788497925,6.743692398071289
HalfCheetah-v5,D_eps,1,73,296000,19.99144492391497,1478.9197098368313,200.08558737117392,109.02234797425707,0.08229309320449829,9.261706352233887,1004.559814453125,0.01423160545527935,0.20000000298023224,-0.061207398772239685,7.1629486083984375
HalfCheetah-v5,D_eps,1,74,300000,20.0419025500305,1498.9616123868618,199.58185057605286,337.2499764833875,-0.0039653778076171875,8.868878364562988,664.1060180664062,0.01546464767307043,0.20000000298023224,-0.020224522799253464,6.443910598754883
HalfCheetah-v5,D_eps,2,0,4000,20.43126336298883,20.43126336298883,195.77839749479162,-348.1194117677096,0.027402937412261963,10.0,1215.8773193359375,0.013320867903530598,0.20000000298023224,0.058828115463256836,8.582975387573242
HalfCheetah-v5,D_eps,2,1,8000,20.36624915804714,40.79751252103597,196.4033715270303,-329.65854757547714,0.01025378704071045,9.230274200439453,867.8819580078125,0.013330727815628052,0.20000000298023224,-0.1706317812204361,8.231019973754883
HalfCheetah-v5,D_eps,2,2,12000,21.78138710814528,62.57889962918125,183.64303339084293,-302.13187667492844,0.0245705246925354,9.578215599060059,554.450439453125,0.01567637175321579,0.20000000298023224,-0.02817600592970848,8.359950065612793
HalfCheetah-v5,D_eps,2,3,16000,21.30743196979165,83.8863315989729,187.7279254332925,-343.74012450800103,-0.05415678024291992,9.655617713928223,1051.1552734375,0.01472126878798008,0.20000000298023224,0.07032905519008636,8.141973495483398
HalfCheetah-v5,D_eps,2,4,20000,20.484421072993428,104.37075267196633,195.27034646215034,-332.39668181552156,0.008470773696899414,9.431655883789062,579.764892578125,0.01620037853717804,0.20000000298023224,-0.12468422949314117,8.3203706741333
HalfCheetah-v5,D_eps,2,5,24000,20.42886299896054,124.79961567092687,195.80140119415984,-327.3532499154608,0.03277677297592163,9.262909889221191,492.5198059082031,0.01333443634212017,0.20000000298023224,-0.020517535507678986,8.090543746948242
HalfCheetah-v5,D_eps,2,6,28000,20.355057602981105,145.15467327390797,196.51135742372838,-297.95924181723484,-0.45691514015197754,8.2857027053833,246.48179626464844,0.015907537192106247,0.20000000298023224,0.037339575588703156,8.190289497375488
HalfCheetah-v5,D_eps,2,7,32000,20.29470573994331,165.44937901385128,197.09573773850505,-298.7049009506619,-0.06669354438781738,8.881600379943848,283.2323913574219,0.015300890430808067,0.20000000298023224,0.007841753773391247,8.077484130859375
HalfCheetah-v5,D_eps,2,8,36000,21.063714275835082,186.51309328968637,189.90003128692828,-271.0091318597976,-0.09146082401275635,7.697176933288574,203.2996826171875,0.01711304858326912,0.20000000298023224,-0.07455233484506607,8.175960540771484
HalfCheetah-v5,D_eps,2,9,40000,20.503444864880294,207.01653815456666,195.0891680086147,-247.14459314680408,0.22333019971847534,8.550902366638184,188.438720703125,0.014687035232782364,0.20000000298023224,0.02240125834941864,8.145729064941406
HalfCheetah-v5,D_eps,2,10,44000,20.32686367095448,227.34340182552114,196.78392420743646,-297.86745372998956,-1.0,8.016813278198242,650.8075561523438,0.01632218435406685,0.20000000298023224,-0.1072486862540245,8.233200073242188
HalfCheetah-v5,D_eps,2,11,48000,20.476933668833226,247.82033549435437,195.34174719177668,-262.77420835156965,-0.1906430721282959,7.943248271942139,110.62118530273438,0.01583780162036419,0.20000000298023224,0.019546832889318466,8.154752731323242
HalfCheetah-v5,D_eps,2,12,52000,20.446191086200997,268.26652658055536,195.63546007840915,-275.81812457343466,0.09140950441360474,6.846729278564453,129.126220703125,0.013932183384895325,0.20000000298023224,-0.07882337272167206,7.998842716217041
HalfCheetah-v5,D_eps,2,13,56000,20.440714609110728,288.7072411896661,195.6878747388382,-242.9750521736653,0.316122829914093,6.942811965942383,51.09992599487305,0.016279656440019608,0.20000000298023224,0.14381946623325348,8.082465171813965
HalfCheetah-v5,D_eps,2,14,60000,20.43209630693309,309.1393374965992,195.7704163053845,-227.2709977970968,-0.11874115467071533,7.1418070793151855,101.72438049316406,0.0166751891374588,0.20000000298023224,0.00643707811832428,8.090241432189941
HalfCheetah-v5,D_eps,2,15,64000,20.227613916853443,329.3669514134526,197.74947339029646,-247.77456229546348,-0.21442317962646484,8.791305541992188,298.8615417480469,0.015835365280508995,0.20000000298023224,-0.14827005565166473,8.23148250579834
HalfCheetah-v5,D_eps,2,16,68000,20.2402745638974,349.60722597735,197.62577762333345,-224.80819005110152,0.32256704568862915,7.436063289642334,64.94524383544922,0.013220088556408882,0.20000000298023224,0.0947309285402298,7.851385593414307
HalfCheetah-v5,D_eps,2,17,72000,20.457618245156482,370.0648442225065,195.52618257245243,-282.54911545427274,0.18510174751281738,7.042259216308594,118.0077133178711,0.01660013385117054,0.20000000298023224,-0.17104162275791168,7.9506096839904785
HalfCheetah-v5,D_eps,2,18,76000,20.893852693028748,390.95869691553526,191.44386910196812,-255.27278143444295,-0.6715974807739258,7.317925453186035,61.618385314941406,0.014967662282288074,0.20000000298023224,-0.11967071890830994,7.7581353187561035
HalfCheetah-v5,D_eps,2,19,80000,20.262623687973246,411.2213206035085,197.407801753441,-183.51334373366086,-0.17781615257263184,8.501476287841797,209.35479736328125,0.016146665439009666,0.20000000298023224,0.1164713054895401,8.072553634643555
HalfCheetah-v5,D_eps,2,20,84000,20.55840598908253,431.77972659259103,194.56761395432048,-189.59856954083827,0.19960755109786987,6.87468147277832,48.58203887939453,0.014679092913866043,0.20000000298023224,0.10046444833278656,7.766037940979004
HalfCheetah-v5,D_eps,2,21,88000,20.05913525307551,451.83886184566654,199.41039080369686,-198.4272073832823,-0.5432970523834229,7.57012414932251,154.17234802246094,0.017344826832413673,0.20000000298023224,0.03955066204071045,7.838663101196289
HalfCheetah-v5,D_eps,2,22,92000,20.307540125912055,472.1464019715786,196.97117303223112,-172.80796248641667,0.4589956998825073,6.6495442390441895,55.94148635864258,0.013950638473033905,0.20000000298023224,-0.31220173835754395,7.648318767547607
HalfCheetah-v5,D_eps,2,23,96000,20.222060025902465,492.36846199748106,197.8037843264432,-162.81709041475804,0.10796642303466797,6.422646522521973,38.254798889160156,0.012928701005876064,0.20000000298023224,0.06768923997879028,7.755357265472412
HalfCheetah-v5,D_eps,2,24,100000,20.88334238785319,513.2518043853343,191.5402202248335,-189.43535840064138,0.15020161867141724,6.828834533691406,77.26100158691406,0.01376151293516159,0.20000000298023224,-0.006282169371843338,7.878766059875488
HalfCheetah-v5,D_eps,2,25,104000,20.597216167021543,533.8490205523558,194.2010011238533,-179.63104493449435,-0.33567512035369873,7.2547807693481445,82.3488998413086,0.015585406683385372,0.20000000298023224,-0.12170790880918503,7.6637701988220215
HalfCheetah-v5,D_eps,2,26,108000,20.796928178984672,554.6459487313405,192.33609721468414,-206.09746828705948,-0.08862864971160889,6.698009967803955,121.56938934326172,0.015784647315740585,0.20000000298023224,-0.1091545820236206,7.67563533782959
HalfCheetah-v5,D_eps,2,27,112000,22.39408530900255,577.040034040343,178.6185925795316,-147.89530424117626,0.14429807662963867,7.001292705535889,63.97952651977539,0.01252610795199871,0.20000000298023224,-0.005544186569750309,7.523203372955322
HalfCheetah-v5,D_eps,2,28,116000,21.13494208897464,598.1749761293177,189.26004070229556,-166.38867633408282,-0.13025200366973877,6.964713096618652,71.08595275878906,0.01360238716006279,0.20000000298023224,0.01940123550593853,7.54162073135376
HalfCheetah-v5,D_eps,2,29,120000,21.049486859934404,619.2244629892521,190.0283853291265,-142.35669346274182,-0.003072381019592285,6.725029468536377,90.39203643798828,0.014579170383512974,0.20000000298023224,-0.04384373500943184,7.503981113433838
HalfCheetah-v5,D_eps,2,30,124000,21.35078895301558,640.5752519422676,187.3467068969852,-242.12914112640223,-0.6564487218856812,8.061290740966797,469.8509521484375,0.015492373146116734,0.20000000298023224,-0.15801459550857544,8.28317642211914
HalfCheetah-v5,D_eps,2,31,128000,21.751244727056473,662.3264966693241,183.897521736969,-187.79702851729255,-0.055055856704711914,7.176276206970215,114.86016845703125,0.01509241946041584,0.20000000298023224,-0.1209617629647255,7.447544097900391
HalfCheetah-v5,D_eps,2,32,132000,21.48143311496824,683.8079297842924,186.20731580579715,-191.2726068174369,-0.0784759521484375,6.798401832580566,130.27377319335938,0.014587480574846268,0.20000000298023224,0.01999455690383911,8.018258094787598
HalfCheetah-v5,D_eps,2,33,136000,21.45469832001254,705.2626281043049,186.4393495698271,-146.8067884703376,-0.04359877109527588,6.811771869659424,136.6309051513672,0.014240222983062267,0.20000000298023224,-0.09316970407962799,7.611501693725586
HalfCheetah-v5,D_eps,2,34,140000,20.614331075921655,725.8769591802265,194.03976705662578,-154.8017081846407,-0.06560289859771729,7.332365036010742,184.70863342285156,0.017299886792898178,0.20000000298023224,-0.11906693875789642,7.585721492767334
HalfCheetah-v5,D_eps,2,35,144000,20.3883938298095,746.265353010036,196.1900497601568,-113.28663303241152,-0.11030793190002441,7.5883989334106445,107.27438354492188,0.015014395117759705,0.20000000298023224,0.025457244366407394,7.765854358673096
HalfCheetah-v5,D_eps,2,36,148000,20.24962195707485,766.5149749671109,197.53455192789278,-89.93001770250685,0.15078586339950562,6.957982540130615,39.67731475830078,0.013739786110818386,0.20000000298023224,-0.09096229821443558,7.103857040405273
HalfCheetah-v5,D_eps,2,37,152000,21.86030550999567,788.3752804771066,182.98005936701077,-71.7190120846054,0.15356427431106567,7.451329231262207,45.778114318847656,0.014204001985490322,0.20000000298023224,-0.07129278779029846,7.130568504333496
HalfCheetah-v5,D_eps,2,38,156000,20.44906101608649,808.8243414931931,195.60800355837142,-95.82154214035683,-0.04365265369415283,7.084400177001953,66.09764099121094,0.011178627610206604,0.20000000298023224,0.037215590476989746,7.060449600219727
HalfCheetah-v5,D_eps,2,39,160000,20.36135735292919,829.1856988461222,196.45055733106904,-95.51710997004164,-0.04190325736999512,6.721746921539307,104.20427703857422,0.016666360199451447,0.20000000298023224,-0.15827755630016327,7.267036437988281
HalfCheetah-v5,D_eps,2,40,164000,20.390093713998795,849.575792560121,196.17369376060321,-59.91563161304316,0.014812767505645752,6.8092827796936035,51.45173645019531,0.012130195274949074,0.20000000298023224,0.13050232827663422,6.908753871917725
HalfCheetah-v5,D_eps,2,41,168000,20.19071073597297,869.766503296094,198.110906164059,-82.90479990277208,-0.2502009868621826,7.162637710571289,274.81103515625,0.016960959881544113,0.20000000298023224,0.12024007737636566,7.5356526374816895
HalfCheetah-v5,D_eps,2,42,172000,20.447564577916637,890.2140678740107,195.62231896897876,-10.441032378287964,0.17868053913116455,6.747466087341309,43.40678024291992,0.013688290491700172,0.20000000298023224,-0.027065854519605637,6.633986949920654
HalfCheetah-v5,D_eps,2,43,176000,20.153840912040323,910.367908786051,198.47333406359863,-230.9269896420805,-0.06725025177001953,8.554240226745605,1023.611083984375,0.01925596036016941,0.20000000298023224,-0.003998706117272377,9.824357986450195
HalfCheetah-v5,D_eps,2,44,180000,20.785128120100126,931.1530369061511,192.44528957855331,-69.85571841915278,-0.07017672061920166,7.400720119476318,297.91607666015625,0.015820978209376335,0.20000000298023224,0.011554194614291191,7.305703163146973
HalfCheetah-v5,D_eps,2,45,184000,20.72524830698967,951.8782852131408,193.00130646207913,2.6579556033476592,0.006058990955352783,7.757628440856934,58.67776107788086,0.01501329056918621,0.20000000298023224,0.00013993307948112488,6.575181007385254
HalfCheetah-v5,D_eps,2,46,188000,20.28924175701104,972.1675269701518,197.1488164961996,1.7806874819676928,0.10601729154586792,7.2655487060546875,70.53813934326172,0.01388707384467125,0.20000000298023224,-0.14716999232769012,6.709693908691406
HalfCheetah-v5,D_eps,2,47,192000,20.34243232314475,992.5099592932966,196.6333197750876,-159.1933250799171,0.11715185642242432,7.823416709899902,712.0054931640625,0.015938805416226387,0.20000000298023224,-0.15176181495189667,8.622926712036133
HalfCheetah-v5,D_eps,2,48,196000,20.27941087493673,1012.7893701682333,197.24438863969118,17.77005371396119,0.12105846405029297,7.843019485473633,128.17630004882812,0.013615735806524754,0.20000000298023224,-0.0653601661324501,6.735171794891357
HalfCheetah-v5,D_eps,2,49,200000,20.475450373021886,1033.2648205412552,195.35589826489647,-41.50627139400585,-0.09800076484680176,8.478466033935547,356.32830810546875,0.2979874610900879,0.30000001192092896,0.029337003827095032,5.969953536987305
HalfCheetah-v5,D_eps,2,50,204000,20.35658641415648,1053.6214069554117,196.49659911635771,-71.08471698687421,0.19184458255767822,7.436529159545898,283.84039306640625,0.01286459993571043,0.30000001192092896,-0.13370122015476227,7.246772766113281
HalfCheetah-v5,D_eps,2,51,208000,20.541341612813994,1074.1627485682257,194.7292477480994,15.73823809366373,0.12561726570129395,7.081993579864502,130.79434204101562,0.013317540287971497,0.30000001192092896,-0.16095876693725586,7.063613414764404
HalfCheetah-v5,D_eps,2,52,212000,20.207499648910016,1094.3702482171357,197.94631050337583,-93.12438734664599,0.41483116149902344,8.245929718017578,475.559814453125,0.015510517172515392,0.30000001192092896,-0.04670332372188568,8.844017028808594
HalfCheetah-v5,D_eps,2,53,216000,20.27054062206298,1114.6407888391986,197.3307014636944,37.6923287475068,0.2935357689857483,6.982670307159424,100.96959686279297,0.0112595334649086,0.30000001192092896,-0.0038621556013822556,7.00299596786499
HalfCheetah-v5,D_eps,2,54,220000,20.282487106043845,1134.9232759452425,197.214472716616,64.52848374318356,0.2767605781555176,7.886136531829834,177.02902221679688,0.01157506462186575,0.30000001192092896,0.007746020331978798,6.464669704437256
HalfCheetah-v5,D_eps,2,55,224000,20.393819509074092,1155.3170954543166,196.1378543249452,112.60963959168336,0.12317663431167603,7.677821159362793,93.67069244384766,0.013409269042313099,0.30000001192092896,-0.0502072237432003,6.210031986236572
HalfCheetah-v5,D_eps,2,56,228000,20.21642504213378,1175.5335204964504,197.85891875855677,-2.480543933139554,0.23045122623443604,7.9041242599487305,240.38453674316406,0.01272093877196312,0.30000001192092896,-0.02246016636490822,6.792011737823486
HalfCheetah-v5,D_eps,2,57,232000,20.240111632971093,1195.7736321294215,197.6273684915853,102.72972820992837,-0.35799360275268555,7.257160186767578,175.75469970703125,0.012124128639698029,0.30000001192092896,-0.062782883644104,6.196752071380615
HalfCheetah-v5,D_eps,2,58,236000,20.50558814802207,1216.2792202774435,195.0687769170782,144.6766226263876,-0.04568135738372803,7.591691970825195,74.02743530273438,0.013065631501376629,0.30000001192092896,-0.10280545055866241,6.270495414733887
HalfCheetah-v5,D_eps,2,59,240000,20.3130383270327,1236.5922586044762,196.91785815599917,153.72468860544151,0.22719043493270874,7.475360870361328,53.71814727783203,0.014501514844596386,0.30000001192092896,0.15111956000328064,5.943154335021973
HalfCheetah-v5,D_eps,2,60,244000,20.795474622864276,1257.3877332273405,192.34954106803926,5.177406420441258,0.47683072090148926,7.857816696166992,463.5645446777344,0.017250068485736847,0.30000001192092896,-0.12539447844028473,7.448337078094482
HalfCheetah-v5,D_eps,2,61,248000,21.62096949503757,1279.008702722378,185.00557992638014,184.03858038611432,-0.39166152477264404,7.483577251434326,105.12998962402344,0.012690875679254532,0.30000001192092896,-0.07202542573213577,5.7514824867248535
HalfCheetah-v5,D_eps,2,62,252000,20.399670528015122,1299.4083732503932,196.08159820555682,-46.83400355704936,0.5806808471679688,8.076869010925293,438.6325378417969,0.01255362294614315,0.30000001192092896,-0.15688936412334442,7.405304908752441
HalfCheetah-v5,D_eps,2,63,256000,20.300034213112667,1319.7084074635059,197.04400288233148,190.28389046005586,0.22158735990524292,7.167362213134766,66.87351989746094,0.01325977686792612,0.30000001192092896,0.06621599942445755,5.353705883026123
HalfCheetah-v5,D_eps,2,64,260000,20.24249322502874,1339.9509006885346,197.60411701925227,15.59046267881142,0.5343642234802246,9.026595115661621,646.079345703125,0.014663963578641415,0.30000001192092896,-0.11381691694259644,7.759011268615723
HalfCheetah-v5,D_eps,2,65,264000,20.322204981930554,1360.2731056704652,196.82903521328475,250.92586631627333,-1.0,6.656219959259033,119.58720397949219,0.013487301766872406,0.30000001192092896,-0.1619432121515274,5.433362007141113
HalfCheetah-v5,D_eps,2,66,268000,20.8406438480597,1381.1137495185249,191.9326499297385,192.76275464827268,0.25884926319122314,7.989063262939453,108.32266235351562,0.012461382895708084,0.30000001192092896,-0.060228295624256134,5.648571968078613
HalfCheetah-v5,D_eps,2,67,272000,21.531780483201146,1402.645530001726,185.7719106471829,204.63333201071475,-0.021438956260681152,7.739768981933594,117.84033203125,0.013720273040235043,0.30000001192092896,0.004958540201187134,5.825551509857178
HalfCheetah-v5,D_eps,2,68,276000,20.542920549865812,1423.1884505515918,194.7142807805937,266.82291939396833,-0.7553560733795166,7.461416721343994,77.51354217529297,0.013235707767307758,0.30000001192092896,0.08318082243204117,5.302274703979492
HalfCheetah-v5,D_eps,2,69,280000,20.913943219929934,1444.1023937715217,191.25996269265002,59.716373588098854,0.658035397529602,7.4334211349487305,460.454345703125,0.0168561190366745,0.30000001192092896,-0.13139422237873077,7.505114555358887
HalfCheetah-v5,D_eps,2,70,284000,20.141843558987603,1464.2442373305093,198.5915533642966,272.1580442856058,0.1894986629486084,7.911063194274902,118.95698547363281,0.01276552677154541,0.30000001192092896,0.005667053163051605,5.391157627105713
HalfCheetah-v5,D_eps,2,71,288000,20.47782479505986,1484.7220621255692,195.33324657436143,116.08473022680779,-0.02470707893371582,8.86801815032959,965.7050170898438,0.01719454489648342,0.30000001192092896,0.04278647527098656,4.689233779907227
HalfCheetah-v5,D_eps,2,72,292000,20.68813085113652,1505.4101929767057,193.3475783183311,285.19707662334366,0.020352602005004883,8.060750007629395,211.85519409179688,0.012515153735876083,0.30000001192092896,-0.08105989545583725,5.449709892272949
HalfCheetah-v5,D_eps,2,73,296000,20.492881746031344,1525.903074722737,195.18972731956748,62.49307445118629,0.7589328289031982,8.060087203979492,273.1046447753906,0.015860792249441147,0.30000001192092896,-0.3435916602611542,7.137912750244141
HalfCheetah-v5,D_eps,2,74,300000,20.876218233956024,1546.779292956693,191.60558465008936,334.8904149349223,-1.0,7.913089275360107,334.753173828125,0.015459149144589901,0.30000001192092896,-0.20577716827392578,5.119406223297119
HalfCheetah-v5,D_kl,0,0,4000,21.703123742016032,21.703123742016032,184.30526626248846,-282.5279615793039,0.06488734483718872,9.348822593688965,758.2611694335938,0.0,,0.04951205849647522,8.705366134643555
HalfCheetah-v5,D_kl,0,1,8000,22.268629065016285,43.97175280703232,179.62488792289176,-356.52574255339795,0.05409961938858032,9.705836296081543,1049.9945068359375,0.0,,-0.15219488739967346,8.631534576416016
HalfCheetah-v5,D_kl,0,2,12000,20.547408863902092,64.51916167093441,194.6717479802158,-325.7212247379038,0.08222514390945435,9.244915962219238,785.7000732421875,0.0,,-0.07729077339172363,8.598286628723145
HalfCheetah-v5,D_kl,0,3,16000,21.08434730884619,85.6035089797806,189.71419610042906,-277.662959007401,0.05572235584259033,9.41887378692627,770.666748046875,0.0,,0.052670735865831375,8.63258171081543
HalfCheetah-v5,D_kl,0,4,20000,21.064268118934706,106.6677770987153,189.89503824271935,-344.3907098261702,-0.04463350772857666,9.211404800415039,879.900634765625,0.0,,-0.05919208750128746,8.602906227111816
HalfCheetah-v5,D_kl,0,5,24000,20.509340955177322,127.17711805389263,195.03308315668968,-349.99437087102456,-0.09436357021331787,9.706645965576172,692.7867431640625,0.0,,-0.01634715311229229,8.534795761108398
HalfCheetah-v5,D_kl,0,6,28000,20.274487035814673,147.4516050897073,197.2922911901071,-372.43459697965886,-0.9518445730209351,9.362773895263672,879.087158203125,0.0,,-0.05525700002908707,8.645499229431152
HalfCheetah-v5,D_kl,0,7,32000,20.180026655085385,167.63163174479268,198.21579368389965,-330.4070164374297,-1.0,7.429306983947754,248.1663360595703,0.0,,0.041095636785030365,8.646341323852539
HalfCheetah-v5,D_kl,0,8,36000,20.537197567988187,188.16882931278087,194.76854068127065,-298.7975132105378,0.11096131801605225,7.326719284057617,81.75897979736328,0.0,,-0.09648138284683228,8.346449851989746
HalfCheetah-v5,D_kl,0,9,40000,20.20104073290713,208.369870045688,198.00960024223266,-330.90879777101543,-1.0,8.608785629272461,1194.458740234375,0.0,,-0.013785623013973236,9.316844940185547
HalfCheetah-v5,D_kl,0,10,44000,20.305471929023042,228.67534197471105,196.99123536659667,-294.39242164878647,-0.25136446952819824,7.9152140617370605,581.393798828125,0.0,,-0.0023162253201007843,8.581904411315918
HalfCheetah-v5,D_kl,0,11,48000,20.444805677048862,249.1201476517599,195.64871699858514,-272.1119877616258,0.39246368408203125,7.191530227661133,44.498809814453125,0.0,,0.06910349428653717,7.709352970123291
HalfCheetah-v5,D_kl,0,12,52000,21.088636035099626,270.20878368685953,189.67561455100542,-250.82494725296266,-0.5126140117645264,8.037915229797363,139.4489288330078,0.0,,0.045079078525304794,7.907855033874512
HalfCheetah-v5,D_kl,0,13,56000,20.358716304879636,290.56749999173917,196.47604201062856,-211.00104099357603,0.10831218957901001,7.944211959838867,87.07903289794922,0.0,,-0.09381376951932907,7.680140018463135
HalfCheetah-v5,D_kl,0,14,60000,20.403503256849945,310.9710032485891,196.04476494285873,-309.39630900743896,-1.0,7.666809558868408,301.461181640625,0.0,,-0.14594262838363647,8.511703491210938
HalfCheetah-v5,D_kl,0,15,64000,20.603442549938336,331.57444579852745,194.14231336849926,-254.0943560781891,0.24147218465805054,7.636443614959717,69.16194152832031,0.0,,-0.2674790024757385,7.569721221923828
HalfCheetah-v5,D_kl,0,16,68000,20.388292104005814,351.96273790253326,196.1910286352085,-261.4686239163259,0.11478054523468018,7.25297737121582,174.5272674560547,0.0,,-0.1295863837003708,7.716292858123779
HalfCheetah-v5,D_kl,0,17,72000,20.348268089117482,372.31100599165075,196.57692647263931,-242.3407580727499,-0.10769593715667725,7.160528182983398,55.38187789916992,0.0,,-0.07567702233791351,7.277292251586914
HalfCheetah-v5,D_kl,0,18,76000,20.372178454883397,392.68318444653414,196.34620857354426,-240.6592706846594,-0.21527862548828125,8.241544723510742,148.28713989257812,0.0,,-0.0239068865776062,7.483831882476807
HalfCheetah-v5,D_kl,0,19,80000,20.717411086894572,413.4005955334287,193.0743172118799,-223.81254562642133,-0.05242621898651123,7.488562107086182,154.93397521972656,0.0,,-0.100584976375103,7.746773719787598
HalfCheetah-v5,D_kl,0,20,84000,20.190085272071883,433.5906808055006,198.11704339520725,-172.36663903920524,-0.2132279872894287,7.975027561187744,151.94216918945312,0.0,,-0.057070981711149216,7.259198188781738
HalfCheetah-v5,D_kl,0,21,88000,21.674058323027566,455.26473912852816,184.55242393392504,-191.93036714745546,-0.36827564239501953,6.2312116622924805,64.34349822998047,0.0,,-0.059655360877513885,6.749734401702881
HalfCheetah-v5,D_kl,0,22,92000,20.25474918796681,475.51948831649497,197.48454858065432,-180.7482960432107,-0.10470008850097656,8.245494842529297,169.3538055419922,0.0,,0.0614641010761261,7.218500137329102
HalfCheetah-v5,D_kl,0,23,96000,20.477628303924575,495.99711662041955,195.33512087595577,-114.70557484225344,-0.022675395011901855,7.638799667358398,94.94611358642578,0.0,,-0.07422122359275818,6.858968257904053
HalfCheetah-v5,D_kl,0,24,100000,20.54113527503796,516.5382518954575,194.7312038230374,-167.2599325546247,-0.26499056816101074,8.08722972869873,632.4566650390625,0.0,,-0.043092064559459686,8.319509506225586
HalfCheetah-v5,D_kl,0,25,104000,21.27444704901427,537.8126989444718,188.01898779246233,-110.16116978244227,-0.03561544418334961,8.215338706970215,125.20246887207031,0.0,,-0.029977530241012573,6.843015670776367
HalfCheetah-v5,D_kl,0,26,108000,21.350765540031716,559.1634644845035,187.3469123390532,-47.94552728162128,0.04809987545013428,7.919283866882324,58.42750930786133,0.0,,-0.008101502433419228,6.042267322540283
HalfCheetah-v5,D_kl,0,27,112000,20.79176994296722,579.9552344274707,192.38381393080934,-60.746010114157784,0.008858740329742432,7.593000888824463,51.72029113769531,0.0,,-0.0857163742184639,6.32658576965332
HalfCheetah-v5,D_kl,0,28,116000,20.562433801125735,600.5176682285964,194.52950164785508,-12.236244005220861,-0.030022501945495605,7.901810646057129,86.23876953125,0.0,,-0.07088875025510788,6.870114803314209
HalfCheetah-v5,D_kl,0,29,120000,20.462309052003548,620.9799772806,195.48135989121639,-1.4409320056236226,0.09785830974578857,7.645229339599609,73.91674041748047,0.0,,-0.07496129721403122,6.085748195648193
HalfCheetah-v5,D_kl,0,30,124000,21.117598593933508,642.0975758745335,189.4154764902619,28.408409396608754,0.11516129970550537,8.032578468322754,203.3318328857422,0.0,,-0.05653270334005356,6.196087837219238
HalfCheetah-v5,D_kl,0,31,128000,20.923405984183773,663.0209818587173,191.17346396775184,-57.46740996774421,0.30491262674331665,8.075545310974121,472.25653076171875,0.0,,0.0638645738363266,8.151819229125977
HalfCheetah-v5,D_kl,0,32,132000,20.66589400707744,683.6868758657947,193.55562351331724,159.033831918204,0.00226438045501709,8.471389770507812,125.98889923095703,0.0,,-0.19177713990211487,6.146468639373779
HalfCheetah-v5,D_kl,0,33,136000,20.558923020027578,704.2457988858223,194.56272082459668,76.99270258341237,0.25992465019226074,7.584921836853027,197.13140869140625,0.0,,-0.07148683071136475,5.707088470458984
HalfCheetah-v5,D_kl,0,34,140000,20.627683310071006,724.8734821958933,193.9141657292697,130.22872755824724,0.08833783864974976,8.44737720489502,182.4935302734375,0.0,,-0.03962542489171028,5.8168158531188965
HalfCheetah-v5,D_kl,0,35,144000,20.90649405005388,745.7799762459472,191.32811031937186,-74.9440509574463,0.6426496505737305,8.1019287109375,525.1082153320312,0.0,,-0.09087998420000076,9.406852722167969
HalfCheetah-v5,D_kl,0,36,148000,21.22878096299246,767.0087572089396,188.42344301225248,155.0376880322624,0.3738187551498413,7.75864315032959,97.78367614746094,0.0,,-0.13093842566013336,5.41246223449707
HalfCheetah-v5,D_kl,0,37,152000,21.28018965316005,788.2889468620997,187.96824958775736,235.6891417804717,-0.025347113609313965,8.770377159118652,137.04022216796875,0.0,,0.003485390916466713,4.86238956451416
HalfCheetah-v5,D_kl,0,38,156000,21.41562717105262,809.7045740331523,186.7794936870575,181.3410239046516,0.658392071723938,8.770431518554688,152.3771514892578,0.0,,-0.16511507332324982,6.281752586364746
HalfCheetah-v5,D_kl,0,39,160000,20.884368831990287,830.5889428651426,191.53080623020193,261.1964644022851,-0.3840066194534302,8.621408462524414,291.2698974609375,0.0,,-0.2520830035209656,5.458331108093262
HalfCheetah-v5,D_kl,0,40,164000,20.54176732013002,851.1307101852726,194.72521218172778,44.96649096297685,0.7002371549606323,8.840506553649902,533.3895263671875,0.0,,0.035515040159225464,10.043582916259766
HalfCheetah-v5,D_kl,0,41,168000,20.554521593032405,871.685231778305,194.60438336623338,101.0381377813733,0.7417560815811157,8.508241653442383,402.6448974609375,0.0,,-0.1767202764749527,7.757771015167236
HalfCheetah-v5,D_kl,0,42,172000,20.80986189399846,892.4950936723035,192.21655676405982,295.6348017116685,0.14663761854171753,8.777093887329102,227.9448699951172,0.0,,-0.1970439851284027,5.651230335235596
HalfCheetah-v5,D_kl,0,43,176000,20.82717929012142,913.3222729624249,192.05673242066186,319.50417681888257,-0.0929410457611084,7.876679420471191,149.44418334960938,0.0,,-0.07271607965230942,4.875489234924316
HalfCheetah-v5,D_kl,0,44,180000,20.877647530985996,934.1999204934109,191.5924672098864,186.9308639422498,0.8328288793563843,9.015410423278809,274.75115966796875,0.0,,-0.05255766585469246,8.48729133605957
HalfCheetah-v5,D_kl,0,45,184000,20.47151502291672,954.6714355163276,195.3934525862997,122.31419563229557,0.8392772674560547,7.910463333129883,276.66796875,0.0,,-0.12702682614326477,7.170841693878174
HalfCheetah-v5,D_kl,0,46,188000,20.52783470484428,975.1992702211719,194.85737572974787,388.57227581847883,0.4454305171966553,8.258935928344727,243.1512451171875,0.0,,-0.10690021514892578,4.432158470153809
HalfCheetah-v5,D_kl,0,47,192000,21.15032262704335,996.3495928482153,189.12241059081984,375.2725495116111,-0.16318368911743164,7.918557643890381,139.91551208496094,0.0,,0.013141091912984848,4.105148792266846
HalfCheetah-v5,D_kl,0,48,196000,20.369171318830922,1016.7187641670462,196.37519550449625,330.9323707223324,-0.008806943893432617,8.984127044677734,431.8004150390625,0.0,,-0.3437867760658264,5.028618812561035
HalfCheetah-v5,D_kl,0,49,200000,21.522129787132144,1038.2408939541783,185.8552122658213,377.5543105758601,-1.0,7.276073455810547,258.5512390136719,0.0,,-0.1127302497625351,4.301383972167969
HalfCheetah-v5,D_kl,0,50,204000,20.66769087384455,1058.9085848280229,193.53879562143513,413.3620180002016,-0.5584027767181396,8.329253196716309,188.8043975830078,0.0,,-0.04710674285888672,3.8916149139404297
HalfCheetah-v5,D_kl,0,51,208000,20.52992782695219,1079.438512654975,194.83750910944278,295.9047973952318,0.5855213403701782,8.734251022338867,281.8354797363281,0.0,,-0.047116585075855255,5.548140048980713
HalfCheetah-v5,D_kl,0,52,212000,21.166091388091445,1100.6046040430665,188.98151418974297,386.31712473759904,-0.9723836183547974,7.698026180267334,154.20849609375,0.0,,0.10976631939411163,4.436702728271484
HalfCheetah-v5,D_kl,0,53,216000,21.617418851004913,1122.2220228940714,185.03596694727756,389.5203735047479,-1.0,8.195613861083984,241.13905334472656,0.0,,-0.23329780995845795,4.786007404327393
HalfCheetah-v5,D_kl,0,54,220000,20.519831763813272,1142.7418546578847,194.93337206857615,396.77517999154776,-0.6232483386993408,8.630290985107422,408.1610412597656,0.0,,-0.075206458568573,4.954407215118408
HalfCheetah-v5,D_kl,0,55,224000,20.488666714867577,1163.2305213727523,195.22988272816232,317.71862713788875,-0.4615746736526489,8.117786407470703,389.231689453125,0.0,,-0.20439288020133972,4.92853307723999
HalfCheetah-v5,D_kl,0,56,228000,21.232110810931772,1184.462632183684,188.39389242168616,314.5159273433016,0.18564194440841675,8.348620414733887,379.9482116699219,0.0,,0.012783516198396683,5.1890974044799805
HalfCheetah-v5,D_kl,0,57,232000,20.46366364718415,1204.9262958308682,195.46841997427035,131.77363605575744,0.8171857595443726,8.1912260055542,315.1358337402344,0.0,,-0.07375713437795639,8.152552604675293
HalfCheetah-v5,D_kl,0,58,236000,20.93460099818185,1225.86089682905,191.0712318017141,400.7079731653403,-0.3450617790222168,8.075368881225586,174.2628173828125,0.0,,-0.007122484501451254,4.884824752807617
HalfCheetah-v5,D_kl,0,59,240000,20.382282763021067,1246.243179592071,196.2488719495676,412.50524926939937,-0.26451539993286133,8.648733139038086,276.9939270019531,0.0,,-0.13873599469661713,4.965275287628174
HalfCheetah-v5,D_kl,0,60,244000,21.231427408987656,1267.4746070010588,188.39995648652084,462.22081036575116,0.2067103385925293,8.576565742492676,116.25238037109375,0.0,,0.07260020822286606,4.679787635803223
HalfCheetah-v5,D_kl,0,61,248000,20.748634880874306,1288.223241881933,192.78376736423866,353.20551165178045,-1.0,7.913476943969727,333.9383544921875,0.0,,-0.1095934510231018,5.020349502563477
HalfCheetah-v5,D_kl,0,62,252000,20.567609245190397,1308.7908511271235,194.48055203282192,440.5826623718451,-1.0,8.242085456848145,423.078125,0.0,,-0.19570614397525787,4.755854606628418
HalfCheetah-v5,D_kl,0,63,256000,20.471564322011545,1329.262415449135,195.39298204481122,423.1005327728676,-1.0,8.296624183654785,397.8354797363281,0.0,,-0.17612110078334808,5.235915184020996
HalfCheetah-v5,D_kl,0,64,260000,20.776192975929007,1350.038608425064,192.5280538467438,392.59606893938525,-0.2351686954498291,8.515316009521484,448.84210205078125,0.0,,0.03094259649515152,5.179008483886719
HalfCheetah-v5,D_kl,0,65,264000,20.46146260504611,1370.5000710301101,195.48944653709844,419.2250159732308,-1.0,8.555492401123047,281.85400390625,0.0,,-0.04503551498055458,5.029854774475098
HalfCheetah-v5,D_kl,0,66,268000,20.36463954602368,1390.8647105761338,196.41889516188485,416.81515119952996,-1.0,8.680130004882812,291.9971618652344,0.0,,-0.14509505033493042,4.983720302581787
HalfCheetah-v5,D_kl,0,67,272000,20.723968104925007,1411.5886786810588,193.01322892160834,415.87663006251313,-0.41466498374938965,7.853001117706299,173.2164306640625,0.0,,0.04629513621330261,4.880514144897461
HalfCheetah-v5,D_kl,0,68,276000,21.812805400928482,1433.4014840819873,183.37852130793485,392.42819938325846,-1.0,7.919683933258057,184.00221252441406,0.0,,-0.06076844781637192,5.060764789581299
HalfCheetah-v5,D_kl,0,69,280000,20.653823820175603,1454.055307902163,193.6687382843179,378.85780481589,-0.554175853729248,8.545516014099121,284.03216552734375,0.0,,-0.026116590946912766,4.9673542976379395
HalfCheetah-v5,D_kl,0,70,284000,20.55518130492419,1474.610489207087,194.59813760152832,365.49625554155193,-0.2673218250274658,7.856033802032471,371.4108581542969,0.0,,-0.37948647141456604,5.2573957443237305
HalfCheetah-v5,D_kl,0,71,288000,20.303352074930444,1494.9138412820175,197.01180303812976,349.4312656483204,-0.28070998191833496,7.942634105682373,399.52783203125,0.0,,-0.20858444273471832,5.323787689208984
HalfCheetah-v5,D_kl,0,72,292000,20.423986018868163,1515.3378273008857,195.84815600170825,351.89602301518266,-0.3380953073501587,7.832664489746094,350.73211669921875,0.0,,-0.12088988721370697,5.315959930419922
HalfCheetah-v5,D_kl,0,73,296000,20.677360957022756,1536.0151882579084,193.44828425222514,352.6568992689398,0.2869965434074402,8.758541107177734,191.16636657714844,0.0,,0.11600461602210999,5.227140426635742
HalfCheetah-v5,D_kl,0,74,300000,20.75612954609096,1556.7713178039994,192.7141566117912,345.1034525536807,-1.0,8.284698486328125,278.7113342285156,0.0,,-0.1553787738084793,5.137050628662109
HalfCheetah-v5,D_kl,1,0,4000,19.484192250063643,19.484192250063643,205.29462800732395,-316.2294045140139,-0.013968706130981445,9.686698913574219,953.6106567382812,0.0,,-0.21156196296215057,8.592650413513184
HalfCheetah-v5,D_kl,1,1,8000,19.77418275619857,39.25837500626221,202.28396031922628,-258.5095346136145,-0.008642911911010742,9.382122039794922,895.5826416015625,0.0,,-0.04114479944109917,8.423840522766113
HalfCheetah-v5,D_kl,1,2,12000,19.37337937904522,58.63175438530743,206.46888298313667,-282.1157842800573,0.05623733997344971,9.638725280761719,948.792724609375,0.0,,-0.09089116752147675,8.543571472167969
HalfCheetah-v5,D_kl,1,3,16000,19.1929306818638,77.82468506717123,208.41006859779714,-266.16215246540924,0.13849562406539917,9.210553169250488,534.1233520507812,0.0,,-0.14533935487270355,8.495590209960938
HalfCheetah-v5,D_kl,1,4,20000,19.432735356036574,97.2574204232078,205.8382377320567,-232.89857552821442,0.21610909700393677,9.50173282623291,410.9560546875,0.0,,-0.07218511402606964,8.725884437561035
HalfCheetah-v5,D_kl,1,5,24000,19.920295557007194,117.177715980215,200.80023353834997,-278.7970028009921,-0.05016434192657471,9.355427742004395,690.879638671875,0.0,,-0.10181421041488647,8.566366195678711
HalfCheetah-v5,D_kl,1,6,28000,19.776943750912324,136.95465973112732,202.2557201142607,-314.80302473411643,-0.014371752738952637,9.240410804748535,877.2463989257812,0.0,,-0.22575505077838898,8.3150053024292
HalfCheetah-v5,D_kl,1,7,32000,19.708040695171803,156.66270042629912,202.96284455003914,-214.0778778324535,-0.0017871856689453125,8.996496200561523,332.1355285644531,0.0,,-0.21496959030628204,7.78673791885376
HalfCheetah-v5,D_kl,1,8,36000,19.49920400395058,176.1619044302497,205.13657886699332,-260.3221397258026,-0.07458806037902832,8.335274696350098,697.2164306640625,0.0,,0.08881641179323196,8.102397918701172
HalfCheetah-v5,D_kl,1,9,40000,19.71952296909876,195.88142739934847,202.84466344688718,-73.6964082766842,0.062499284744262695,7.759074687957764,182.3153076171875,0.0,,-0.1696016937494278,7.476530075073242
HalfCheetah-v5,D_kl,1,10,44000,19.78375158808194,215.6651789874304,202.1861213830478,-211.30862829054286,0.36405879259109497,9.033881187438965,339.580322265625,0.0,,0.14343774318695068,8.732467651367188
HalfCheetah-v5,D_kl,1,11,48000,20.390764319105074,236.05594330653548,196.16724206126057,-166.9612758603927,0.24386727809906006,9.012711524963379,484.5852966308594,0.0,,-0.10332649201154709,7.88304328918457
HalfCheetah-v5,D_kl,1,12,52000,19.786655359901488,255.84259866643697,202.1564497507837,-181.479743073708,0.30399298667907715,8.210840225219727,351.9662170410156,0.0,,-0.10663215070962906,7.912600517272949
HalfCheetah-v5,D_kl,1,13,56000,19.417694174917415,275.2602928413544,205.99768252437278,-108.38205552352875,-0.01922750473022461,8.935286521911621,532.818115234375,0.0,,0.1962880939245224,7.498529434204102
HalfCheetah-v5,D_kl,1,14,60000,19.38855413882993,294.6488469801843,206.30728683316835,-140.8283646220686,-0.013408184051513672,8.755971908569336,428.04327392578125,0.0,,-0.051204755902290344,7.1826090812683105
HalfCheetah-v5,D_kl,1,15,64000,19.480489830020815,314.12933681020513,205.33364586324296,-317.07759139797986,0.20478975772857666,9.449586868286133,622.4105834960938,0.0,,0.015909597277641296,9.101250648498535
HalfCheetah-v5,D_kl,1,16,68000,19.593610130948946,333.7229469411541,204.14818776463397,-44.511328794534506,0.11029314994812012,8.199361801147461,207.28842163085938,0.0,,0.0993833988904953,6.959554195404053
HalfCheetah-v5,D_kl,1,17,72000,19.55001801205799,353.27296495321207,204.60339205482543,-34.73571618967186,0.13219505548477173,8.755969047546387,302.8459777832031,0.0,,0.07644382119178772,7.139235496520996
HalfCheetah-v5,D_kl,1,18,76000,19.380692485021427,372.6536574382335,206.39097406304973,-78.82972996530762,0.2900876998901367,9.096732139587402,251.26353454589844,0.0,,-0.08052383363246918,7.208971977233887
HalfCheetah-v5,D_kl,1,19,80000,19.655114135006443,392.30877157323994,203.50937534755195,-107.62381321455976,0.4001181721687317,9.429156303405762,417.5701599121094,0.0,,-0.059591442346572876,8.015883445739746
HalfCheetah-v5,D_kl,1,20,84000,19.592480964027345,411.9012525372673,204.15995336905905,-147.757230824074,0.07827478647232056,9.131040573120117,529.4642333984375,0.0,,0.043740708380937576,6.900738716125488
HalfCheetah-v5,D_kl,1,21,88000,20.00034922803752,431.9016017653048,199.99650778060382,-71.09519390240419,0.08592808246612549,8.934490203857422,471.50250244140625,0.0,,-0.09315547347068787,7.696150779724121
HalfCheetah-v5,D_kl,1,22,92000,20.113527186913416,452.0151289522182,198.87113596875957,-32.98939531845983,-0.07930362224578857,9.187005996704102,365.4942321777344,0.0,,-0.1971520334482193,6.612555503845215
HalfCheetah-v5,D_kl,1,23,96000,19.82717665610835,471.84230560832657,201.7432975646425,6.372400754257528,0.07379388809204102,8.336569786071777,235.52304077148438,0.0,,0.06835438311100006,6.680543422698975
HalfCheetah-v5,D_kl,1,24,100000,19.732988697942346,491.5752943062689,202.70624289249704,-67.08937365029651,0.5488882064819336,9.344091415405273,260.309814453125,0.0,,-0.05552827566862106,7.336078643798828
HalfCheetah-v5,D_kl,1,25,104000,19.99795921612531,511.5732535223942,200.02040992135883,74.67664946858577,-0.194344162940979,8.7957124710083,341.9585266113281,0.0,,-0.0764029398560524,6.479030132293701
HalfCheetah-v5,D_kl,1,26,108000,19.733820972964168,531.3070744953584,202.6976937451749,68.1571767887147,0.030908286571502686,8.225831985473633,249.80877685546875,0.0,,0.009893402457237244,6.64141845703125
HalfCheetah-v5,D_kl,1,27,112000,19.71661174716428,551.0236862425227,202.87461412203828,7.100517427535472,0.008984625339508057,9.079645156860352,357.77227783203125,0.0,,-0.20269304513931274,6.744259834289551
HalfCheetah-v5,D_kl,1,28,116000,20.14767569792457,571.1713619404472,198.5340671535647,135.16171292712184,0.11709326505661011,8.750879287719727,244.53164672851562,0.0,,-0.062318354845047,6.395620346069336
HalfCheetah-v5,D_kl,1,29,120000,19.653930912027135,590.8252928524744,203.52162719531174,98.90496015954369,0.19607186317443848,8.288402557373047,297.863037109375,0.0,,-0.1630610078573227,6.38422966003418
HalfCheetah-v5,D_kl,1,30,124000,19.53422168106772,610.3595145335421,204.7688444058532,94.97893735587527,0.1579509973526001,8.630139350891113,305.3114013671875,0.0,,-0.000130336731672287,6.391730308532715
HalfCheetah-v5,D_kl,1,31,128000,19.604918190976605,629.9644327245187,204.03043568123877,188.13041803274947,0.09589976072311401,9.28244400024414,344.92266845703125,0.0,,-0.12311971187591553,6.164188861846924
HalfCheetah-v5,D_kl,1,32,132000,19.750345821026713,649.7147785455454,202.52809931770915,169.43172611457805,-0.10460865497589111,8.99791145324707,377.8363342285156,0.0,,0.029681188985705376,6.26870584487915
HalfCheetah-v5,D_kl,1,33,136000,19.549910578178242,669.2646891237237,204.60451642499225,216.00712635756426,-0.04123032093048096,9.253286361694336,379.60968017578125,0.0,,-0.022598247975111008,6.12863302230835
HalfCheetah-v5,D_kl,1,34,140000,19.861515722004697,689.1262048457284,201.39449858644852,126.55815093718692,0.03908741474151611,8.609597206115723,436.359130859375,0.0,,-0.11207055300474167,6.290485858917236
HalfCheetah-v5,D_kl,1,35,144000,19.826090624090284,708.9522954698186,201.75434864297858,255.2254090942194,-0.030174612998962402,9.080633163452148,242.3944091796875,0.0,,-0.08347679674625397,6.211348533630371
HalfCheetah-v5,D_kl,1,36,148000,19.72749837813899,728.6797938479576,202.76265765316685,217.18129755196418,0.15639722347259521,9.099937438964844,472.4911193847656,0.0,,-0.045733630657196045,6.083265781402588
HalfCheetah-v5,D_kl,1,37,152000,19.69179748906754,748.3715913370252,203.13026285288143,237.9269461842993,-0.10470354557037354,9.264114379882812,491.9673156738281,0.0,,-0.06273762881755829,6.268378257751465
HalfCheetah-v5,D_kl,1,38,156000,19.739985143998638,768.1115764810238,202.63439768677245,169.747062821062,-0.11221849918365479,9.000101089477539,369.4170227050781,0.0,,-0.09159217774868011,5.850708961486816
HalfCheetah-v5,D_kl,1,39,160000,19.73750815493986,787.8490846359637,202.65982760335876,270.61583744459415,-0.17546164989471436,8.95954418182373,372.44476318359375,0.0,,-0.11012071371078491,6.144924163818359
HalfCheetah-v5,D_kl,1,40,164000,19.773750426946208,807.6228350629099,202.28838301453908,327.7011461382079,-0.20808053016662598,9.312627792358398,443.8555603027344,0.0,,-0.22664649784564972,5.648390769958496
HalfCheetah-v5,D_kl,1,41,168000,19.664829347049817,827.2876644099597,203.40883357831393,233.69881707547898,-0.0023970603942871094,8.978246688842773,1317.780517578125,0.0,,-0.04162668436765671,6.167547225952148
HalfCheetah-v5,D_kl,1,42,172000,19.689553678035736,846.9772180879954,203.15341146925616,371.72358857300486,-0.01101541519165039,9.003167152404785,252.2740020751953,0.0,,0.08543761074542999,5.558646202087402
HalfCheetah-v5,D_kl,1,43,176000,19.71701193996705,866.6942300279625,202.87049641086156,325.95690268582604,0.09296524524688721,9.228137969970703,353.2838134765625,0.0,,0.04807623475790024,5.608742713928223
HalfCheetah-v5,D_kl,1,44,180000,19.648851559031755,886.3430815869942,203.57423882931047,374.86093570833833,-0.008786678314208984,9.171952247619629,622.3353271484375,0.0,,-0.1624612957239151,5.425725936889648
HalfCheetah-v5,D_kl,1,45,184000,19.65567557606846,905.9987571630627,203.5035623435988,346.9160686405007,-0.5785512924194336,8.666128158569336,372.46478271484375,0.0,,-0.07931065559387207,5.787605285644531
HalfCheetah-v5,D_kl,1,46,188000,20.51074386294931,926.509501026012,195.01974315156926,444.7549789471034,-0.1748737096786499,9.210063934326172,441.9786071777344,0.0,,-0.12992356717586517,5.076642036437988
HalfCheetah-v5,D_kl,1,47,192000,19.241607940057293,945.7511089660693,207.88283455629383,300.5751910635582,-0.1883333921432495,9.244226455688477,667.8485107421875,0.0,,0.0992162674665451,5.380713939666748
HalfCheetah-v5,D_kl,1,48,196000,19.714616023004055,965.4657249890734,202.89515125897398,445.4540472288586,0.14569830894470215,9.171063423156738,543.36328125,0.0,,-0.21080642938613892,5.208591938018799
HalfCheetah-v5,D_kl,1,49,200000,19.268242144025862,984.7339671330992,207.59548121208368,456.08480458121886,-0.026441335678100586,9.095097541809082,491.2866516113281,0.0,,-0.13098204135894775,5.041922092437744
HalfCheetah-v5,D_kl,1,50,204000,19.42285796510987,1004.1568250982091,205.9429156710807,426.51951987913026,-0.17490696907043457,8.432717323303223,674.7476806640625,0.0,,0.038555409759283066,5.742229461669922
HalfCheetah-v5,D_kl,1,51,208000,19.86624365206808,1024.0230687502772,201.34656908748823,303.4542543896663,0.3835987448692322,8.853738784790039,518.3662109375,0.0,,-0.13447783887386322,5.308980941772461
HalfCheetah-v5,D_kl,1,52,212000,19.700429536867887,1043.723498287145,203.04125818750794,530.3636830350716,-0.06386458873748779,9.408509254455566,653.774658203125,0.0,,-0.16706128418445587,5.253261566162109
HalfCheetah-v5,D_kl,1,53,216000,19.659980318974704,1063.3834786061198,203.45900326967396,591.1771705458345,0.15487265586853027,9.289860725402832,688.3820190429688,0.0,,-0.03272383660078049,4.689114093780518
HalfCheetah-v5,D_kl,1,54,220000,19.719799939077348,1083.103278545197,202.84181443816172,628.9757532405087,-0.17225027084350586,9.333847045898438,835.9871215820312,0.0,,-0.11702136695384979,4.665036678314209
HalfCheetah-v5,D_kl,1,55,224000,19.92795742000453,1103.0312359652016,200.72303024817936,372.2247138028955,0.6134353876113892,8.89306640625,561.9645385742188,0.0,,-0.06180717796087265,5.17064905166626
HalfCheetah-v5,D_kl,1,56,228000,19.860518970061094,1122.8917549352627,201.4046060946259,420.9985125719481,-0.21840786933898926,9.299895286560059,548.5517578125,0.0,,-0.01753295212984085,5.898085594177246
HalfCheetah-v5,D_kl,1,57,232000,19.668752257013693,1142.5605071922764,203.36826392094278,572.1220284684885,-0.015183687210083008,9.04339599609375,608.7929077148438,0.0,,-0.031816545873880386,5.126415252685547
HalfCheetah-v5,D_kl,1,58,236000,20.090238466858864,1162.6507456591353,199.10166853412196,394.7187636722734,0.5870721340179443,9.233729362487793,515.4464111328125,0.0,,-0.10619286447763443,4.766396522521973
HalfCheetah-v5,D_kl,1,59,240000,19.809223818825558,1182.4599694779608,201.926134844245,404.61574283599964,0.6345457434654236,8.390969276428223,607.6325073242188,0.0,,0.050302810966968536,4.431647300720215
HalfCheetah-v5,D_kl,1,60,244000,19.296688119880855,1201.7566575978417,207.28945688244337,496.3132289480413,0.03433138132095337,9.353110313415527,708.9295654296875,0.0,,-0.11354361474514008,4.924910068511963
HalfCheetah-v5,D_kl,1,61,248000,20.082090714015067,1221.8387483118568,199.18244852904905,445.71347326221553,0.7196469306945801,8.190582275390625,543.8823852539062,0.0,,-0.11983248591423035,4.037131309509277
HalfCheetah-v5,D_kl,1,62,252000,19.681814403971657,1241.5205627158284,203.23329536085998,507.22590392279744,0.4186946153640747,8.924782752990723,486.433837890625,0.0,,-0.17597807943820953,4.935222625732422
HalfCheetah-v5,D_kl,1,63,256000,19.730866146972403,1261.2514288628008,202.7280490478508,474.2528870052982,0.5606412887573242,8.782438278198242,722.4348754882812,0.0,,0.03909476846456528,3.7701938152313232
HalfCheetah-v5,D_kl,1,64,260000,19.688260457944125,1280.939689320745,203.16675556707287,610.2777162455425,0.1595037579536438,9.143545150756836,782.2993774414062,0.0,,-0.006014736369252205,3.7986278533935547
HalfCheetah-v5,D_kl,1,65,264000,20.289801785955206,1301.2294911067002,197.14337489333377,550.6530697606634,0.6633210778236389,7.846743106842041,1020.8775634765625,0.0,,-0.20967820286750793,3.4578728675842285
HalfCheetah-v5,D_kl,1,66,268000,19.470280415844172,1320.6997715225443,205.44131438111967,377.09471164685505,0.8213990926742554,7.702593803405762,348.0439758300781,0.0,,0.0014638174325227737,3.4433789253234863
HalfCheetah-v5,D_kl,1,67,272000,20.12898800219409,1340.8287595247384,198.71838562196936,708.7513343119768,-0.05118453502655029,9.432491302490234,697.0489501953125,0.0,,-0.09196706116199493,3.6921401023864746
HalfCheetah-v5,D_kl,1,68,276000,19.705700705992058,1360.5344602307305,202.98694574122354,681.4922903846841,0.7680884599685669,8.245203971862793,1231.7447509765625,0.0,,-0.12676945328712463,3.6766490936279297
HalfCheetah-v5,D_kl,1,69,280000,19.54462919314392,1380.0790894238744,204.65980502731483,775.715279226584,0.007462024688720703,9.362570762634277,839.4501342773438,0.0,,0.010412858799099922,4.25863790512085
HalfCheetah-v5,D_kl,1,70,284000,19.536508948076516,1399.615598371951,204.74487077660942,784.6986103659483,0.4695868492126465,9.358981132507324,1152.432373046875,0.0,,0.028507620096206665,3.5658278465270996
HalfCheetah-v5,D_kl,1,71,288000,19.6343149500899,1419.2499133220408,203.72495858235607,765.692584827588,0.04069852828979492,9.390151023864746,645.7291259765625,0.0,,0.07133036851882935,4.028076171875
HalfCheetah-v5,D_kl,1,72,292000,20.03602285985835,1439.2859361818992,199.64041905811038,501.4073223502937,0.7301136255264282,7.8983588218688965,961.3435668945312,0.0,,-0.14085352420806885,3.6073343753814697
HalfCheetah-v5,D_kl,1,73,296000,19.65467964997515,1458.9406158318743,203.51387411216632,430.20153656130293,0.5477865934371948,8.12148380279541,832.3480224609375,0.0,,-0.09881261736154556,4.0996856689453125
HalfCheetah-v5,D_kl,1,74,300000,19.64779459591955,1478.5884104277939,203.58519020911993,767.740217352439,0.7181317806243896,8.714178085327148,1315.913818359375,0.0,,-0.1907532513141632,2.780006170272827
HalfCheetah-v5,D_kl,2,0,4000,19.88391730701551,19.88391730701551,201.16760385986453,-348.1194117677096,0.027402937412261963,10.0,1215.8773193359375,0.0,,0.05271628499031067,8.533467292785645
HalfCheetah-v5,D_kl,2,1,8000,20.320399392861873,40.20431669987738,196.84652465074655,-397.7052231050292,-0.0016156435012817383,9.742186546325684,1582.720947265625,0.0,,-0.04120244085788727,8.033659934997559
HalfCheetah-v5,D_kl,2,2,12000,19.761574467876926,59.96589116775431,202.41302161941238,-299.25757537261813,-0.021354198455810547,9.480161666870117,646.580810546875,0.0,,0.043589480221271515,8.248679161071777
HalfCheetah-v5,D_kl,2,3,16000,19.80068629188463,79.76657745963894,202.01319999900264,-313.66519907181464,0.051914095878601074,9.564148902893066,687.1517944335938,0.0,,-0.05901537090539932,8.186031341552734
HalfCheetah-v5,D_kl,2,4,20000,19.658550067106262,99.4251275267452,203.47380586796245,-316.89189952912875,0.020553946495056152,9.289752006530762,663.1318969726562,0.0,,-0.17580249905586243,8.114028930664062
HalfCheetah-v5,D_kl,2,5,24000,19.08639656798914,118.51152409473434,209.5733464277182,-309.5977145197189,-0.3243933916091919,6.994892597198486,80.93214416503906,0.0,,0.05724267661571503,8.23249626159668
HalfCheetah-v5,D_kl,2,6,28000,19.22973229503259,137.74125638976693,208.01121610170708,-285.65736175081804,-0.6815851926803589,8.209256172180176,257.8656921386719,0.0,,0.058736540377140045,8.22047233581543
HalfCheetah-v5,D_kl,2,7,32000,19.59540095203556,157.3366573418025,204.129530688908,-253.78605777246466,-0.6696892976760864,8.32304573059082,268.24139404296875,0.0,,-0.05116180330514908,8.189361572265625
HalfCheetah-v5,D_kl,2,8,36000,19.680277477949858,177.01693481975235,203.24916681086805,-253.33170384043146,0.36567068099975586,7.645048141479492,113.32935333251953,0.0,,-0.1643071323633194,8.006412506103516
HalfCheetah-v5,D_kl,2,9,40000,19.59396881586872,196.61090363562107,204.14445065159484,-289.34557126692374,-0.5180495977401733,7.008369445800781,178.02554321289062,0.0,,0.04464714974164963,7.9746599197387695
HalfCheetah-v5,D_kl,2,10,44000,19.764089492848143,216.3749931284692,202.38726410581398,-259.4428722771242,0.0009747147560119629,6.908512115478516,61.06364440917969,0.0,,-0.1725139617919922,7.9838151931762695
HalfCheetah-v5,D_kl,2,11,48000,19.871625859988853,236.24661898845807,201.29203459158947,-276.99994306337834,-0.6038950681686401,7.6706624031066895,232.5852813720703,0.0,,0.03805329650640488,8.432607650756836
HalfCheetah-v5,D_kl,2,12,52000,19.533713947981596,255.78033293643966,204.77416689176596,-244.85524794865705,-0.06699609756469727,7.107827186584473,58.55149841308594,0.0,,-0.2151455283164978,7.798184871673584
HalfCheetah-v5,D_kl,2,13,56000,19.991972181014717,275.7723051174544,200.08031042573086,-216.94018175705472,-0.07122421264648438,7.774507522583008,109.31932067871094,0.0,,-0.08081106096506119,7.488323211669922
HalfCheetah-v5,D_kl,2,14,60000,20.172595117939636,295.944900235394,198.28881592149594,-193.2828880920173,0.04010570049285889,6.798287391662598,101.5121078491211,0.0,,-0.05843636021018028,7.796180725097656
HalfCheetah-v5,D_kl,2,15,64000,19.65283646201715,315.59773669741116,203.53296114434994,-149.47273390636335,0.37231385707855225,7.645772933959961,54.50433349609375,0.0,,-0.1337900459766388,7.480208396911621
HalfCheetah-v5,D_kl,2,16,68000,19.760254425927997,335.35799112333916,202.42654339265417,-181.1749298652696,-0.02267277240753174,7.008706569671631,124.06265258789062,0.0,,0.015766743570566177,7.613349437713623
HalfCheetah-v5,D_kl,2,17,72000,20.01306976308115,355.3710608864203,199.86938772276446,-156.32998445213337,-0.14373421669006348,6.36991548538208,56.402156829833984,0.0,,-0.025438698008656502,7.296532154083252
HalfCheetah-v5,D_kl,2,18,76000,19.8054199651815,375.1764808516018,201.96491702938465,-169.00305965262535,-0.3208956718444824,7.691431045532227,99.7163314819336,0.0,,0.0540400929749012,7.416579246520996
HalfCheetah-v5,D_kl,2,19,80000,19.65811761887744,394.83459847047925,203.47828197745906,-154.68221813688706,-0.16388952732086182,7.993155002593994,126.88716125488281,0.0,,-0.03083045780658722,7.600149631500244
HalfCheetah-v5,D_kl,2,20,84000,20.223686913959682,415.05828538443893,197.78787206396794,-109.54892148626679,-0.03488433361053467,7.303013801574707,63.10951614379883,0.0,,-0.09091586619615555,7.3313469886779785
HalfCheetah-v5,D_kl,2,21,88000,19.74732655310072,434.80561193753965,202.55906485589165,-121.13914157473978,0.09722775220870972,7.48771333694458,139.59860229492188,0.0,,-0.10998235642910004,7.258225917816162
HalfCheetah-v5,D_kl,2,22,92000,19.71704869205132,454.522660629591,202.8701182653441,-58.16933422322692,-0.05742812156677246,7.7886271476745605,47.40370559692383,0.0,,-0.20779713988304138,6.789414882659912
HalfCheetah-v5,D_kl,2,23,96000,19.655451129190624,474.1781117587816,203.50588616404414,-113.26087163218004,0.053862690925598145,7.102041244506836,165.5103302001953,0.0,,0.023712318390607834,7.0687127113342285
HalfCheetah-v5,D_kl,2,24,100000,19.742888275068253,493.92100003384985,202.60460092109656,-81.44476062126054,0.06813383102416992,7.403013229370117,47.69626998901367,0.0,,-0.06481605768203735,7.166887283325195
HalfCheetah-v5,D_kl,2,25,104000,19.79219518788159,513.7131952217314,202.09986623662286,-42.73453177142676,-0.0655289888381958,6.492850303649902,40.79072570800781,0.0,,-0.004298247862607241,6.901125907897949
HalfCheetah-v5,D_kl,2,26,108000,19.810047384817153,533.5232426065486,201.91774013956606,-18.607014609352465,0.04745966196060181,7.094930648803711,49.310848236083984,0.0,,-0.08254658430814743,6.704298973083496
HalfCheetah-v5,D_kl,2,27,112000,20.048140776110813,553.5713833826594,199.51974822355422,-49.664807940509995,0.23973172903060913,6.348146438598633,117.90018463134766,0.0,,-0.07575393468141556,6.765563011169434
HalfCheetah-v5,D_kl,2,28,116000,19.595029375050217,573.1664127577096,204.1334015601469,32.16727870301085,-0.3867959976196289,7.860112190246582,60.22838592529297,0.0,,-0.05679099261760712,6.718866348266602
HalfCheetah-v5,D_kl,2,29,120000,19.553176593966782,592.7195893516764,204.57034082299535,18.958371282659808,-0.08375442028045654,7.084996700286865,36.48042297363281,0.0,,-0.002610184019431472,6.043341159820557
HalfCheetah-v5,D_kl,2,30,124000,19.492442555027083,612.2120319067035,205.20773570105527,32.162276700085876,0.017223775386810303,7.469098091125488,85.47396087646484,0.0,,-0.15897145867347717,6.106527328491211
HalfCheetah-v5,D_kl,2,31,128000,19.6882759348955,631.900307841599,203.16659585771043,0.7040130771884954,0.28835052251815796,7.547186851501465,138.2236785888672,0.0,,0.009196761064231396,6.550414562225342
HalfCheetah-v5,D_kl,2,32,132000,19.926939310040325,651.8272471516393,200.73328561725344,30.15874090594096,0.22508734464645386,6.846881866455078,37.40196990966797,0.0,,-0.09439121186733246,6.145054340362549
HalfCheetah-v5,D_kl,2,33,136000,19.687135053100064,671.5143822047394,203.1783694890707,44.35101072534813,0.43733614683151245,6.956168174743652,70.5943832397461,0.0,,0.0004727030172944069,6.254547595977783
HalfCheetah-v5,D_kl,2,34,140000,19.693453090032563,691.2078352947719,203.11318597674057,49.557893626360894,0.13216763734817505,6.512152194976807,60.26897048950195,0.0,,-0.15585200488567352,6.099006652832031
HalfCheetah-v5,D_kl,2,35,144000,19.81862101284787,711.0264563076198,201.83038958194464,77.60834179423355,0.13054966926574707,8.117717742919922,82.6745376586914,0.0,,-0.14261406660079956,5.937985420227051
HalfCheetah-v5,D_kl,2,36,148000,19.827583322068676,730.8540396296885,201.73915978695618,64.41321835258375,0.3981230854988098,8.007254600524902,179.67808532714844,0.0,,-0.03525497391819954,6.238279819488525
HalfCheetah-v5,D_kl,2,37,152000,19.962968464009464,750.817008093698,200.37100229915504,124.99948689063018,-0.5110816955566406,6.880216121673584,71.66108703613281,0.0,,-0.032633788883686066,5.490857124328613
HalfCheetah-v5,D_kl,2,38,156000,19.49716574791819,770.3141738416161,205.15802407983838,160.06808779203655,-0.5924688577651978,6.736940860748291,53.71451187133789,0.0,,-0.04869469255208969,5.097253799438477
HalfCheetah-v5,D_kl,2,39,160000,19.793880521086976,790.1080543627031,202.08265861454947,150.0245385825101,0.1518673300743103,6.550434112548828,61.23888397216797,0.0,,-0.07829537987709045,5.552289009094238
HalfCheetah-v5,D_kl,2,40,164000,20.67111192108132,810.7791662837844,193.5067651547386,-5.7446032239320175,0.7445404529571533,8.29452133178711,215.15341186523438,0.0,,-0.01771034672856331,5.229406356811523
HalfCheetah-v5,D_kl,2,41,168000,19.608457030029967,830.3876233138144,203.99361325952768,207.7962806284966,0.2186439037322998,8.353687286376953,94.00921630859375,0.0,,-0.015175241976976395,5.625984191894531
HalfCheetah-v5,D_kl,2,42,172000,19.796080255880952,850.1837035696954,202.06020324713998,166.86421755353982,-0.1939150094985962,6.915568828582764,111.2474594116211,0.0,,-0.0633419007062912,5.542730331420898
HalfCheetah-v5,D_kl,2,43,176000,19.922945956001058,870.1066495256964,200.77352058444683,234.1732778466733,-1.0,7.70136022567749,150.50503540039062,0.0,,-0.11125379055738449,5.581536769866943
HalfCheetah-v5,D_kl,2,44,180000,19.636581290047616,889.743230815744,203.70144583300328,205.79440708724505,0.4339442849159241,7.244563102722168,230.6147918701172,0.0,,-0.08835192024707794,6.18646240234375
HalfCheetah-v5,D_kl,2,45,184000,19.82982857595198,909.573059391696,201.71631765142328,219.50762643162682,-0.2048124074935913,7.231643199920654,127.54846954345703,0.0,,-0.041175827383995056,5.498030662536621
HalfCheetah-v5,D_kl,2,46,188000,20.16193440090865,929.7349937926047,198.39366205951598,254.47703797240214,-1.0,7.219730854034424,227.7842559814453,0.0,,-0.15424835681915283,5.727510929107666
HalfCheetah-v5,D_kl,2,47,192000,19.88066831091419,949.6156621035188,201.20047965409995,255.05002890939923,0.36046451330184937,7.14325475692749,133.46266174316406,0.0,,0.02039647474884987,5.687408447265625
HalfCheetah-v5,D_kl,2,48,196000,19.836961762979627,969.4526238664985,201.64378233893297,241.71570210725542,-1.0,8.043737411499023,173.19140625,0.0,,-0.07286423444747925,5.94634485244751
HalfCheetah-v5,D_kl,2,49,200000,20.85614511417225,990.3087689806707,191.78999657429043,273.72539114795876,-1.0,7.543560981750488,252.82586669921875,0.0,,-0.16500961780548096,5.870709419250488
HalfCheetah-v5,D_kl,2,50,204000,20.579589547822252,1010.888358528493,194.3673361757248,268.7459478525182,0.5767855644226074,7.294816017150879,210.8909149169922,0.0,,-0.01802763156592846,5.7164483070373535
HalfCheetah-v5,D_kl,2,51,208000,19.723774708108976,1030.612133236602,202.8009374065448,344.35585511022634,-1.0,8.342264175415039,276.2512512207031,0.0,,-0.02060108259320259,5.52442741394043
HalfCheetah-v5,D_kl,2,52,212000,19.800825858023018,1050.412959094625,202.01177610878568,378.29241964038863,-0.3731478452682495,8.034174919128418,82.91461944580078,0.0,,0.040253885090351105,5.708739757537842
HalfCheetah-v5,D_kl,2,53,216000,19.803903006017208,1070.2168621006422,201.9803873400431,328.2652803791044,-1.0,7.887208461761475,326.3860778808594,0.0,,-0.23898033797740936,6.257683277130127
HalfCheetah-v5,D_kl,2,54,220000,19.75292960111983,1089.969791701762,202.50160764878302,354.2354633007799,-1.0,7.136940956115723,176.2284698486328,0.0,,-0.08131319284439087,6.077415466308594
HalfCheetah-v5,D_kl,2,55,224000,19.652777759125456,1109.6225694608875,203.53356909776602,376.942726277302,-1.0,7.952712059020996,233.54721069335938,0.0,,-0.10523860156536102,5.829343318939209
HalfCheetah-v5,D_kl,2,56,228000,20.522798039019108,1130.1453674999066,194.90519725404758,351.2894213568376,-0.5381797552108765,7.703306674957275,210.9734649658203,0.0,,-0.07356690615415573,5.76175594329834
HalfCheetah-v5,D_kl,2,57,232000,19.88705723802559,1150.0324247379322,201.13584187567434,398.8186158181901,-0.660260796546936,7.463771820068359,197.28408813476562,0.0,,0.08728063106536865,5.802399635314941
HalfCheetah-v5,D_kl,2,58,236000,19.604788657976314,1169.6372133959085,204.03178375363808,437.50744893936763,-1.0,8.032804489135742,369.8909912109375,0.0,,-0.08615757524967194,6.185581207275391
HalfCheetah-v5,D_kl,2,59,240000,19.77681438694708,1189.4140277828556,202.25704310801666,408.71769348815195,-1.0,7.87019681930542,265.71795654296875,0.0,,-0.12085358053445816,5.768758296966553
HalfCheetah-v5,D_kl,2,60,244000,19.67153271404095,1209.0855604968965,203.33951899665246,476.4793690409871,-1.0,8.746135711669922,425.4881286621094,0.0,,-0.07106903195381165,5.768003463745117
HalfCheetah-v5,D_kl,2,61,248000,20.049719338072464,1229.135279834969,199.50403956051343,464.4112265999712,-1.0,7.934452533721924,261.435791015625,0.0,,-0.021680157631635666,5.666082382202148
HalfCheetah-v5,D_kl,2,62,252000,19.92740997695364,1249.0626898119226,200.728544483506,488.4466803949746,-1.0,8.188265800476074,283.71917724609375,0.0,,-0.01068694144487381,5.683999538421631
HalfCheetah-v5,D_kl,2,63,256000,19.841289687901735,1268.9039794998243,201.59979834571982,524.250173837519,-0.7768665552139282,9.14436149597168,475.77484130859375,0.0,,-0.058095719665288925,5.499481678009033
HalfCheetah-v5,D_kl,2,64,260000,19.74294917890802,1288.6469286787324,202.60397591831514,451.0780393974064,-0.7351899147033691,8.740257263183594,965.9359741210938,0.0,,-0.2399606853723526,6.317257881164551
HalfCheetah-v5,D_kl,2,65,264000,19.514623981900513,1308.1615526606329,204.97448496624546,545.8730929965288,-1.0,8.476730346679688,346.0260009765625,0.0,,-0.08785999566316605,5.599164962768555
HalfCheetah-v5,D_kl,2,66,268000,19.825354578904808,1327.9869072395377,201.76183906724194,561.3873249515932,-1.0,7.211874961853027,498.323486328125,0.0,,-0.09522639214992523,5.654099464416504
HalfCheetah-v5,D_kl,2,67,272000,19.804648536955938,1347.7915557764936,201.9727839419067,500.49307483164205,-1.0,8.803739547729492,415.9346618652344,0.0,,0.02316369116306305,5.696344375610352
HalfCheetah-v5,D_kl,2,68,276000,20.407508638920262,1368.1990644154139,196.00628723348345,538.114227547233,-1.0,8.173102378845215,667.2656860351562,0.0,,-0.1254216432571411,5.682028293609619
HalfCheetah-v5,D_kl,2,69,280000,20.564490346005186,1388.763554761419,194.51004779104733,552.7911106461879,-1.0,8.230369567871094,789.681396484375,0.0,,-0.18287760019302368,5.796353816986084
HalfCheetah-v5,D_kl,2,70,284000,20.043634907808155,1408.8071896692272,199.56460085200257,543.2183141079792,-1.0,8.317790985107422,654.9334716796875,0.0,,-0.10327617824077606,6.222084999084473
HalfCheetah-v5,D_kl,2,71,288000,19.7606138731353,1428.5678035423625,202.42286123702004,490.18435374754955,-1.0,8.651671409606934,203.0106201171875,0.0,,0.10605283826589584,6.465823650360107
HalfCheetah-v5,D_kl,2,72,292000,20.598825335968286,1449.1666288783308,194.1858302480709,511.4758831032858,-0.2812250852584839,8.420032501220703,171.75482177734375,0.0,,0.14631877839565277,6.195269584655762
HalfCheetah-v5,D_kl,2,73,296000,20.270732993027195,1469.437361871358,197.32882877870946,473.19256163314714,-1.0,8.624652862548828,588.9102783203125,0.0,,-0.07398174703121185,5.971292972564697
HalfCheetah-v5,D_kl,2,74,300000,19.83446492208168,1489.2718267934397,201.66916605583882,471.04564770257036,-1.0,8.299449920654297,769.1486206054688,0.0,,-0.15218669176101685,6.498163223266602
HalfCheetah-v5,D_lambda,0,0,4000,21.7130524169188,21.7130524169188,184.22098943966083,-282.5279615793039,0.16248691082000732,6.540709495544434,23.14093589782715,0.02993188053369522,0.30000001192092896,-0.007589659653604031,8.61469554901123
HalfCheetah-v5,D_lambda,0,1,8000,20.99695937591605,42.71001179283485,190.50377382679912,-314.71008678283465,0.3044012784957886,5.505887031555176,36.34443283081055,0.024533597752451897,0.45000001788139343,-0.04425196722149849,8.655917167663574
HalfCheetah-v5,D_lambda,0,2,12000,21.466326382942498,64.17633817577735,186.33835751134703,-314.32218935883367,0.6666693687438965,5.679887294769287,20.6560115814209,0.018807269632816315,0.45000001788139343,-0.044016480445861816,8.554231643676758
HalfCheetah-v5,D_lambda,0,3,16000,21.54567890195176,85.7220170777291,185.65207521205804,-326.85918727078956,0.5045031309127808,5.080610752105713,26.93765640258789,0.0191227775067091,0.45000001788139343,-0.04716186597943306,8.530115127563477
HalfCheetah-v5,D_lambda,0,4,20000,21.097594374092296,106.8196114518214,189.59507558416107,-289.94492235357427,0.816074550151825,5.205141067504883,15.740250587463379,0.019534815102815628,0.45000001788139343,-0.041699305176734924,8.483450889587402
HalfCheetah-v5,D_lambda,0,5,24000,22.153101827949286,128.9727132797707,180.5616220728707,-281.5988482447845,0.781173825263977,5.531335830688477,22.535873413085938,0.021454069763422012,0.675000011920929,-0.011339820921421051,8.494600296020508
HalfCheetah-v5,D_lambda,0,6,28000,21.196580885909498,150.16929416568018,188.70968018521393,-277.7425661632143,0.746997594833374,4.473724365234375,17.886247634887695,0.015103698708117008,0.675000011920929,-0.05320734158158302,8.294046401977539
HalfCheetah-v5,D_lambda,0,7,32000,20.76467812806368,170.93397229374386,192.63481838391505,-285.3562544680793,0.7528295516967773,4.812565803527832,19.641876220703125,0.014185921289026737,0.675000011920929,-0.02564944699406624,8.43416690826416
HalfCheetah-v5,D_lambda,0,8,36000,21.356001426000148,192.289973719744,187.30098018864837,-313.8385281838807,0.5490556955337524,5.53857421875,45.74552917480469,0.014373986050486565,0.675000011920929,0.03928397595882416,8.444353103637695
HalfCheetah-v5,D_lambda,0,9,40000,21.08707845583558,213.3770521755796,189.68962478029056,-229.52530140705426,0.8352086544036865,5.1255645751953125,18.22435188293457,0.014644484035670757,0.675000011920929,-0.06961548328399658,8.375543594360352
HalfCheetah-v5,D_lambda,0,10,44000,21.059028062969446,234.43608023854904,189.94228926612564,-279.6524317338793,0.666569173336029,4.174880027770996,15.631291389465332,0.016459591686725616,0.675000011920929,-0.19667619466781616,8.296598434448242
HalfCheetah-v5,D_lambda,0,11,48000,22.292668868089095,256.72874910663813,179.43118536721332,-238.50385286093945,0.8001575469970703,5.070125579833984,14.09615707397461,0.017016131430864334,0.675000011920929,-0.11019545793533325,8.299698829650879
HalfCheetah-v5,D_lambda,0,12,52000,21.645184756955132,278.37393386359327,184.79860739995306,-216.62220649051326,0.8179299235343933,4.802250862121582,18.02128028869629,0.013717977330088615,0.675000011920929,-0.08593302965164185,8.397955894470215
HalfCheetah-v5,D_lambda,0,13,56000,21.554318585898727,299.928252449492,185.57765971859027,-201.4327708647873,0.8266425728797913,4.624131202697754,10.696523666381836,0.013983386568725109,0.675000011920929,-0.09761437773704529,8.363842964172363
HalfCheetah-v5,D_lambda,0,14,60000,21.231658400967717,321.1599108504597,188.39790677009404,-202.46974940759188,0.685315728187561,4.398812294006348,11.58095645904541,0.01363925077021122,0.675000011920929,-0.047067880630493164,8.224396705627441
HalfCheetah-v5,D_lambda,0,15,64000,20.863373348023742,342.02328419848345,191.72354984381732,-181.1775225024815,0.6360883712768555,3.488248825073242,16.23502540588379,0.013946282677352428,0.675000011920929,-0.06315889954566956,8.066848754882812
HalfCheetah-v5,D_lambda,0,16,68000,21.851254211040214,363.87453840952367,183.0558539737744,-317.89318285170475,0.5230008363723755,5.831531524658203,28.37006378173828,0.013855401426553726,0.675000011920929,-0.06504594534635544,8.785633087158203
HalfCheetah-v5,D_lambda,0,17,72000,23.07537123793736,386.949909647461,173.3449901522602,-225.57044391184644,0.6674661636352539,3.859236240386963,7.632187843322754,0.016588177531957626,0.675000011920929,-0.10837388038635254,7.968913555145264
HalfCheetah-v5,D_lambda,0,18,76000,21.705111283110455,408.6550209305715,184.28838939483103,-201.2271182612634,0.6183145642280579,4.399951457977295,12.857280731201172,0.014389832504093647,0.675000011920929,0.036223575472831726,8.36638069152832
HalfCheetah-v5,D_lambda,0,19,80000,21.226858157198876,429.88187908777036,188.44051109106036,-191.81777178409288,0.6317380666732788,4.676360130310059,18.395235061645508,0.012754902243614197,0.675000011920929,-0.020155973732471466,8.115166664123535
HalfCheetah-v5,D_lambda,0,20,84000,22.68515957100317,452.5670386587735,176.32672970539366,-212.23169674375677,0.5212932825088501,4.841401100158691,22.669240951538086,0.014815235510468483,0.675000011920929,0.029336581006646156,8.455267906188965
HalfCheetah-v5,D_lambda,0,21,88000,20.945581872947514,473.51262053172104,190.97106130845864,-153.52270075213397,0.5854034423828125,4.815904140472412,13.257230758666992,0.014506055973470211,0.675000011920929,0.012057218700647354,7.94613790512085
HalfCheetah-v5,D_lambda,0,22,92000,21.387062187073752,494.8996827187948,187.02896007931292,-167.84316176681423,0.6272622346878052,5.299026966094971,20.1556396484375,0.012632569298148155,0.675000011920929,-0.008583158254623413,8.725162506103516
HalfCheetah-v5,D_lambda,0,23,96000,21.057458698982373,515.9571414177772,189.95644522827936,-173.35389918137219,0.46793806552886963,5.5925726890563965,16.17673683166504,0.016036655753850937,0.675000011920929,-0.13418495655059814,8.158797264099121
HalfCheetah-v5,D_lambda,0,24,100000,21.00902138114907,536.9661627989262,190.39439902655874,-151.38118653126156,0.44370126724243164,4.574150562286377,19.545957565307617,0.012287848629057407,0.675000011920929,-0.12230002135038376,8.083529472351074
HalfCheetah-v5,D_lambda,0,25,104000,21.81736672203988,558.7835295209661,183.34018266096268,-167.041191456582,0.17653799057006836,5.126214027404785,30.937925338745117,0.013199254870414734,0.675000011920929,0.0006452016532421112,8.795066833496094
HalfCheetah-v5,D_lambda,0,26,108000,21.185989159159362,579.9695186801255,188.80402373238616,-134.07868712705718,0.4637126326560974,4.89381217956543,8.971224784851074,0.014141783118247986,0.675000011920929,0.0900193378329277,7.542664527893066
HalfCheetah-v5,D_lambda,0,27,112000,21.1760901871603,601.1456088672858,188.89228203350402,-153.52836549017601,0.3722505569458008,5.869874954223633,27.987018585205078,0.012928921729326248,0.675000011920929,-0.12058815360069275,8.50469970703125
HalfCheetah-v5,D_lambda,0,28,116000,21.74835193902254,622.8939608063083,183.92198228238604,-99.21512094626313,0.43896007537841797,5.028424263000488,14.918594360351562,0.01354615855962038,0.675000011920929,-0.0502324178814888,8.339031219482422
HalfCheetah-v5,D_lambda,0,29,120000,21.46448018285446,644.3584409891628,186.35438482200686,-50.76305769268516,0.36163878440856934,5.067887783050537,15.331342697143555,0.014088989235460758,0.675000011920929,-0.06917641311883926,7.89512300491333
HalfCheetah-v5,D_lambda,0,30,124000,21.292342094006017,665.6507830831688,187.8609681518331,-91.92028976349377,0.4277939796447754,4.5757904052734375,15.522157669067383,0.01344583835452795,0.675000011920929,-0.02725735679268837,7.891054630279541
HalfCheetah-v5,D_lambda,0,31,128000,21.38909371709451,687.0398768002633,187.01119612202808,-65.72576240414169,0.31647729873657227,5.059924125671387,10.740050315856934,0.015270842239260674,0.675000011920929,0.04476834088563919,6.8857502937316895
HalfCheetah-v5,D_lambda,0,32,132000,21.18937377189286,708.2292505721562,188.77386576218186,-82.94536351242924,0.32859158515930176,5.169534206390381,17.188312530517578,0.012445314787328243,0.675000011920929,-0.03904252499341965,7.703395366668701
HalfCheetah-v5,D_lambda,0,33,136000,21.047933029010892,729.277183601167,190.04241387915383,-77.59379923263016,0.3594006299972534,5.28977108001709,15.712963104248047,0.015200275927782059,0.675000011920929,-0.060936637222766876,7.580392360687256
HalfCheetah-v5,D_lambda,0,34,140000,21.282778932945803,750.5599625341129,187.9453812212459,-141.04521122498366,0.4271237254142761,4.629251956939697,14.569086074829102,0.01600608229637146,0.675000011920929,-0.09757518768310547,7.358582496643066
HalfCheetah-v5,D_lambda,0,35,144000,21.17728281300515,771.737245347118,188.8816443223569,-40.215690220454135,0.38006705045700073,4.833966255187988,13.196669578552246,0.01569264568388462,0.675000011920929,-0.07083083689212799,7.316347599029541
HalfCheetah-v5,D_lambda,0,36,148000,20.832394640892744,792.5696399880107,192.0086513793397,-40.584590742658264,0.4291157126426697,4.1663899421691895,10.906847953796387,0.01478588953614235,0.675000011920929,-0.15221692621707916,7.25413179397583
HalfCheetah-v5,D_lambda,0,37,152000,21.33578000194393,813.9054199899547,187.47849854261503,-7.677759058937113,0.22040623426437378,3.98337721824646,9.365824699401855,0.015767283737659454,0.675000011920929,-0.1527901291847229,6.7711262702941895
HalfCheetah-v5,D_lambda,0,38,156000,21.708587551955134,835.6140075419098,184.25887867770325,-40.74796764716738,0.22138768434524536,4.53677225112915,16.594955444335938,0.01461854949593544,0.675000011920929,0.09753257781267166,7.2737555503845215
HalfCheetah-v5,D_lambda,0,39,160000,20.89108666894026,856.5050942108501,191.4692166754056,55.59169543195536,0.3989272117614746,4.822390556335449,14.58365249633789,0.013404479250311852,0.675000011920929,-0.047968436032533646,6.802579402923584
HalfCheetah-v5,D_lambda,0,40,164000,22.20689612091519,878.7119903317653,180.12422709685518,37.4054406481589,0.4240288734436035,4.796401023864746,12.601570129394531,0.014387092553079128,0.675000011920929,0.05561187118291855,6.989962577819824
HalfCheetah-v5,D_lambda,0,41,168000,22.353196480078623,901.0651868118439,178.9453246011074,52.84385119597436,0.4433913230895996,5.307884693145752,15.707954406738281,0.014664774760603905,0.675000011920929,-0.07613778114318848,7.1055121421813965
HalfCheetah-v5,D_lambda,0,42,172000,22.430089107947424,923.4952759197913,178.33188181952968,63.999328598748,0.3565720319747925,4.434901714324951,9.909948348999023,0.015737634152173996,0.675000011920929,-0.12462657690048218,6.607921600341797
HalfCheetah-v5,D_lambda,0,43,176000,21.024593556998298,944.5198694767896,190.25338060190705,69.6911315492948,0.3295290470123291,4.936882495880127,21.587175369262695,0.0143852224573493,0.675000011920929,-0.03892038017511368,6.615285396575928
HalfCheetah-v5,D_lambda,0,44,180000,20.993280105059966,965.5131495818496,190.53716141461325,48.66533141164699,0.3268284797668457,5.112329483032227,20.802019119262695,0.012564639560878277,0.675000011920929,-0.03213507682085037,6.706323146820068
HalfCheetah-v5,D_lambda,0,45,184000,21.463046978926286,986.9761965607759,186.3668287139026,61.87649430263518,0.35622483491897583,5.53745698928833,19.326623916625977,0.016803447157144547,0.675000011920929,-0.2600308954715729,6.651425361633301
HalfCheetah-v5,D_lambda,0,46,188000,21.221219003899023,1008.1974155646749,188.4905857323781,65.94825190060169,0.30629366636276245,5.354368686676025,19.11348533630371,0.013461102731525898,0.675000011920929,-0.09259593486785889,6.7773051261901855
HalfCheetah-v5,D_lambda,0,47,192000,21.158900890965015,1029.35631645564,189.04573638359568,32.78892780481087,0.6403902173042297,4.43819522857666,11.528816223144531,0.01638801582157612,0.675000011920929,-0.09334501624107361,6.661242485046387
HalfCheetah-v5,D_lambda,0,48,196000,21.12941606203094,1050.4857325176708,189.30953833541594,126.85304588107178,0.7062970995903015,4.695355415344238,12.47574234008789,0.013912651687860489,0.675000011920929,-0.024265848100185394,6.585010528564453
HalfCheetah-v5,D_lambda,0,49,200000,21.325743885012344,1071.8114764026832,187.5667278744347,185.44631404958182,0.5332431793212891,5.491607666015625,14.9332857131958,0.014211785048246384,0.675000011920929,-0.06817232817411423,6.1396355628967285
HalfCheetah-v5,D_lambda,0,50,204000,22.70111253298819,1094.5125889356714,176.20281799790155,204.9476336063104,0.5876237750053406,5.769447326660156,21.475997924804688,0.016455432400107384,0.675000011920929,-0.08857278525829315,6.4581685066223145
HalfCheetah-v5,D_lambda,0,51,208000,22.10238630603999,1116.6149752417114,180.97593375729332,240.16223931513267,0.4197899103164673,4.754556179046631,16.729780197143555,0.015830563381314278,0.675000011920929,-0.011275330558419228,5.8820905685424805
HalfCheetah-v5,D_lambda,0,52,212000,21.007998615968972,1137.6229738576803,190.40366829420148,170.4836197237401,0.5602165460586548,5.464839458465576,27.06761932373047,0.016224386170506477,0.675000011920929,0.015806302428245544,6.121507167816162
HalfCheetah-v5,D_lambda,0,53,216000,21.124295244924724,1158.747269102605,189.35542954792922,209.03064049907465,0.7624161839485168,4.747884273529053,16.0595645904541,0.013660985045135021,0.675000011920929,-0.04395481199026108,5.925354480743408
HalfCheetah-v5,D_lambda,0,54,220000,21.22594558610581,1179.9732146887109,188.44861274959365,257.95817839589074,0.6794928312301636,5.602920055389404,22.58153533935547,0.014563752338290215,0.675000011920929,-0.10742352157831192,5.833305835723877
HalfCheetah-v5,D_lambda,0,55,224000,21.981505322037265,1201.9547200107481,181.9711589992817,258.08834806733194,0.7252486944198608,5.013263702392578,27.157590866088867,0.014738015830516815,0.675000011920929,-0.023135622963309288,5.677842140197754
HalfCheetah-v5,D_lambda,0,56,228000,22.17661029100418,1224.1313303017523,180.37021652594842,292.8180680509889,0.7252461910247803,5.7887163162231445,30.851205825805664,0.01404307596385479,0.675000011920929,-0.024218440055847168,5.74447774887085
HalfCheetah-v5,D_lambda,0,57,232000,21.185399543028325,1245.3167298447806,188.80927838419348,305.1474066103038,0.8197073936462402,4.812968730926514,19.4870548248291,0.016581503674387932,0.675000011920929,-0.030654771253466606,5.859721660614014
HalfCheetah-v5,D_lambda,0,58,236000,21.166188879171386,1266.482918723952,188.98064374433534,364.6761305587886,0.5889500379562378,5.623181343078613,27.700002670288086,0.014375482685863972,0.675000011920929,-0.11276176571846008,5.3972649574279785
HalfCheetah-v5,D_lambda,0,59,240000,21.671135104028508,1288.1540538279805,184.57731820685427,146.47823089711363,0.7315225601196289,6.207529067993164,62.26260757446289,0.01916307583451271,0.675000011920929,-0.13894401490688324,5.833305835723877
HalfCheetah-v5,D_lambda,0,60,244000,22.638582989107817,1310.7926368170884,176.68950401730243,362.3902457371281,0.7247909903526306,5.324618339538574,15.682547569274902,0.012716223485767841,0.675000011920929,0.18011660873889923,5.443220138549805
HalfCheetah-v5,D_lambda,0,61,248000,21.575408751843497,1332.3680455689318,185.3962558024873,214.6462459230231,0.9194080829620361,4.536101818084717,34.01042175292969,0.017278477549552917,0.675000011920929,-0.22086147964000702,6.017206192016602
HalfCheetah-v5,D_lambda,0,62,252000,21.221249656984583,1353.5892952259164,188.49031346669418,450.10219397647273,0.601526141166687,5.446934700012207,53.45913314819336,0.01393670029938221,0.675000011920929,-0.20848634839057922,5.465729236602783
HalfCheetah-v5,D_lambda,0,63,256000,21.248828697018325,1374.8381239229348,188.2456702454045,432.6836411623218,0.8468331098556519,4.7947096824646,28.787521362304688,0.013049919158220291,0.675000011920929,-0.10290808975696564,5.543582439422607
HalfCheetah-v5,D_lambda,0,64,260000,21.576085587963462,1396.4142095108982,185.3904399707915,437.48963345218584,0.8912330269813538,5.541615009307861,30.05597686767578,0.01507288496941328,0.675000011920929,0.031241867691278458,5.470494747161865
HalfCheetah-v5,D_lambda,0,65,264000,21.12840742408298,1417.5426169349812,189.3185756840643,462.9122192786353,0.9029587507247925,5.421754837036133,24.886964797973633,0.01613917388021946,0.675000011920929,-0.033593833446502686,5.221960067749023
HalfCheetah-v5,D_lambda,0,66,268000,21.581281611928716,1439.12389854691,185.34580438397424,508.599311735592,0.5698269605636597,5.806667804718018,46.78553771972656,0.014209472574293613,0.675000011920929,-0.1415383219718933,5.05032205581665
HalfCheetah-v5,D_lambda,0,67,272000,21.21591400820762,1460.3398125551175,188.5377174159244,536.5761705077008,0.5958766937255859,5.261902332305908,21.65345001220703,0.013568287715315819,0.675000011920929,0.022603726014494896,4.947823524475098
HalfCheetah-v5,D_lambda,0,68,276000,20.88281005108729,1481.2226226062048,191.5451028963286,522.2255830233664,0.706149697303772,5.022571563720703,25.053932189941406,0.012696740217506886,0.675000011920929,-0.13307613134384155,4.933905601501465
HalfCheetah-v5,D_lambda,0,69,280000,21.293412409955636,1502.5160350161605,187.8515252975525,503.0244143843587,0.8003129363059998,5.498203277587891,44.43515396118164,0.012866595759987831,0.675000011920929,-0.11245675384998322,5.199760437011719
HalfCheetah-v5,D_lambda,0,70,284000,21.10563431098126,1523.6216693271417,189.52285162634513,529.2765853048601,0.6823016405105591,5.844627380371094,116.69218444824219,0.015603216364979744,0.675000011920929,-0.44569769501686096,5.100586891174316
HalfCheetah-v5,D_lambda,0,71,288000,21.922247755806893,1545.5439170829486,182.4630414068948,581.9650947034927,0.9199677109718323,5.038925647735596,32.674781799316406,0.013635546900331974,0.675000011920929,-0.0067064836621284485,5.227452278137207
HalfCheetah-v5,D_lambda,0,72,292000,21.061329221818596,1566.6052463047672,189.92153618947177,589.6544496083272,0.8250234127044678,5.648054599761963,21.792823791503906,0.012547308579087257,0.675000011920929,0.009754993952810764,4.966550350189209
HalfCheetah-v5,D_lambda,0,73,296000,21.390545269008726,1587.995791573776,186.99850563395043,627.2914211557062,-0.06395828723907471,5.2493133544921875,41.32172393798828,0.012976047582924366,0.675000011920929,-0.004721870645880699,4.931467533111572
HalfCheetah-v5,D_lambda,0,74,300000,22.090481905965135,1610.086273479741,181.07346037208325,585.0164789629088,0.8704925179481506,5.802263259887695,47.11351776123047,0.015988348051905632,0.675000011920929,-0.00729294354096055,4.806265830993652
HalfCheetah-v5,D_lambda,1,0,4000,20.345749131171033,20.345749131171033,196.60126418602772,-316.2294045140139,0.11376070976257324,6.549365520477295,30.925987243652344,0.030997904017567635,0.30000001192092896,-0.2518799304962158,8.58333683013916
HalfCheetah-v5,D_lambda,1,1,8000,20.351158811943606,40.69690794311464,196.54900425878924,-288.2687216196261,0.22744303941726685,6.785341262817383,35.65937423706055,0.025468116626143456,0.45000001788139343,-0.033209629356861115,8.42691421508789
HalfCheetah-v5,D_lambda,1,2,12000,19.927390170050785,60.62429811316542,200.7287439983821,-285.7443518500825,0.6235129833221436,5.25438117980957,17.433855056762695,0.019332945346832275,0.45000001788139343,-0.03286881744861603,8.534591674804688
HalfCheetah-v5,D_lambda,1,3,16000,20.001046017976478,80.6253441311419,199.9895403672834,-276.20335926589183,0.5844894647598267,5.318332672119141,23.159753799438477,0.02019221894443035,0.675000011920929,0.11550719290971756,8.518909454345703
HalfCheetah-v5,D_lambda,1,4,20000,20.150137389078736,100.77548152022064,198.5098127503576,-282.22145838118615,0.81669020652771,4.912138938903809,12.217357635498047,0.013064739294350147,0.675000011920929,0.06317047029733658,8.47268295288086
HalfCheetah-v5,D_lambda,1,5,24000,19.697191591141745,120.47267311136238,203.07463536065146,-259.97088722198214,0.8096250295639038,5.34785270690918,19.299562454223633,0.014737792313098907,0.675000011920929,-0.08149780333042145,8.227444648742676
HalfCheetah-v5,D_lambda,1,6,28000,19.852409959072247,140.32508307043463,201.4868727900746,-217.90309213350997,0.8208030462265015,5.38907527923584,20.50670051574707,0.013114461675286293,0.675000011920929,0.008074156939983368,8.166175842285156
HalfCheetah-v5,D_lambda,1,7,32000,20.134008823893964,160.4590918943286,198.6688311794626,-235.48315018917657,0.8429660201072693,5.106860637664795,13.507623672485352,0.014390489086508751,0.675000011920929,-0.25279420614242554,8.342506408691406
HalfCheetah-v5,D_lambda,1,8,36000,21.109819980803877,181.56891187513247,189.48527290319777,-152.195779359139,0.33199644088745117,5.937870979309082,33.64356231689453,0.016595298424363136,0.675000011920929,0.07806321233510971,7.876518249511719
HalfCheetah-v5,D_lambda,1,9,40000,20.22373056411743,201.7926424392499,197.78744516588455,-250.41854831294188,0.8106385469436646,6.019837856292725,18.391618728637695,0.014367063529789448,0.675000011920929,-0.05924558266997337,8.080131530761719
HalfCheetah-v5,D_lambda,1,10,44000,20.058551017194986,221.8511934564449,199.41619893535884,-171.62670954563174,0.7875980138778687,5.403353214263916,22.16356658935547,0.013457542285323143,0.675000011920929,-0.15109531581401825,8.035162925720215
HalfCheetah-v5,D_lambda,1,11,48000,20.24625417892821,242.0974476353731,197.56740998357606,-101.19677181750531,0.7746934294700623,6.110928535461426,28.391258239746094,0.015945788472890854,0.675000011920929,-0.07310830056667328,7.894217014312744
HalfCheetah-v5,D_lambda,1,12,52000,20.558600046904758,262.65604768227786,194.56577738143352,-159.9620042998222,0.8231848478317261,5.947131633758545,24.524261474609375,0.013630080036818981,0.675000011920929,-0.06540681421756744,7.941684722900391
HalfCheetah-v5,D_lambda,1,13,56000,20.74432882014662,283.4003765024245,192.8237849814284,-84.81270768942225,0.42199641466140747,7.023365497589111,38.46200180053711,0.018062617629766464,0.675000011920929,0.06085702031850815,7.577902793884277
HalfCheetah-v5,D_lambda,1,14,60000,20.046519923955202,303.4468964263797,199.5358803011029,-90.45801947234125,0.8626915216445923,5.514048099517822,18.295087814331055,0.012993952259421349,0.675000011920929,-0.0526190847158432,7.981667518615723
HalfCheetah-v5,D_lambda,1,15,64000,20.55132671399042,323.9982231403701,194.63463627761703,-108.21435525703683,0.8596707582473755,5.6820878982543945,25.125629425048828,0.013590686023235321,0.675000011920929,-0.11626217514276505,7.809875965118408
HalfCheetah-v5,D_lambda,1,16,68000,20.5535688160453,344.5517919564154,194.61340440679916,-106.2230121165596,0.5512182712554932,6.894336223602295,60.50552749633789,0.014295296743512154,0.675000011920929,0.11908550560474396,7.754478931427002
HalfCheetah-v5,D_lambda,1,17,72000,20.64790599513799,365.1996979515534,193.7242450126366,6.912060514796058,0.7913283705711365,6.018955707550049,19.9078369140625,0.013545523397624493,0.675000011920929,-0.07488297671079636,7.699634552001953
HalfCheetah-v5,D_lambda,1,18,76000,20.123677036957815,385.3233749885112,198.77083063169144,-95.20194083330844,0.9086366891860962,5.479630470275879,21.564441680908203,0.013749116100370884,0.675000011920929,-0.19725185632705688,7.887333869934082
HalfCheetah-v5,D_lambda,1,19,80000,20.214682447956875,405.5380574364681,197.8759750640696,-133.525713551127,0.8292239904403687,5.67946720123291,28.74768829345703,0.014086338691413403,0.675000011920929,0.10192064195871353,7.775697231292725
HalfCheetah-v5,D_lambda,1,20,84000,20.15175326517783,425.6898107016459,198.4938951645457,31.804813397081872,0.10795903205871582,7.732656478881836,49.514190673828125,0.01711844652891159,0.675000011920929,0.022987723350524902,7.37803840637207
HalfCheetah-v5,D_lambda,1,21,88000,20.06703280005604,445.75684350170195,199.33191119261187,-77.35789119801818,0.9048346281051636,5.67332124710083,21.780853271484375,0.015039655379951,0.675000011920929,-0.07478588819503784,7.677670001983643
HalfCheetah-v5,D_lambda,1,22,92000,20.29907763004303,466.055921131745,197.05328847454243,39.842734120361,0.7455888986587524,6.299743175506592,28.563175201416016,0.014543404802680016,0.675000011920929,-0.10390099138021469,7.376524925231934
HalfCheetah-v5,D_lambda,1,23,96000,20.264920126879588,486.32084125862457,197.385431324467,-13.008077447342991,0.8448806405067444,6.107552528381348,23.823143005371094,0.015841998159885406,0.675000011920929,-0.21342651546001434,7.136497974395752
HalfCheetah-v5,D_lambda,1,24,100000,20.589699496980757,506.9105407556053,194.27189797435142,31.038177692867475,0.8172916769981384,6.27437162399292,40.017982482910156,0.013544122688472271,0.675000011920929,-0.13827472925186157,7.326765537261963
HalfCheetah-v5,D_lambda,1,25,104000,20.49375197989866,527.404292735504,195.1814389050579,15.031528334262024,0.723493218421936,6.994235992431641,61.372318267822266,0.015471486374735832,0.675000011920929,0.037123486399650574,7.168735504150391
HalfCheetah-v5,D_lambda,1,26,108000,20.17195714893751,547.5762498844415,198.2950871086243,26.430240677015796,0.8292709589004517,6.448923110961914,46.390193939208984,0.012852261774241924,0.675000011920929,-0.247285857796669,7.439950466156006
HalfCheetah-v5,D_lambda,1,27,112000,20.252331712981686,567.8285815974232,197.50812186411164,-28.766239039409896,0.8658556342124939,6.649912357330322,53.06076431274414,0.01509546022862196,0.675000011920929,-0.06424892693758011,7.909492015838623
HalfCheetah-v5,D_lambda,1,28,116000,20.10202599898912,587.9306075964123,198.98491824660607,15.909482583899024,0.9146158695220947,6.246536731719971,29.30213165283203,0.014058026485145092,0.675000011920929,-0.07542967051267624,7.4759063720703125
HalfCheetah-v5,D_lambda,1,29,120000,20.403359781950712,608.333967378363,196.04614351497605,138.97180127589928,0.8456003069877625,6.755048751831055,34.73787307739258,0.014794806018471718,0.675000011920929,-0.05583075061440468,7.241313934326172
HalfCheetah-v5,D_lambda,1,30,124000,20.424400363117456,628.7583677414805,195.84418288349025,126.93346811806876,0.7123587131500244,7.178648948669434,45.7227897644043,0.015949491411447525,0.675000011920929,-0.003728635609149933,6.7151689529418945
HalfCheetah-v5,D_lambda,1,31,128000,20.465010510990396,649.2233782524709,195.4555556104829,206.36546846633416,0.2603321671485901,6.731142997741699,49.31581115722656,0.013856199570000172,0.675000011920929,-0.05404737591743469,7.148197650909424
HalfCheetah-v5,D_lambda,1,32,132000,20.466144987149164,669.68952323962,195.4447211485909,162.78331350198232,0.8207167983055115,6.8885321617126465,43.57802963256836,0.01398186944425106,0.675000011920929,-0.024800729006528854,6.986835479736328
HalfCheetah-v5,D_lambda,1,33,136000,20.30663050408475,689.9961537437048,196.9799962231738,254.3574559934487,0.21030205488204956,7.941291809082031,66.71366119384766,0.017421111464500427,0.675000011920929,-0.0018160250037908554,6.740647315979004
HalfCheetah-v5,D_lambda,1,34,140000,20.697411986999214,710.693565730704,193.26087737503332,336.4965289014067,0.303452730178833,6.714317798614502,35.967105865478516,0.013867003843188286,0.675000011920929,0.017163529992103577,6.75242805480957
HalfCheetah-v5,D_lambda,1,35,144000,19.916279369033873,730.6098450997379,200.84072561360327,200.11685008882395,0.8946002721786499,6.901027679443359,38.7164306640625,0.012934383936226368,0.675000011920929,-0.05977817624807358,6.917379379272461
HalfCheetah-v5,D_lambda,1,36,148000,20.760577473789454,751.3704225735273,192.6728678453218,407.87620695241225,0.4894372820854187,7.332494258880615,55.22796630859375,0.01626024954020977,0.675000011920929,0.08720651268959045,6.69710636138916
HalfCheetah-v5,D_lambda,1,37,152000,21.125059601850808,772.4954821753781,189.34857819996645,316.96245960481247,0.6925314664840698,7.2099103927612305,48.8817024230957,0.012193681672215462,0.675000011920929,-0.054853618144989014,6.654638767242432
HalfCheetah-v5,D_lambda,1,38,156000,20.47954847011715,792.9750306454953,195.31680621946438,219.5222300958193,0.9423767328262329,5.796146869659424,41.103824615478516,0.01575307361781597,0.675000011920929,-0.0356023795902729,6.783273696899414
HalfCheetah-v5,D_lambda,1,39,160000,20.950218172045425,813.9252488175407,190.92879926841687,329.53208221897546,0.4764397144317627,6.604900360107422,43.98544692993164,0.0126325199380517,0.675000011920929,-0.01381634920835495,6.620538711547852
HalfCheetah-v5,D_lambda,1,40,164000,20.533685919828713,834.4589347373694,194.80184978077074,404.61992309160314,0.3102800250053406,7.338293552398682,54.508968353271484,0.015992648899555206,0.675000011920929,0.11529287695884705,6.382673263549805
HalfCheetah-v5,D_lambda,1,41,168000,20.550427155103534,855.009361892473,194.6431560672758,452.82059118816017,0.3915055990219116,7.038653373718262,45.0032958984375,0.015120511874556541,0.675000011920929,-0.22887787222862244,6.231456279754639
HalfCheetah-v5,D_lambda,1,42,172000,20.48405725788325,875.4934191503562,195.27381463750828,578.6338754909866,0.43426740169525146,7.100584506988525,46.70679473876953,0.015193562023341656,0.675000011920929,-0.17496445775032043,6.208002090454102
HalfCheetah-v5,D_lambda,1,43,176000,20.404438961064443,895.8978581114206,196.03577474650305,401.2661178873451,0.9563686847686768,6.937976837158203,38.16529083251953,0.015499765984714031,0.675000011920929,-0.059147611260414124,6.221831321716309
HalfCheetah-v5,D_lambda,1,44,180000,20.280037814984098,916.1778959264047,197.2382909978877,492.89069651266686,0.9371307492256165,6.584155559539795,51.068477630615234,0.0127857131883502,0.675000011920929,-0.09433866292238235,6.136931896209717
HalfCheetah-v5,D_lambda,1,45,184000,20.37924046511762,936.5571363915224,196.27816879861888,594.1915951397461,0.6106146574020386,7.616750240325928,85.93285369873047,0.020208869129419327,1.0125000476837158,-0.12323570996522903,5.679447650909424
HalfCheetah-v5,D_lambda,1,46,188000,20.470091733848676,957.027228125371,195.40703832732368,393.9858936702658,0.9683200120925903,5.930601119995117,46.77396774291992,0.010330844670534134,1.0125000476837158,-0.05497764050960541,5.896329879760742
HalfCheetah-v5,D_lambda,1,47,192000,20.452763383975253,977.4799915093463,195.57259451473445,710.9427457304292,0.5406638383865356,7.6394944190979,57.35709762573242,0.012948287650942802,1.0125000476837158,-0.13235308229923248,5.7784318923950195
HalfCheetah-v5,D_lambda,1,48,196000,20.367629952030256,997.8476214613765,196.39005664482224,715.8721544117049,0.37109702825546265,7.088106155395508,54.67840576171875,0.011337019503116608,1.0125000476837158,-0.060716528445482254,5.851212501525879
HalfCheetah-v5,D_lambda,1,49,200000,20.436622120905668,1018.2842435822822,195.72706175881166,679.4452480190009,0.5939311981201172,6.57713508605957,49.312461853027344,0.009900035336613655,1.0125000476837158,0.05787825211882591,6.065681457519531
HalfCheetah-v5,D_lambda,1,50,204000,20.32443462801166,1038.6086782102939,196.80744252964837,762.5178227024436,0.3253846764564514,7.681336402893066,60.02104568481445,0.011793338693678379,1.0125000476837158,0.052793536335229874,5.901434898376465
HalfCheetah-v5,D_lambda,1,51,208000,21.612885610898957,1060.2215638211928,185.0747777049668,454.30297033682353,0.8787649869918823,7.05966329574585,76.77513885498047,0.011713135056197643,1.0125000476837158,-0.1386713832616806,5.488770961761475
HalfCheetah-v5,D_lambda,1,52,212000,20.67886113608256,1080.9004249572754,193.43425025570664,799.469737441987,0.7837002873420715,7.822537422180176,74.84013366699219,0.010260031558573246,1.0125000476837158,-0.0269019678235054,5.671027660369873
HalfCheetah-v5,D_lambda,1,53,216000,20.66420695092529,1101.5646319082007,193.57142567820102,640.301369548799,0.9743120074272156,5.5450239181518555,52.068172454833984,0.010571589693427086,1.0125000476837158,-0.02481614239513874,5.449584484100342
HalfCheetah-v5,D_lambda,1,54,220000,20.795372804859653,1122.3600047130603,192.35048284709006,627.1997191986931,0.9754058718681335,5.9130754470825195,42.433860778808594,0.008631388656795025,1.0125000476837158,-0.07216008752584457,5.559992790222168
HalfCheetah-v5,D_lambda,1,55,224000,20.17564093088731,1142.5356456439476,198.25888127679335,590.9480841971833,0.9550374746322632,5.940427780151367,103.71003723144531,0.011621464043855667,1.0125000476837158,0.03729512542486191,5.3325629234313965
HalfCheetah-v5,D_lambda,1,56,228000,20.288140798918903,1162.8237864428665,197.1595149917901,638.3356433822591,0.9683322310447693,6.247338771820068,64.6184310913086,0.009171436540782452,1.0125000476837158,0.07813332229852676,5.471567630767822
HalfCheetah-v5,D_lambda,1,57,232000,20.381287419004366,1183.205073861871,196.25845599283548,897.1883688208429,0.9325457215309143,7.042446613311768,62.5198860168457,0.012433994561433792,1.0125000476837158,0.029849279671907425,5.568903923034668
HalfCheetah-v5,D_lambda,1,58,236000,20.358606833964586,1203.5636806958355,196.4770984882294,750.0838394650439,0.9645782113075256,6.319680213928223,55.29783248901367,0.010600007139146328,1.0125000476837158,0.06493838131427765,5.236682415008545
HalfCheetah-v5,D_lambda,1,59,240000,20.190914115170017,1223.7545948110055,198.10891063097952,729.741955509647,0.9566693902015686,6.110231876373291,84.51496887207031,0.011781548149883747,1.0125000476837158,-0.054535649716854095,5.110850811004639
HalfCheetah-v5,D_lambda,1,60,244000,20.315138567006215,1244.0697333780117,196.89750019703993,947.6489142673726,0.9435690641403198,6.719149589538574,62.61106872558594,0.011388583108782768,1.0125000476837158,-0.004953478462994099,5.048198223114014
HalfCheetah-v5,D_lambda,1,61,248000,20.78424631501548,1264.8539796930272,192.45345437954222,783.4872320659833,0.9678030610084534,6.156388759613037,78.10197448730469,0.011613869108259678,1.0125000476837158,-0.03046252205967903,4.909409523010254
HalfCheetah-v5,D_lambda,1,62,252000,20.49965583602898,1285.3536355290562,195.12522707673156,795.0249738947484,0.966859757900238,6.720527172088623,67.71612548828125,0.012418878264725208,1.0125000476837158,-0.15329639613628387,5.049934387207031
HalfCheetah-v5,D_lambda,1,63,256000,20.378074988955632,1305.7317105180118,196.28939446772534,996.1645647909477,0.9559435844421387,7.002615451812744,75.2633056640625,0.012718897312879562,1.0125000476837158,-0.10775551944971085,4.956762790679932
HalfCheetah-v5,D_lambda,1,64,260000,20.28071225597523,1326.012422773987,197.2317317810914,1180.247000785566,0.5222124457359314,7.504232883453369,75.36708068847656,0.014510435983538628,1.0125000476837158,-0.03930000960826874,4.906905174255371
HalfCheetah-v5,D_lambda,1,65,264000,20.632970571983606,1346.6453933459707,193.86447463029796,1008.9589689415055,0.8986578583717346,7.118834495544434,91.65548706054688,0.010307516902685165,1.0125000476837158,-0.08573291450738907,5.377712726593018
HalfCheetah-v5,D_lambda,1,66,268000,20.576918188948184,1367.2223115349188,194.3925695417495,1255.9574629184378,0.47218090295791626,7.559996604919434,72.58251953125,0.013561433181166649,1.0125000476837158,-0.06258254498243332,4.757686614990234
HalfCheetah-v5,D_lambda,1,67,272000,20.15553732099943,1387.3778488559183,198.45662937660927,1167.1940063791774,0.5168968439102173,8.194150924682617,99.8117904663086,0.011698905378580093,1.0125000476837158,-0.07110618054866791,5.02449369430542
HalfCheetah-v5,D_lambda,1,68,276000,20.643208662047982,1408.0210575179663,193.76832669205632,1220.720570579379,0.85821533203125,8.108781814575195,112.96087646484375,0.01320825144648552,1.0125000476837158,0.03707379847764969,4.736569404602051
HalfCheetah-v5,D_lambda,1,69,280000,20.190802300116047,1428.2118598180823,198.1100077423377,1017.9043881414225,0.9552817344665527,6.461889266967773,105.66356658935547,0.013067985884845257,1.0125000476837158,-0.08157210052013397,4.740601062774658
HalfCheetah-v5,D_lambda,1,70,284000,20.17217904701829,1448.3840388651006,198.29290582225187,1171.4266450877465,0.9405126571655273,6.883557319641113,117.59293365478516,0.012536600232124329,1.0125000476837158,0.09188199043273926,4.682857036590576
HalfCheetah-v5,D_lambda,1,71,288000,20.72667062911205,1469.1107094942126,192.98806217249972,1375.672758415199,0.5506658554077148,7.199464321136475,61.82160186767578,0.013310506008565426,1.0125000476837158,-0.014323245733976364,4.483633041381836
HalfCheetah-v5,D_lambda,1,72,292000,20.01366508915089,1489.1243745833635,199.86344241207175,1396.812746559924,0.4938699007034302,7.4810872077941895,69.28785705566406,0.0142296701669693,1.0125000476837158,-0.033736951649188995,4.377377033233643
HalfCheetah-v5,D_lambda,1,73,296000,20.06620888086036,1509.190583464224,199.34009576743208,1275.0918984470427,0.9464167356491089,7.396396636962891,118.13179016113281,0.011926686391234398,1.0125000476837158,-0.12275746464729309,4.381394863128662
HalfCheetah-v5,D_lambda,1,74,300000,20.22939348500222,1529.419976949226,197.73207748247827,1364.0036861511308,0.6462905406951904,7.718315124511719,79.03319549560547,0.01242777518928051,1.0125000476837158,-0.1926960051059723,4.619328498840332
HalfCheetah-v5,D_lambda,2,0,4000,20.77739526098594,20.77739526098594,192.51691320089898,-348.1194117677096,0.0660901665687561,5.044402122497559,19.04599952697754,0.02883356809616089,0.30000001192092896,-0.03307260945439339,8.558327674865723
HalfCheetah-v5,D_lambda,2,1,8000,20.515254915924743,41.29265017691068,194.97686070159642,-282.1158064705515,0.48588889837265015,5.6490159034729,22.493288040161133,0.02616826258599758,0.45000001788139343,-0.05366992950439453,8.335851669311523
HalfCheetah-v5,D_lambda,2,2,12000,20.89418321312405,62.186833390034735,191.44084069711423,-260.09958348266474,0.5444257259368896,5.191211700439453,20.511838912963867,0.0192983690649271,0.45000001788139343,0.052246250212192535,8.353015899658203
HalfCheetah-v5,D_lambda,2,3,16000,21.8578436630778,84.04467705311254,183.00066839423812,-282.38828466293774,0.5579032897949219,5.098189353942871,18.946319580078125,0.02123448997735977,0.675000011920929,-0.153568297624588,8.30746078491211
HalfCheetah-v5,D_lambda,2,4,20000,21.20723180496134,105.25190885807388,188.61490442445287,-262.14286415012185,0.582952618598938,4.584949493408203,17.424671173095703,0.013112390413880348,0.675000011920929,0.009424794465303421,8.365083694458008
HalfCheetah-v5,D_lambda,2,5,24000,20.862867143005133,126.11477600107901,191.7282017175244,-315.63027409154853,0.6982481479644775,4.137049674987793,11.243196487426758,0.015951983630657196,0.675000011920929,-0.16718219220638275,8.217055320739746
HalfCheetah-v5,D_lambda,2,6,28000,20.717974917963147,146.83275091904216,193.0690627746572,-239.26291691342772,0.5152854919433594,5.306041717529297,21.602922439575195,0.0141659090295434,0.675000011920929,0.11105958372354507,8.159807205200195
HalfCheetah-v5,D_lambda,2,7,32000,20.784379845950752,167.6171307649929,192.45221794670417,-278.64317039167474,0.6309660077095032,4.302911758422852,12.618446350097656,0.014092722907662392,0.675000011920929,-0.017672229558229446,8.08452320098877
HalfCheetah-v5,D_lambda,2,8,36000,20.698669207980856,188.31579997297376,193.2491388604687,-226.8829997389269,0.7153736352920532,4.246028900146484,10.580928802490234,0.013303650543093681,0.675000011920929,-0.07886449992656708,8.103532791137695
HalfCheetah-v5,D_lambda,2,9,40000,20.845291873905808,209.16109184687957,191.88985331537674,-245.22041761352006,0.8836545348167419,4.644951343536377,12.02707576751709,0.01803780533373356,0.675000011920929,0.11657389998435974,7.5295515060424805
HalfCheetah-v5,D_lambda,2,10,44000,21.61645523784682,230.7775470847264,185.0442154362416,-211.02846860199122,0.5932533144950867,4.433609962463379,11.969557762145996,0.01569669507443905,0.675000011920929,-0.023760035634040833,7.959174633026123
HalfCheetah-v5,D_lambda,2,11,48000,21.170372464926913,251.9479195496533,188.9432983112047,-218.8777456928857,0.5367737412452698,4.059013366699219,10.685943603515625,0.012416603974997997,0.675000011920929,-0.03629279136657715,8.056575775146484
HalfCheetah-v5,D_lambda,2,12,52000,20.108369008870795,272.0562885585241,198.92215018708887,-180.8869075545648,0.5423990488052368,4.185691833496094,21.688627243041992,0.013382164761424065,0.675000011920929,-0.2865346372127533,7.811036586761475
HalfCheetah-v5,D_lambda,2,13,56000,20.79926099581644,292.85554955434054,192.31452505954704,-169.49710890224256,0.6801292896270752,4.212911605834961,8.134157180786133,0.014342793263494968,0.675000011920929,-0.031184924766421318,7.931123733520508
HalfCheetah-v5,D_lambda,2,14,60000,23.187080656178296,316.04263021051884,172.50985836952196,-160.2190709994359,0.7492901086807251,3.7750191688537598,7.128281593322754,0.013698183000087738,0.675000011920929,0.07444915175437927,7.759741306304932
HalfCheetah-v5,D_lambda,2,15,64000,21.958356528077275,338.0009867385961,182.1629954357176,-109.91140112775814,0.7387621402740479,4.119576454162598,7.30512809753418,0.013337817043066025,0.675000011920929,-0.020670246332883835,7.7863616943359375
HalfCheetah-v5,D_lambda,2,16,68000,20.907474105013534,358.90846084360965,191.31914165761492,-113.76921734545436,0.522814154624939,4.161381721496582,10.293681144714355,0.015601107850670815,0.675000011920929,-0.09344332665205002,7.722179889678955
HalfCheetah-v5,D_lambda,2,17,72000,20.869749184930697,379.77821002854034,191.66497711856823,-106.41582995864933,0.6591767072677612,5.007439613342285,8.016483306884766,0.015014126896858215,0.675000011920929,-0.011092184111475945,7.6339826583862305
HalfCheetah-v5,D_lambda,2,18,76000,20.97748736781068,400.755697396351,190.68060582593313,-103.55486648473448,0.6844947338104248,3.7528157234191895,5.234696865081787,0.0160989873111248,0.675000011920929,-0.18995535373687744,7.48382043838501
HalfCheetah-v5,D_lambda,2,19,80000,20.78173447283916,421.5374318691902,192.47671580193796,-88.12541462677319,0.5637138485908508,4.311858654022217,6.527451515197754,0.015103332698345184,0.675000011920929,-0.1996152549982071,7.500004768371582
HalfCheetah-v5,D_lambda,2,20,84000,20.588907793862745,442.12633966305293,194.2793682913254,-43.32824559616185,0.5154085159301758,4.642566680908203,8.473318099975586,0.01878426969051361,0.675000011920929,-0.08116283267736435,7.418961048126221
HalfCheetah-v5,D_lambda,2,21,88000,20.84834584686905,462.974685509922,191.86174430240033,-14.071301769606581,0.5809249877929688,3.778092384338379,4.968316078186035,0.015312470495700836,0.675000011920929,0.01551426574587822,7.210878372192383
HalfCheetah-v5,D_lambda,2,22,92000,20.84760782518424,483.8222933351062,191.86853635878245,-18.27834339214197,0.46609270572662354,4.012121200561523,9.129399299621582,0.015885619446635246,0.675000011920929,-0.12409605085849762,7.080059051513672
HalfCheetah-v5,D_lambda,2,23,96000,21.576365273911506,505.39865860901773,185.38803682733786,11.43625807036709,0.335701048374176,3.473649024963379,8.939635276794434,0.015274759382009506,0.675000011920929,-0.16989651322364807,7.282650470733643
HalfCheetah-v5,D_lambda,2,24,100000,20.99511254602112,526.3937711550388,190.52053144426029,2.0224625017992226,0.17795467376708984,4.689378261566162,16.4482364654541,0.013951710425317287,0.675000011920929,-0.03986238315701485,7.140400409698486
HalfCheetah-v5,D_lambda,2,25,104000,21.080583039904013,547.4743541949429,189.74807254753298,36.538648659675125,0.09116047620773315,4.73417854309082,12.145434379577637,0.015342555940151215,0.675000011920929,-0.16438868641853333,7.0399169921875
HalfCheetah-v5,D_lambda,2,26,108000,20.990364091005176,568.464718285948,190.56363113368226,70.886988813204,0.37336450815200806,4.932604789733887,14.685287475585938,0.016601331532001495,0.675000011920929,-0.12575918436050415,6.992380619049072
HalfCheetah-v5,D_lambda,2,27,112000,21.96884674206376,590.4335650280118,182.07601186188796,98.30765117100563,0.4047892689704895,4.6665143966674805,11.644688606262207,0.015477539040148258,0.675000011920929,-0.004717528820037842,7.011587142944336
HalfCheetah-v5,D_lambda,2,28,116000,21.919538931921124,612.3531039599329,182.48559025002368,140.02662827657264,0.1371561884880066,4.637930870056152,9.447866439819336,0.015175423584878445,0.675000011920929,-0.09713593870401382,6.739042282104492
HalfCheetah-v5,D_lambda,2,29,120000,21.59717803588137,633.9502819958143,185.20938214031636,151.47586269487013,0.5428252220153809,4.712411403656006,10.783638000488281,0.013840134255588055,0.675000011920929,-0.0005649403319694102,6.683891773223877
HalfCheetah-v5,D_lambda,2,30,124000,21.166502639185637,655.1167846349999,188.97784240438395,171.11388318047602,0.514743983745575,4.698901653289795,10.942191123962402,0.013512692414224148,0.675000011920929,0.01709882542490959,6.567540168762207
HalfCheetah-v5,D_lambda,2,31,128000,20.838959506014362,675.9557441410143,191.94816319142777,220.36897788034588,0.2997288703918457,4.78424596786499,9.487865447998047,0.013633430935442448,0.675000011920929,-0.0493246391415596,6.341504096984863
HalfCheetah-v5,D_lambda,2,32,132000,20.81839637691155,696.7741405179258,192.13775775910207,264.5894034130255,0.3328079581260681,5.426578998565674,16.7296142578125,0.016499141231179237,0.675000011920929,0.03353063762187958,6.392799377441406
HalfCheetah-v5,D_lambda,2,33,136000,22.59334543487057,719.3674859527964,177.043280798354,280.6220852901626,0.6909061670303345,5.399191379547119,15.064727783203125,0.014432478696107864,0.675000011920929,-0.03723917156457901,6.5135111808776855
HalfCheetah-v5,D_lambda,2,34,140000,21.721974099986255,741.0894600527827,184.14532590767297,284.2766220444497,0.5810957551002502,5.500808238983154,19.421911239624023,0.014373940415680408,0.675000011920929,-0.09195789694786072,6.315861701965332
HalfCheetah-v5,D_lambda,2,35,144000,21.163957110838965,762.2534171636216,189.00057201266154,352.8927219487547,0.6246877908706665,5.319046497344971,21.931270599365234,0.013150508515536785,0.675000011920929,0.011871293187141418,6.298454761505127
HalfCheetah-v5,D_lambda,2,36,148000,21.962795262923464,784.2162124265451,182.1261798470893,398.3499591810749,0.5556211471557617,5.084111213684082,27.71146011352539,0.013978783041238785,0.675000011920929,-0.17008161544799805,6.190617561340332
HalfCheetah-v5,D_lambda,2,37,152000,20.9781720621977,805.1943844887428,190.67438231226686,435.5739963499877,0.6270116567611694,4.6620869636535645,17.767608642578125,0.014588767662644386,0.675000011920929,-0.04177673161029816,6.282597541809082
HalfCheetah-v5,D_lambda,2,38,156000,21.523202846059576,826.7175873348024,185.84594628453786,473.3384779114862,0.2670400142669678,5.874263763427734,44.01997375488281,0.016384657472372055,0.675000011920929,-0.21070286631584167,5.936981201171875
HalfCheetah-v5,D_lambda,2,39,160000,22.29973376216367,849.017321096966,179.37433884465773,474.6718357603328,0.8390977382659912,5.172128677368164,21.69823455810547,0.015148527920246124,0.675000011920929,0.0011847864370793104,5.995486259460449
HalfCheetah-v5,D_lambda,2,40,164000,23.058310111053288,872.0756312080193,173.47325023972812,491.4963223164391,0.6820213794708252,4.725365161895752,21.511707305908203,0.01259508728981018,0.675000011920929,-0.08377958834171295,5.967148780822754
HalfCheetah-v5,D_lambda,2,41,168000,21.22676619514823,893.3023974031676,188.4413274837066,491.1389697304029,0.7813900709152222,4.596001625061035,51.126277923583984,0.013232764787971973,0.675000011920929,-0.14835406839847565,5.991893768310547
HalfCheetah-v5,D_lambda,2,42,172000,21.152127765817568,914.4545251689851,189.1062707395382,512.5443989471923,0.49559515714645386,4.560751438140869,64.42811584472656,0.010825609788298607,0.675000011920929,-0.06491895765066147,5.911848545074463
HalfCheetah-v5,D_lambda,2,43,176000,20.9008617780637,935.3553869470488,191.3796685741524,552.9275591622819,0.1810484528541565,4.2646708488464355,70.67638397216797,0.011743522249162197,0.675000011920929,-0.19318601489067078,5.83823823928833
HalfCheetah-v5,D_lambda,2,44,180000,21.955891993129626,957.3112789401785,182.18344311639302,603.5648716099395,0.8489295840263367,5.39666748046875,34.887718200683594,0.012027990072965622,0.675000011920929,0.04015984386205673,5.704834938049316
HalfCheetah-v5,D_lambda,2,45,184000,21.229457654058933,978.5407365942374,188.4174369963345,603.5231871342944,0.5409684777259827,5.136380195617676,71.89344787597656,0.009355928748846054,0.675000011920929,-0.1377103179693222,5.742736339569092
HalfCheetah-v5,D_lambda,2,46,188000,20.754533224971965,999.2952698192094,192.7289790929713,590.6515883655437,0.5335392951965332,4.717552661895752,56.999168395996094,0.011060410179197788,0.675000011920929,-0.016398992389440536,5.768755912780762
HalfCheetah-v5,D_lambda,2,47,192000,20.798772524110973,1020.0940423433203,192.31904168205122,650.0262806118508,0.11346715688705444,4.198454856872559,61.37377166748047,0.00790494866669178,0.675000011920929,-0.06698708236217499,5.67122745513916
HalfCheetah-v5,D_lambda,2,48,196000,20.78815064392984,1040.8821929872502,192.41730871177828,647.4967442053949,0.8496959209442139,4.818386077880859,20.198259353637695,0.009404540061950684,0.675000011920929,0.03718360885977745,5.46376895904541
HalfCheetah-v5,D_lambda,2,49,200000,20.78417345113121,1061.6663664383814,192.45412907109346,649.3023042975077,0.5304186344146729,4.193892955780029,84.96855163574219,0.009458422660827637,0.675000011920929,-0.05381707847118378,5.558624267578125
HalfCheetah-v5,D_lambda,2,50,204000,20.81241599097848,1082.4787824293599,192.192967973246,623.1514851582571,0.7593667507171631,4.591379642486572,110.56111907958984,0.01087114866822958,0.675000011920929,-0.16666936874389648,5.394533634185791
HalfCheetah-v5,D_lambda,2,51,208000,20.76136927609332,1103.2401517054532,192.66551963920767,671.8972642999604,0.6764245629310608,5.074588775634766,108.3883056640625,0.011522974818944931,0.675000011920929,-0.1890539675951004,5.3305840492248535
HalfCheetah-v5,D_lambda,2,52,212000,20.70141952810809,1123.9415712335613,193.22346443773372,707.6052731070586,0.7735468745231628,4.615024089813232,26.034639358520508,0.008463244885206223,0.675000011920929,0.06971701234579086,5.5434746742248535
HalfCheetah-v5,D_lambda,2,53,216000,20.888900785008445,1144.8304720185697,191.4892526499394,709.3806977071563,0.3174595236778259,4.280569553375244,101.34172058105469,0.012239868752658367,0.675000011920929,-0.14401724934577942,5.448728561401367
HalfCheetah-v5,D_lambda,2,54,220000,20.809773221844807,1165.6402452404145,192.21737581460275,730.0475693512184,0.599182665348053,4.934846878051758,82.26760864257812,0.007589074317365885,0.675000011920929,0.01977361924946308,5.525206089019775
HalfCheetah-v5,D_lambda,2,55,224000,20.752557006897405,1186.392802247312,192.74733222853183,686.6611287546774,0.6536157727241516,4.699824810028076,147.8069610595703,0.010063547641038895,0.675000011920929,0.014890067279338837,5.325675964355469
HalfCheetah-v5,D_lambda,2,56,228000,21.755599725060165,1208.148401972372,183.8607094518484,730.8008820825436,0.8388579487800598,4.607159614562988,33.038150787353516,0.008265485055744648,0.675000011920929,0.018200447782874107,5.497060775756836
HalfCheetah-v5,D_lambda,2,57,232000,20.71753085986711,1228.8659328322392,193.07320100333894,727.0190653722539,0.5191254615783691,4.656881332397461,86.93863677978516,0.00916073564440012,0.675000011920929,-0.038413796573877335,5.30913782119751
HalfCheetah-v5,D_lambda,2,58,236000,22.400800462113693,1251.266733294353,178.56504756449084,756.8631362794221,0.21072059869766235,4.26002311706543,100.62335205078125,0.011801308952271938,0.675000011920929,-0.07906615734100342,5.249116897583008
HalfCheetah-v5,D_lambda,2,59,240000,20.852548946859315,1272.1192822412122,191.8230720951002,757.1888958897524,0.9164898991584778,3.75936222076416,30.761775970458984,0.01135327760130167,0.675000011920929,0.041014574468135834,5.204578399658203
HalfCheetah-v5,D_lambda,2,60,244000,20.621685004793108,1292.7409672460053,193.97057025506297,758.6425694510884,0.8197752237319946,4.725179672241211,90.28402709960938,0.011270321905612946,0.675000011920929,-0.0387837216258049,5.1971025466918945
HalfCheetah-v5,D_lambda,2,61,248000,21.108135750051588,1313.849102996057,189.50039204623857,795.965057982326,0.8465020060539246,4.687628269195557,50.2593879699707,0.009757964871823788,0.675000011920929,-0.020965799689292908,5.103364944458008
HalfCheetah-v5,D_lambda,2,62,252000,20.89767942391336,1334.7467824199703,191.40881237860182,799.9184577523314,0.046453773975372314,4.96043062210083,231.4263458251953,0.01236424408853054,0.675000011920929,-0.2154126614332199,5.137880802154541
HalfCheetah-v5,D_lambda,2,63,256000,21.717454239027575,1356.4642366589978,184.1836504396431,817.0771094589613,0.06839686632156372,4.557717323303223,157.73497009277344,0.012959416955709457,0.675000011920929,-0.11145288497209549,5.00837516784668
HalfCheetah-v5,D_lambda,2,64,260000,20.697169797029346,1377.1614064560272,193.2631388362151,822.5915553266616,0.6729073524475098,5.1111369132995605,89.07909393310547,0.01231304556131363,0.675000011920929,-0.08208120614290237,5.000586986541748
HalfCheetah-v5,D_lambda,2,65,264000,20.445044320076704,1397.6064507761039,195.64643330570158,672.748960097948,0.8478552103042603,5.118680953979492,69.57681274414062,0.010885459370911121,0.675000011920929,0.040950626134872437,5.227521896362305
HalfCheetah-v5,D_lambda,2,66,268000,20.483824902912602,1418.0902756790165,195.27602969459278,821.2876887051855,0.8490667343139648,4.482277870178223,52.82655334472656,0.00961416494101286,0.675000011920929,0.06208426505327225,5.16122579574585
HalfCheetah-v5,D_lambda,2,67,272000,20.935183393070474,1439.025459072087,191.06591640004436,805.8060156242882,0.8931112289428711,4.382599830627441,45.231483459472656,0.010786106809973717,0.675000011920929,0.04250038415193558,4.857593059539795
HalfCheetah-v5,D_lambda,2,68,276000,21.063097230158746,1460.0885563022457,189.905594428567,829.7645146961531,0.6559348106384277,3.547839879989624,154.81369018554688,0.011053422465920448,0.675000011920929,-0.06481309235095978,4.833209037780762
HalfCheetah-v5,D_lambda,2,69,280000,20.334705563960597,1480.4232618662063,196.70803628891682,846.3322949004798,0.666428804397583,4.552692413330078,111.77671813964844,0.029449986293911934,1.0125000476837158,-0.09903763234615326,4.868039131164551
HalfCheetah-v5,D_lambda,2,70,284000,20.344103327021003,1500.7673651932273,196.61716890157587,889.4902609182108,0.38359546661376953,4.342685699462891,113.72071075439453,0.007044453173875809,1.0125000476837158,-0.019063809886574745,4.827672481536865
HalfCheetah-v5,D_lambda,2,71,288000,20.40623096912168,1521.173596162349,196.0185595298183,853.9109898972584,0.958467423915863,4.335170745849609,10.42423152923584,0.004069238901138306,0.5062500238418579,0.13022758066654205,5.1199164390563965
HalfCheetah-v5,D_lambda,2,72,292000,20.880353326210752,1542.0539494885597,191.5676395656997,878.6461560196364,0.7474007606506348,4.117377758026123,16.65493392944336,0.008854195475578308,0.5062500238418579,0.13806703686714172,4.976676940917969
HalfCheetah-v5,D_lambda,2,73,296000,21.72775425412692,1563.7817037426867,184.09633840737354,858.9914249323705,0.5431724786758423,4.926924705505371,130.3845672607422,0.011627981439232826,0.5062500238418579,-0.11985409259796143,4.525505542755127
HalfCheetah-v5,D_lambda,2,74,300000,20.296555407112464,1584.0782591497991,197.0777759953441,842.1384510976079,0.8454445600509644,4.162535667419434,88.06490325927734,0.013647489249706268,0.5062500238418579,-0.028931772336363792,4.699190139770508
HalfCheetah-v5,D,0,0,4000,21.898467984981835,21.898467984981835,182.66117989364534,-282.5279615793039,0.06488734483718872,9.348822593688965,758.2611694335938,0.03148948401212692,0.30000001192092896,0.0465063638985157,8.663999557495117
HalfCheetah-v5,D,0,1,8000,21.368525167927146,43.26699315290898,187.19120615791286,-361.4031553555162,-0.0097273588180542,9.521092414855957,927.9219970703125,0.024669963866472244,0.45000001788139343,-0.19952018558979034,8.689730644226074
HalfCheetah-v5,D,0,2,12000,22.67673264304176,65.94372579595074,176.39225469403678,-372.79545493627467,-0.028701424598693848,9.654861450195312,1196.0909423828125,0.02027093432843685,0.675000011920929,-0.041875727474689484,8.602666854858398
HalfCheetah-v5,D,0,3,16000,21.69479361991398,87.63851941586472,184.37603371936848,-262.83378377213927,0.011649727821350098,8.915125846862793,667.3272094726562,0.01366919744759798,0.675000011920929,0.07452363520860672,8.688375473022461
HalfCheetah-v5,D,0,4,20000,21.505157077219337,109.14367649308406,186.00189645846606,-291.119290536015,0.08642899990081787,9.453521728515625,396.9215393066406,0.014949213713407516,0.675000011920929,-0.0606367290019989,8.62827205657959
HalfCheetah-v5,D,0,5,24000,20.82564542791806,129.96932192100212,192.07087789162844,-375.1711958988065,-0.15778636932373047,9.87705135345459,717.62060546875,0.015530074946582317,0.675000011920929,0.01251962874084711,8.608158111572266
HalfCheetah-v5,D,0,6,28000,20.73337618005462,150.70269810105674,192.9256463232445,-240.0588464928759,0.15466797351837158,9.253782272338867,303.765380859375,0.014577198773622513,0.675000011920929,-0.048379093408584595,8.636033058166504
HalfCheetah-v5,D,0,7,32000,20.544012055033818,171.24671015609056,194.7039355937243,-314.9177936748799,0.04847210645675659,8.82459831237793,380.8575439453125,0.01639505662024021,0.675000011920929,-0.22739483416080475,8.517768859863281
HalfCheetah-v5,D,0,8,36000,20.632344454992563,191.87905461108312,193.87035771555713,-303.1919256630445,0.050926148891448975,9.466301918029785,507.55731201171875,0.013166606426239014,0.675000011920929,-0.07420839369297028,8.684929847717285
HalfCheetah-v5,D,0,9,40000,20.884415718959644,212.76347033004276,191.53037623018835,-303.4657738912741,0.22362405061721802,9.387306213378906,327.2235107421875,0.014524550177156925,0.675000011920929,-0.02384374290704727,8.5179443359375
HalfCheetah-v5,D,0,10,44000,20.626428012968972,233.38989834301174,193.92596708867768,-310.63011994897954,0.0533447265625,9.449817657470703,364.29852294921875,0.013320282101631165,0.675000011920929,-0.166835218667984,8.444198608398438
HalfCheetah-v5,D,0,11,48000,20.928769431076944,254.31866777408868,191.12447165959196,-313.4306616590766,-0.249120831489563,7.8121490478515625,256.29522705078125,0.013286556117236614,0.675000011920929,0.030446773394942284,8.477018356323242
HalfCheetah-v5,D,0,12,52000,20.531125088920817,274.8497928630095,194.82614726060552,-268.77810855275135,0.49079281091690063,8.360404968261719,152.99595642089844,0.014485148712992668,0.675000011920929,-0.0021909400820732117,8.423463821411133
HalfCheetah-v5,D,0,13,56000,20.782029690919444,295.63182255392894,192.47398158360687,-331.6609208128167,-0.42788052558898926,9.14037799835205,253.75161743164062,0.015268806368112564,0.675000011920929,-0.09598947316408157,8.441835403442383
HalfCheetah-v5,D,0,14,60000,20.8879553580191,316.51977791194804,191.49791980306773,-324.22255126574623,-0.06238508224487305,8.207387924194336,141.380859375,0.01538700982928276,0.675000011920929,-0.09761706739664078,8.323809623718262
HalfCheetah-v5,D,0,15,64000,21.59901686804369,338.11879477999173,185.19361434075753,-289.87112947367564,0.1596032977104187,7.1411614418029785,92.21034240722656,0.013230254873633385,0.675000011920929,-0.2120160013437271,8.3385591506958
HalfCheetah-v5,D,0,16,68000,24.37817069189623,362.49696547188796,164.08122047195593,-224.1366580731547,0.32653528451919556,8.405219078063965,225.7556915283203,0.013074717484414577,0.675000011920929,-0.029670685529708862,8.455953598022461
HalfCheetah-v5,D,0,17,72000,20.60621694405563,383.1031824159436,194.11617430116877,-325.151658529916,-0.07743918895721436,8.040170669555664,211.63943481445312,0.01522639486938715,0.675000011920929,-0.11120109260082245,8.337958335876465
HalfCheetah-v5,D,0,18,76000,20.850822895998135,403.9540053119417,191.83895139062898,-215.18294908538542,0.08482682704925537,7.823665618896484,221.60379028320312,0.017806677147746086,0.675000011920929,0.06870046257972717,8.399519920349121
HalfCheetah-v5,D,0,19,80000,20.47088971803896,424.4248950299807,195.39942108501506,-199.26858784629948,0.18071109056472778,8.721887588500977,297.9656677246094,0.013439944945275784,0.675000011920929,-0.07920634746551514,8.424577713012695
HalfCheetah-v5,D,0,20,84000,20.6859514079988,445.1108464379795,193.36794915090482,-296.5972555796994,0.17987501621246338,8.758212089538574,150.92372131347656,0.01587628200650215,0.675000011920929,0.07293951511383057,8.344606399536133
HalfCheetah-v5,D,0,21,88000,20.959364334121346,466.07021077210084,190.84548253632363,-264.08146813032636,0.2790336012840271,8.122418403625488,210.87136840820312,0.013195148669183254,0.675000011920929,-0.28196749091148376,8.199628829956055
HalfCheetah-v5,D,0,22,92000,20.941662834957242,487.0118736070581,191.00679977155056,-152.81343852585337,0.4429696202278137,8.1605224609375,246.3427734375,0.015159803442656994,0.675000011920929,-0.041778139770030975,8.26552963256836
HalfCheetah-v5,D,0,23,96000,21.047995838103816,508.0598694451619,190.0418467756764,-277.0760539575714,-0.006766080856323242,7.745137691497803,183.517822265625,0.016780059784650803,0.675000011920929,-0.05766812711954117,8.162134170532227
HalfCheetah-v5,D,0,24,100000,20.77160563901998,528.8314750841819,192.5705729982616,-221.9257435662888,0.23052144050598145,8.150787353515625,178.15728759765625,0.014429142698645592,0.675000011920929,-0.08399379253387451,8.059269905090332
HalfCheetah-v5,D,0,25,104000,20.487544145900756,549.3190192300826,195.24057991110362,-128.83547790335663,0.17548733949661255,8.343870162963867,219.9225311279297,0.013355766423046589,0.675000011920929,-0.047894187271595,8.227604866027832
HalfCheetah-v5,D,0,26,108000,20.936313675018027,570.2553329051007,191.05560138664458,-266.16427987763655,0.215023934841156,8.464643478393555,322.53277587890625,0.013582643121480942,0.675000011920929,-0.09389813244342804,8.165301322937012
HalfCheetah-v5,D,0,27,112000,20.908532763831317,591.163865668932,191.3094546222493,-218.6396672494334,0.17153942584991455,7.806534290313721,267.9898681640625,0.013844002969563007,0.675000011920929,-0.09707441926002502,8.186991691589355
HalfCheetah-v5,D,0,28,116000,21.483145461184904,612.6470111301169,186.1924738733943,-236.7259040806734,0.2332506775856018,7.307290077209473,108.73667907714844,0.014127738773822784,0.675000011920929,0.1555158793926239,8.014557838439941
HalfCheetah-v5,D,0,29,120000,21.369803112000227,634.0168142421171,187.18001186233658,-101.62514414112226,0.2029595971107483,9.187125205993652,342.9256591796875,0.01622275449335575,0.675000011920929,0.17439883947372437,8.19009780883789
HalfCheetah-v5,D,0,30,124000,21.404541342053562,655.4213555841707,186.87623042597923,-146.97694750504587,0.4001085162162781,7.546618461608887,172.25387573242188,0.01213538646697998,0.675000011920929,-0.01245473138988018,8.031807899475098
HalfCheetah-v5,D,0,31,128000,22.196369532030076,677.6177251162007,180.209650692104,-177.16805831944964,0.23729783296585083,8.635320663452148,152.18519592285156,0.013484359718859196,0.675000011920929,0.03152327984571457,7.9199371337890625
HalfCheetah-v5,D,0,32,132000,20.94474338996224,698.562468506163,190.97870647185863,-143.41936523506945,0.368385910987854,7.548260688781738,134.34121704101562,0.013541847467422485,0.675000011920929,-0.05092337727546692,8.03685188293457
HalfCheetah-v5,D,0,33,136000,21.599905773065984,720.162374279229,185.1859930327938,-84.55638474856309,0.34057480096817017,7.980459213256836,212.80345153808594,0.013308404944837093,0.675000011920929,-0.11144806444644928,7.961726188659668
HalfCheetah-v5,D,0,34,140000,21.360887045040727,741.5232613242697,187.25814108589017,-128.42634833024405,0.018957436084747314,8.923480987548828,381.6761779785156,0.014324810355901718,0.675000011920929,0.04911484941840172,8.130407333374023
HalfCheetah-v5,D,0,35,144000,21.503877537092194,763.0271388613619,186.01296408521537,-65.1209077215509,0.03846043348312378,7.966376304626465,303.16400146484375,0.013945127837359905,0.675000011920929,0.07671484351158142,7.958799362182617
HalfCheetah-v5,D,0,36,148000,21.051788564072922,784.0789274254348,190.00760851391118,-76.18468721312608,0.17555594444274902,7.906240940093994,174.99993896484375,0.014432908967137337,0.675000011920929,-0.02677287720143795,8.137717247009277
HalfCheetah-v5,D,0,37,152000,21.714591599069536,805.7935190245043,184.20793141563846,19.110345468834772,0.018561244010925293,9.187728881835938,390.30780029296875,0.014691783115267754,0.675000011920929,-0.08711715787649155,7.9653825759887695
HalfCheetah-v5,D,0,38,156000,21.078663922846317,826.8721829473507,189.76534825172484,-73.36202898833403,0.2448199987411499,8.363442420959473,261.825439453125,0.015290993265807629,0.675000011920929,-0.06299728155136108,7.707200050354004
HalfCheetah-v5,D,0,39,160000,21.00665666698478,847.8788396143354,190.41583167713787,10.943820513399178,-0.015179872512817383,8.032567024230957,166.89584350585938,0.01388055831193924,0.675000011920929,0.0038167908787727356,7.691662311553955
HalfCheetah-v5,D,0,40,164000,20.74434180604294,868.6231814203784,192.82366427431205,-186.30680634463042,-0.4062086343765259,8.280662536621094,495.8372802734375,0.017923271283507347,0.675000011920929,-0.19182993471622467,7.157992362976074
HalfCheetah-v5,D,0,41,168000,20.986110700061545,889.6092921204399,190.6022538987307,-55.43948786752146,0.035610198974609375,8.47385025024414,209.35317993164062,0.013053657487034798,0.675000011920929,-0.223224937915802,7.675535202026367
HalfCheetah-v5,D,0,42,172000,20.922737112035975,910.5320292324759,191.17957552976983,-17.07761031537107,0.1685599684715271,8.217264175415039,169.10797119140625,0.012311549857258797,0.675000011920929,-0.1144489198923111,7.895040512084961
HalfCheetah-v5,D,0,43,176000,20.673466054955497,931.2054952874314,193.4847301060669,-78.28412078565378,0.12741142511367798,8.906682968139648,261.4039306640625,0.013420695438981056,0.675000011920929,-0.09710688143968582,7.584160804748535
HalfCheetah-v5,D,0,44,180000,20.707397777820006,951.9128930652514,193.16768059985102,-57.82561304928085,-0.37324440479278564,8.737165451049805,366.5737609863281,0.01638066954910755,0.675000011920929,0.09110561013221741,7.314054012298584
HalfCheetah-v5,D,0,45,184000,20.77253337088041,972.6854264361318,192.56197251353683,-75.1691731590274,-0.03496813774108887,8.719651222229004,495.98333740234375,0.014619763940572739,0.675000011920929,0.08059722930192947,7.722006797790527
HalfCheetah-v5,D,0,46,188000,20.881062941160053,993.5664893772919,191.56112939611583,-3.5998886738428766,0.05618709325790405,8.634149551391602,286.6054992675781,0.012569817714393139,0.675000011920929,-0.05423978716135025,7.684457302093506
HalfCheetah-v5,D,0,47,192000,21.846824046922848,1015.4133134242147,183.09297458563114,-58.14243788464112,0.1279233694076538,7.877040386199951,440.2767639160156,0.014783058315515518,0.675000011920929,-0.056133754551410675,7.4319610595703125
HalfCheetah-v5,D,0,48,196000,22.581983252894133,1037.9952966771089,177.13236057277456,-16.050087370351935,0.008413434028625488,8.672281265258789,392.79998779296875,0.015687093138694763,0.675000011920929,-0.012123985216021538,7.790175914764404
HalfCheetah-v5,D,0,49,200000,22.045410172082484,1060.0407068491913,181.44366418119344,-41.50077058785682,-0.03831136226654053,9.192123413085938,484.4966125488281,0.01284712553024292,0.675000011920929,-0.10870778560638428,7.718226432800293
HalfCheetah-v5,D,0,50,204000,21.095650162082165,1081.1363570112735,189.61254899788287,4.212518964064955,-0.03404092788696289,8.18874454498291,321.92376708984375,0.013523082248866558,0.675000011920929,-0.1307266801595688,7.292576789855957
HalfCheetah-v5,D,0,51,208000,20.848707898985595,1101.985064910259,191.85841249157806,-7.974958749397906,0.5449820756912231,7.782613277435303,130.3080291748047,0.012779179029166698,0.675000011920929,-0.13383226096630096,7.1108479499816895
HalfCheetah-v5,D,0,52,212000,21.90128925908357,1123.8863541693427,182.63764989729992,-24.281593341471076,0.14366799592971802,8.07751750946045,290.4286193847656,0.013633125461637974,0.675000011920929,-0.06940709054470062,7.592841625213623
HalfCheetah-v5,D,0,53,216000,21.58791501284577,1145.4742691821884,185.2888524723125,73.08441063704325,0.039493560791015625,8.319435119628906,271.5871276855469,0.013760644011199474,0.675000011920929,-0.14929190278053284,7.5993218421936035
HalfCheetah-v5,D,0,54,220000,21.01107617188245,1166.485345354071,190.3757792926809,53.05302678684272,0.25439536571502686,8.3165283203125,171.74998474121094,0.01207797136157751,0.675000011920929,0.08190108835697174,7.324670314788818
HalfCheetah-v5,D,0,55,224000,21.48230735398829,1187.9676527080592,186.19973795586634,10.402566472032202,0.02175956964492798,8.83245849609375,526.0224609375,0.014995883218944073,0.675000011920929,-0.036052118986845016,7.669271945953369
HalfCheetah-v5,D,0,56,228000,20.97122904122807,1208.9388817492872,190.73750957257968,52.37425629185836,0.18216145038604736,8.33722972869873,345.58111572265625,0.013988145627081394,0.675000011920929,-0.23145568370819092,7.577832221984863
HalfCheetah-v5,D,0,57,232000,21.593130748951808,1230.532012498239,185.24409667616965,42.05416379105082,0.01107257604598999,8.987380981445312,493.56219482421875,0.013904285617172718,0.675000011920929,-0.0745992511510849,7.304901123046875
HalfCheetah-v5,D,0,58,236000,21.609393443213776,1252.1414059414528,185.104686557325,-3.520535829275431,-0.016193866729736328,8.594730377197266,653.359130859375,0.014563453383743763,0.675000011920929,0.05334307253360748,7.315503120422363
HalfCheetah-v5,D,0,59,240000,21.0521202289965,1273.1935261704493,190.00461504540198,-20.515122188595576,0.2316156029701233,7.978574752807617,297.7840881347656,0.01645311526954174,0.675000011920929,0.029725845903158188,6.890874862670898
HalfCheetah-v5,D,0,60,244000,21.167249192949384,1294.3607753633987,188.97117729082922,70.82559958287719,0.0630759596824646,7.876236915588379,128.07858276367188,0.01380165945738554,0.675000011920929,-0.22077226638793945,7.384885787963867
HalfCheetah-v5,D,0,61,248000,20.918245072010905,1315.2790204354096,191.22062994433946,59.58585272876053,0.003533482551574707,8.991238594055176,244.4290008544922,0.013957705348730087,0.675000011920929,0.04927022010087967,7.369046211242676
HalfCheetah-v5,D,0,62,252000,21.02207196992822,1336.3010924053378,190.27620140022088,27.266036332369676,0.0036600828170776367,9.653843879699707,713.5828247070312,0.0163348987698555,0.675000011920929,-0.001904260367155075,7.443955421447754
HalfCheetah-v5,D,0,63,256000,23.441707303980365,1359.7427997093182,170.63603551268668,39.00636766896712,-0.042992353439331055,9.001765251159668,288.77593994140625,0.012736337259411812,0.675000011920929,-0.07441592216491699,7.039974212646484
HalfCheetah-v5,D,0,64,260000,22.24609098304063,1381.9888906923588,179.80687047667885,101.4570497885865,-0.15379810333251953,8.915935516357422,222.2994384765625,0.015362860634922981,0.675000011920929,-0.08752793818712234,7.053616523742676
HalfCheetah-v5,D,0,65,264000,21.81034199986607,1403.799232692225,183.39923326395171,100.97730908500091,0.12375718355178833,9.117559432983398,381.6258850097656,0.013811847195029259,0.675000011920929,-0.010628566145896912,7.324499130249023
HalfCheetah-v5,D,0,66,268000,21.525828358950093,1425.325061051175,185.8232785888058,68.23690656989649,0.06423485279083252,8.64136791229248,287.3857421875,0.012216877192258835,0.675000011920929,-0.08427166938781738,7.099242210388184
HalfCheetah-v5,D,0,67,272000,21.699395555071533,1447.0244566062465,184.33693186744685,121.72109368055085,-0.14248549938201904,9.32774829864502,414.5413818359375,0.015471430495381355,0.675000011920929,-0.04489213228225708,6.914392471313477
HalfCheetah-v5,D,0,68,276000,21.85864035389386,1468.8830969601404,182.99399849393865,124.03071088837375,-0.022318601608276367,9.297426223754883,350.3011474609375,0.015632711350917816,0.675000011920929,-0.0883813351392746,6.9255452156066895
HalfCheetah-v5,D,0,69,280000,21.745207745116204,1490.6283047052566,183.9485760212324,147.027446566415,0.4144452214241028,7.217682838439941,281.87176513671875,0.013299916870892048,0.675000011920929,0.06937339156866074,5.649068355560303
HalfCheetah-v5,D,0,70,284000,21.848487764131278,1512.4767924693879,183.0790324338516,-10.424506989131835,-0.057370543479919434,8.774293899536133,967.0921630859375,0.01805073581635952,0.675000011920929,-0.13426722586154938,6.772965908050537
HalfCheetah-v5,D,0,71,288000,22.06154883420095,1534.5383413035888,181.31093288423133,204.9217093784574,0.33226245641708374,8.972558975219727,283.514892578125,0.01734602265059948,0.675000011920929,-0.0006582047790288925,6.300585746765137
HalfCheetah-v5,D,0,72,292000,21.763827383052558,1556.3021686866414,183.79120223655104,235.81183707116057,0.14144593477249146,8.765636444091797,336.198486328125,0.013880237936973572,0.675000011920929,0.05302746593952179,6.444826602935791
HalfCheetah-v5,D,0,73,296000,22.17493188008666,1578.477100566728,180.38386866892904,213.61502810266904,-0.010526418685913086,9.004009246826172,383.80780029296875,0.017155155539512634,0.675000011920929,0.1077464371919632,6.67133092880249
HalfCheetah-v5,D,0,74,300000,21.87431872379966,1600.3514192905277,182.86283794740206,245.2194137712748,0.08774429559707642,9.023478507995605,395.22442626953125,0.014546949416399002,0.675000011920929,-0.12769031524658203,6.179569244384766
HalfCheetah-v5,D,1,0,4000,20.431296572089195,20.431296572089195,195.7780792759048,-316.2294045140139,-0.013968706130981445,9.686698913574219,953.6106567382812,0.025688542053103447,0.30000001192092896,-0.20598071813583374,8.588790893554688
HalfCheetah-v5,D,1,1,8000,20.00080697890371,40.432103550992906,199.99193053655722,-333.8871997483178,0.010544955730438232,9.655515670776367,1283.1669921875,0.021694211289286613,0.45000001788139343,0.00713125616312027,8.407878875732422
HalfCheetah-v5,D,1,2,12000,20.52538411412388,60.95748766511679,194.88064036996653,-372.7768242510982,-0.07971441745758057,9.569584846496582,953.0454711914062,0.017513666301965714,0.45000001788139343,-0.04993034899234772,8.385334968566895
HalfCheetah-v5,D,1,3,16000,20.50233435095288,81.45982201606967,195.09973506085632,-313.82797914855166,0.07128256559371948,9.774027824401855,540.32470703125,0.01822660118341446,0.45000001788139343,-0.04145386442542076,8.399127006530762
HalfCheetah-v5,D,1,4,20000,20.845250064972788,102.30507208104245,191.8902381853111,-302.75208626368715,-0.0039026737213134766,8.986064910888672,600.8952026367188,0.019059831276535988,0.45000001788139343,-0.01968471333384514,8.270626068115234
HalfCheetah-v5,D,1,5,24000,20.655629624146968,122.96070170518942,193.65180693034387,-252.09871748403165,0.3151373863220215,9.293346405029297,273.383056640625,0.01958610489964485,0.45000001788139343,-0.13966278731822968,8.219311714172363
HalfCheetah-v5,D,1,6,28000,20.485511841950938,143.44621354714036,195.25994912212357,-178.6682872915555,0.3080553412437439,8.794421195983887,224.35415649414062,0.02041555568575859,0.675000011920929,-0.06978875398635864,7.964250087738037
HalfCheetah-v5,D,1,7,32000,20.055273440899327,163.5014869880397,199.4487889575556,-272.1641438379702,0.4872193932533264,7.769261360168457,135.13107299804688,0.013130770064890385,0.675000011920929,-0.014345720410346985,8.440185546875
HalfCheetah-v5,D,1,8,36000,20.418027195846662,183.91951418388635,195.90531257660686,-247.18991508050368,-0.13075876235961914,8.547968864440918,546.703369140625,0.014981210231781006,0.675000011920929,-0.019915621727705002,7.956026077270508
HalfCheetah-v5,D,1,9,40000,20.893205701140687,204.81271988502704,191.44979747084076,-279.09378017744945,0.5685343742370605,7.912905693054199,63.14392852783203,0.01315690390765667,0.675000011920929,0.14699611067771912,8.57113265991211
HalfCheetah-v5,D,1,10,44000,20.90500578004867,225.7177256650757,191.34173135783212,-234.35225575434902,0.6109551787376404,7.395164489746094,72.9120864868164,0.012004542164504528,0.675000011920929,0.0017163865268230438,8.53368091583252
HalfCheetah-v5,D,1,11,48000,20.95816032984294,246.67588599491864,190.85644622654607,-292.0301093790194,0.7205820083618164,7.246294975280762,58.73750305175781,0.013001399114727974,0.675000011920929,-0.15360328555107117,8.548635482788086
HalfCheetah-v5,D,1,12,52000,20.73905440303497,267.4149403979536,192.8728244916816,-182.77024696681065,0.6694251894950867,7.857083797454834,83.87237548828125,0.013072878122329712,0.675000011920929,0.1282944679260254,8.16877555847168
HalfCheetah-v5,D,1,13,56000,20.58701058407314,288.00195098202676,194.29727223701653,-211.40712423483615,0.6260943412780762,7.97735595703125,92.36849975585938,0.014947054907679558,0.675000011920929,-0.16405870020389557,8.070499420166016
HalfCheetah-v5,D,1,14,60000,21.967496207915246,309.969447189942,182.0872056670134,-231.84787842956075,0.09121495485305786,8.255584716796875,293.2354736328125,0.014034414663910866,0.675000011920929,0.1520814448595047,7.969489574432373
HalfCheetah-v5,D,1,15,64000,21.374149231938645,331.34359642188065,187.1419515506582,-205.286212095795,0.6216409206390381,7.694843769073486,104.06597900390625,0.015187437646090984,0.675000011920929,-0.20013871788978577,8.051237106323242
HalfCheetah-v5,D,1,16,68000,20.87082944298163,352.2144258648623,191.655056687031,-261.693951103969,0.3965492844581604,8.366348266601562,90.74673461914062,0.014504698105156422,0.675000011920929,-0.028017360717058182,8.43645191192627
HalfCheetah-v5,D,1,17,72000,20.740812719101086,372.95523858396336,192.85647357088527,-184.36276043142763,0.1515520215034485,8.5318603515625,260.10736083984375,0.012523341923952103,0.675000011920929,0.08669807016849518,7.9382219314575195
HalfCheetah-v5,D,1,18,76000,20.928020338062197,393.88325892202556,191.13131272742135,-250.11890224451406,0.3604598641395569,8.086015701293945,163.35462951660156,0.015079613775014877,0.675000011920929,-0.06345213949680328,7.8718671798706055
HalfCheetah-v5,D,1,19,80000,20.51688368199393,414.4001426040195,194.96138214745,-229.21740700434185,0.1410531997680664,8.345614433288574,191.53903198242188,0.012801146134734154,0.675000011920929,-0.11805298924446106,8.093247413635254
HalfCheetah-v5,D,1,20,84000,20.25102272699587,434.65116533101536,197.52088839778702,-215.89944374738064,0.311545729637146,8.322517395019531,231.13229370117188,0.015272685326635838,0.675000011920929,-0.07903451472520828,7.893485069274902
HalfCheetah-v5,D,1,21,88000,20.335212507052347,454.9863778380677,196.70313249063815,-246.00387240989588,-1.0,9.187297821044922,689.3668823242188,0.016167767345905304,0.675000011920929,-0.08454873412847519,7.853677749633789
HalfCheetah-v5,D,1,22,92000,21.230580606963485,476.2169584450312,188.40747099907514,-225.00196352645938,0.5438063144683838,7.975836753845215,113.6986312866211,0.015690507367253304,0.675000011920929,-0.07744821906089783,8.052763938903809
HalfCheetah-v5,D,1,23,96000,20.560041849967092,496.7770002949983,194.5521331711882,-105.70210366214386,0.33768224716186523,8.024459838867188,116.51382446289062,0.013928520493209362,0.675000011920929,-0.06907995790243149,7.525206089019775
HalfCheetah-v5,D,1,24,100000,22.181391863152385,518.9583921581507,180.33133469161507,-160.95237473099596,0.12673985958099365,8.584737777709961,179.73687744140625,0.013027334585785866,0.675000011920929,-0.1047510951757431,7.5541911125183105
HalfCheetah-v5,D,1,25,104000,20.705957492813468,539.6643496509641,193.18111714410225,-184.66564604587273,0.4038431644439697,8.32624340057373,136.312744140625,0.012690339237451553,0.675000011920929,0.04478028416633606,7.779018878936768
HalfCheetah-v5,D,1,26,108000,20.491937837796286,560.1562874887604,195.19871823065037,-182.4495218009011,0.6299848556518555,8.371225357055664,110.0059814453125,0.01337126363068819,0.675000011920929,-0.012326851487159729,7.787202835083008
HalfCheetah-v5,D,1,27,112000,20.443301756866276,580.5995892456267,195.66310997960605,-186.38549242321113,0.6116276979446411,7.595312595367432,126.50890350341797,0.01450717356055975,0.675000011920929,-0.07223432511091232,7.7745184898376465
HalfCheetah-v5,D,1,28,116000,20.362427952932194,600.9620171985589,196.44022850546165,-76.55961872494774,0.17199093103408813,8.771303176879883,184.84234619140625,0.012669038027524948,0.675000011920929,-0.12904047966003418,7.437296390533447
HalfCheetah-v5,D,1,29,120000,21.183765934081748,622.1457831326406,188.82383861523667,-134.0302024696704,0.11995959281921387,8.740301132202148,250.31942749023438,0.013385056518018246,0.675000011920929,-0.16634179651737213,7.437964916229248
HalfCheetah-v5,D,1,30,124000,21.161640455015004,643.3074235876556,189.02126271841357,-120.52847121520416,0.1516275405883789,7.31058931350708,191.95208740234375,0.013338839635252953,0.675000011920929,0.025901788845658302,7.556934833526611
HalfCheetah-v5,D,1,31,128000,20.247298561036587,663.5547221486922,197.55721919849117,-73.01294061623554,0.0006824135780334473,8.165125846862793,146.91958618164062,0.016909129917621613,0.675000011920929,0.11119288206100464,7.28226900100708
HalfCheetah-v5,D,1,32,132000,20.594240912934765,684.148963061627,194.2290573811678,-104.27641206164506,-0.0058547258377075195,8.782543182373047,310.5027160644531,0.012328825891017914,0.675000011920929,0.16111065447330475,7.366681098937988
HalfCheetah-v5,D,1,33,136000,20.35753769497387,704.5065007566009,196.4874170901116,-115.78238192826711,0.4116785526275635,7.873685836791992,139.72531127929688,0.013454657047986984,0.675000011920929,-0.1396656036376953,7.428359031677246
HalfCheetah-v5,D,1,34,140000,20.893438840052113,725.399939596653,191.4476611830943,-149.31061075932215,0.2572753429412842,8.585111618041992,225.8319854736328,0.01475130021572113,0.675000011920929,0.012467154301702976,7.398914337158203
HalfCheetah-v5,D,1,35,144000,20.557726619997993,745.957666216651,194.57404381031654,-76.3823194662887,0.5325301885604858,7.968733310699463,170.66339111328125,0.011577967554330826,0.675000011920929,0.042964957654476166,7.486273288726807
HalfCheetah-v5,D,1,36,148000,20.032353063113987,765.990019279765,199.67699188395835,-25.175472135218065,0.062174439430236816,9.119548797607422,358.13983154296875,0.015890922397375107,0.675000011920929,-0.05044715479016304,7.210413455963135
HalfCheetah-v5,D,1,37,152000,20.425928455078974,786.4159477348439,195.82953150927085,2.0415805881341758,-0.07311129570007324,8.03349781036377,140.7095184326172,0.01436567585915327,0.675000011920929,0.10874006152153015,7.301049709320068
HalfCheetah-v5,D,1,38,156000,20.63199720112607,807.04794493597,193.8736207167421,0.9264499060703368,0.4604889750480652,8.20626449584961,198.38571166992188,0.01378482487052679,0.675000011920929,-0.15320390462875366,7.1518120765686035
HalfCheetah-v5,D,1,39,160000,20.475720454007387,827.5236653899774,195.35332146113294,-25.885683207441737,0.020053446292877197,8.958573341369629,256.75457763671875,0.016141997650265694,0.675000011920929,-0.1733303815126419,7.202223300933838
HalfCheetah-v5,D,1,40,164000,20.434785755118355,847.9584511450958,195.74465071150107,-50.22971455038055,-0.6553328037261963,8.722740173339844,893.2460327148438,0.017504271119832993,0.675000011920929,-0.15213900804519653,7.306848049163818
HalfCheetah-v5,D,1,41,168000,20.299344294937328,868.2577954400331,197.05069985918723,21.01949244164768,-0.059554457664489746,8.77459716796875,349.3581848144531,0.0151866739615798,0.675000011920929,-0.13187430799007416,7.016451358795166
HalfCheetah-v5,D,1,42,172000,20.17888757190667,888.4366830119397,198.22698281786631,45.98763765713019,0.0869443416595459,8.478787422180176,227.7639617919922,0.013487297110259533,0.675000011920929,-0.1193920373916626,7.040892601013184
HalfCheetah-v5,D,1,43,176000,21.30640946398489,909.7430924759246,187.73693459526186,68.8763616035344,0.08169662952423096,7.872332572937012,149.71641540527344,0.013555938377976418,0.675000011920929,-0.02317039668560028,6.765182018280029
HalfCheetah-v5,D,1,44,180000,20.017144344048575,929.7602368199732,199.82870339790827,2.1396816064357687,0.038340091705322266,8.224498748779297,243.31491088867188,0.013648140244185925,0.675000011920929,-0.07980130612850189,6.886851787567139
HalfCheetah-v5,D,1,45,184000,20.636019848054275,950.3962566680275,193.83582829695482,106.06324732022928,0.12364780902862549,8.961982727050781,288.474365234375,0.015289317816495895,0.675000011920929,-0.06138918548822403,6.786096096038818
HalfCheetah-v5,D,1,46,188000,21.09048471902497,971.4867413870525,189.65898855760975,-9.513009493824063,-0.30204999446868896,8.856828689575195,813.3256225585938,0.015590814873576164,0.675000011920929,-0.14796558022499084,7.104275226593018
HalfCheetah-v5,D,1,47,192000,20.454155718907714,991.9408971059602,195.55928169171125,131.77214118970664,0.06354767084121704,8.185687065124512,209.44677734375,0.01501818560063839,0.675000011920929,-0.032284028828144073,6.4983015060424805
HalfCheetah-v5,D,1,48,196000,20.576474683126435,1012.5173717890866,194.39675948378886,82.02670518671093,0.06841897964477539,8.887262344360352,505.0127868652344,0.01332783978432417,0.675000011920929,0.11920345574617386,6.713797569274902
HalfCheetah-v5,D,1,49,200000,20.656440084101632,1033.1738118731882,193.6442089592498,-22.66755625856956,0.13178092241287231,8.518795013427734,249.19775390625,0.013934661634266376,0.675000011920929,-0.07916129380464554,6.59090518951416
HalfCheetah-v5,D,1,50,204000,21.316148329991847,1054.48996020318,187.65116183639964,44.090592113306656,0.505056619644165,8.65050220489502,238.15798950195312,0.012538615614175797,0.675000011920929,-0.046958357095718384,6.114742755889893
HalfCheetah-v5,D,1,51,208000,20.31249321787618,1074.8024534210563,196.9231426735821,160.82246493519995,0.08226656913757324,8.925883293151855,480.5046081542969,0.01677893102169037,0.675000011920929,-0.0028492342680692673,6.616705894470215
HalfCheetah-v5,D,1,52,212000,21.980171591043472,1096.7826250120997,181.9822007954628,127.09847895164002,0.24543100595474243,8.89157485961914,458.5132141113281,0.015248852781951427,0.675000011920929,-0.010111130774021149,6.223146438598633
HalfCheetah-v5,D,1,53,216000,20.603919220156968,1117.3865442322567,194.13782189976604,278.5056771165295,0.1290397047996521,8.929243087768555,238.19766235351562,0.01436383556574583,0.675000011920929,-0.010506252758204937,6.287911891937256
HalfCheetah-v5,D,1,54,220000,21.146227419143543,1138.5327716514003,189.15903630067015,154.92719024658498,0.11263149976730347,9.074957847595215,368.63720703125,0.014710363931953907,0.675000011920929,-0.20532464981079102,6.153369903564453
HalfCheetah-v5,D,1,55,224000,21.896122812991962,1160.4288944643922,182.6807437171762,184.67314748844976,-0.05352067947387695,8.858283996582031,383.04339599609375,0.014782738871872425,0.675000011920929,-0.11983714997768402,6.24951171875
HalfCheetah-v5,D,1,56,228000,20.966080186888576,1181.3949746512808,190.7843509299108,124.19876050294562,0.27356886863708496,8.691732406616211,359.7237854003906,0.014654234983026981,0.675000011920929,0.017035488039255142,6.202192783355713
HalfCheetah-v5,D,1,57,232000,20.63400298403576,1202.0289776353166,193.85477471796162,212.53088173761378,-0.056632280349731445,8.753592491149902,318.9156799316406,0.013883836567401886,0.675000011920929,-0.2217523753643036,6.220411777496338
HalfCheetah-v5,D,1,58,236000,30.641022515948862,1232.6700001512654,130.54394636856432,175.56162662619073,0.713231086730957,8.630093574523926,258.6075439453125,0.014086853712797165,0.675000011920929,-0.018192153424024582,5.187793731689453
HalfCheetah-v5,D,1,59,240000,31.13024386879988,1263.8002440200653,128.49240811791321,213.82459493803572,0.10162913799285889,8.565485000610352,219.4859619140625,0.015798097476363182,0.675000011920929,-0.09235470741987228,6.103633403778076
HalfCheetah-v5,D,1,60,244000,22.65742198191583,1286.4576660019811,176.54259179145032,279.0717898266182,-0.05545079708099365,8.852656364440918,483.74017333984375,0.01573006436228752,0.675000011920929,-0.07926630973815918,5.938499450683594
HalfCheetah-v5,D,1,61,248000,20.76723171188496,1307.224897713866,192.6111315891383,277.7097649988733,0.3579912781715393,9.217063903808594,340.85076904296875,0.01702631264925003,0.675000011920929,-0.0562283918261528,5.659769058227539
HalfCheetah-v5,D,1,62,252000,21.370588301913813,1328.59548601578,187.17313456652877,228.49496482495067,0.6487137079238892,7.921493053436279,326.0412902832031,0.016497939825057983,0.675000011920929,-0.060257744044065475,5.515174865722656
HalfCheetah-v5,D,1,63,256000,22.635065847076476,1351.2305518628564,176.71695885597066,235.4033480189638,-0.05743968486785889,8.566444396972656,332.9150085449219,0.013649862259626389,0.675000011920929,0.0604466050863266,6.19398307800293
HalfCheetah-v5,D,1,64,260000,21.15191691601649,1372.3824687788729,189.10815581783754,372.25537519216937,0.023925364017486572,8.91113567352295,435.69598388671875,0.01421159878373146,0.675000011920929,-0.24048402905464172,5.584440231323242
HalfCheetah-v5,D,1,65,264000,20.60407263506204,1392.986541413935,194.13637637799738,346.9601851851009,0.05111962556838989,8.666402816772461,411.29962158203125,0.013433065265417099,0.675000011920929,-0.07502669095993042,5.7915472984313965
HalfCheetah-v5,D,1,66,268000,20.787900469033048,1413.774441882968,192.41962438480257,414.8455312832343,-0.20965266227722168,8.996321678161621,260.3975830078125,0.015293719246983528,0.675000011920929,-0.05682091414928436,5.527037620544434
HalfCheetah-v5,D,1,67,272000,21.536947277840227,1435.3113891608082,185.7273432672455,331.5793138665878,0.21230286359786987,8.670601844787598,299.93603515625,0.01644691824913025,0.675000011920929,-0.14650693535804749,5.728344917297363
HalfCheetah-v5,D,1,68,276000,21.602190412813798,1456.913579573622,185.1664078299817,369.47766249582355,-0.03752326965332031,8.33864688873291,184.8056640625,0.01357289869338274,0.675000011920929,0.07646997272968292,5.791666030883789
HalfCheetah-v5,D,1,69,280000,21.14740354917012,1478.060983122792,189.148516067211,383.4950943270152,0.0014099478721618652,9.079667091369629,400.9572448730469,0.01565435156226158,0.675000011920929,0.08837563544511795,5.379298210144043
HalfCheetah-v5,D,1,70,284000,21.006952741881832,1499.067935864674,190.4131479300731,364.7616158189893,0.025334656238555908,8.555778503417969,360.1580505371094,0.015392083674669266,0.675000011920929,0.0649171695113182,5.76495885848999
HalfCheetah-v5,D,1,71,288000,21.500967937055975,1520.56890380173,186.0381361299635,434.86804391526607,-0.08907508850097656,8.82105827331543,376.4434814453125,0.01787402108311653,0.675000011920929,-0.09416145831346512,5.531399250030518
HalfCheetah-v5,D,1,72,292000,21.71188228786923,1542.2807860895991,184.23091775119207,393.2576826199363,-0.03981506824493408,8.84891128540039,393.49249267578125,0.0153825543820858,0.675000011920929,-0.04210050031542778,5.612754821777344
HalfCheetah-v5,D,1,73,296000,20.874639814021066,1563.1554259036202,191.6200727599277,406.3411304235083,0.10191971063613892,9.34644603729248,863.4344482421875,0.015347819775342941,0.675000011920929,0.008089805021882057,5.824936389923096
HalfCheetah-v5,D,1,74,300000,20.720565201016143,1583.8759911046363,193.04492716269337,474.5714477061213,-0.026765108108520508,8.780982971191406,394.6581726074219,0.016256684437394142,0.675000011920929,-0.09221471846103668,5.352609157562256
HalfCheetah-v5,D,2,0,4000,20.029789223102853,20.029789223102853,199.70255080798862,-348.1194117677096,0.027402937412261963,10.0,1215.8773193359375,0.026384666562080383,0.30000001192092896,0.05394228547811508,8.542160034179688
HalfCheetah-v5,D,2,1,8000,20.013969629071653,40.043758852174506,199.86040121644473,-309.9512763800683,-0.004751086235046387,9.673489570617676,953.5894775390625,0.025599991902709007,0.45000001788139343,-0.041130226105451584,8.09296703338623
HalfCheetah-v5,D,2,2,12000,19.91018636105582,59.95394521323033,200.90218782803413,-266.7221413968182,-0.016141414642333984,9.66558837890625,458.7172546386719,0.016107730567455292,0.45000001788139343,-0.20294038951396942,8.039398193359375
HalfCheetah-v5,D,2,3,16000,20.144807156175375,80.0987523694057,198.5623376282261,-336.0143334626934,0.020679175853729248,9.622617721557617,811.0242919921875,0.01938042603433132,0.45000001788139343,0.028997687622904778,8.196955680847168
HalfCheetah-v5,D,2,4,20000,19.757832983974367,99.85658535338007,202.45135199008976,-384.47777118599856,-0.006327152252197266,9.642288208007812,819.0394287109375,0.02081008069217205,0.675000011920929,-0.014955209568142891,8.160700798034668
HalfCheetah-v5,D,2,5,24000,20.118679395178333,119.9752647485584,198.82020690476557,-317.25878696727824,-0.08703863620758057,9.528850555419922,431.0079345703125,0.01600649580359459,0.675000011920929,-0.17821377515792847,8.205666542053223
HalfCheetah-v5,D,2,6,28000,20.326462106080726,140.30172685463913,196.78781182502917,-279.7886880746627,-0.012539386749267578,9.513065338134766,621.6290893554688,0.015271950513124466,0.675000011920929,-0.05113333463668823,7.913078784942627
HalfCheetah-v5,D,2,7,32000,19.77167137619108,160.0733982308302,202.30965424687236,-291.97018800323366,-0.04720020294189453,9.32270622253418,332.04595947265625,0.013766947202384472,0.675000011920929,-0.08259926736354828,7.795560836791992
HalfCheetah-v5,D,2,8,36000,19.639668517978862,179.71306674880907,203.66942529290938,-273.29149675348356,0.550410270690918,7.917900085449219,56.57522964477539,0.014558391645550728,0.675000011920929,-0.04666203260421753,8.368890762329102
HalfCheetah-v5,D,2,9,40000,19.95221298187971,199.66527973068878,200.47901471544725,-254.01522009008207,0.11507731676101685,8.671843528747559,235.6346893310547,0.012663501314818859,0.675000011920929,-0.054633982479572296,7.620696544647217
HalfCheetah-v5,D,2,10,44000,19.954165149014443,219.61944487970322,200.4594013394524,-245.416464885888,0.29753202199935913,7.475529193878174,115.17257690429688,0.013721145689487457,0.675000011920929,-0.16225895285606384,8.170182228088379
HalfCheetah-v5,D,2,11,48000,19.89049575314857,239.5099406328518,201.10107106640714,-284.4539584663838,0.12003147602081299,7.145827770233154,105.95567321777344,0.014706315472722054,0.675000011920929,0.11130683124065399,8.24048900604248
HalfCheetah-v5,D,2,12,52000,19.74770156899467,259.25764220184647,202.55521818702644,-315.7887588961978,0.07358169555664062,7.113729000091553,95.61354064941406,0.016560116782784462,0.675000011920929,0.006099287420511246,8.012794494628906
HalfCheetah-v5,D,2,13,56000,19.944777437020093,279.20241963886656,200.5537546172604,-280.5287546168103,0.5271815657615662,6.844923496246338,58.514129638671875,0.012732414528727531,0.675000011920929,-0.1150720864534378,8.25156307220459
HalfCheetah-v5,D,2,14,60000,20.27514626411721,299.47756590298377,197.28587640717382,-257.6137856772603,0.37061965465545654,7.300966262817383,90.05496978759766,0.015206621028482914,0.675000011920929,0.019721049815416336,7.941921234130859
HalfCheetah-v5,D,2,15,64000,20.766156278084964,320.24372218106873,192.62110649823524,-275.628856246565,0.1234702467918396,7.409411907196045,61.46330642700195,0.014978582039475441,0.675000011920929,-0.17165979743003845,8.136433601379395
HalfCheetah-v5,D,2,16,68000,20.00729052699171,340.25101270806044,199.92712129629072,-238.88957066656099,0.23231834173202515,7.444631576538086,68.09562683105469,0.012994506396353245,0.675000011920929,0.053494893014431,8.019750595092773
HalfCheetah-v5,D,2,17,72000,19.983561378903687,360.23457408696413,200.16452143624076,-233.4387076521271,0.19973152875900269,7.232456207275391,120.50344848632812,0.01324875932186842,0.675000011920929,-0.031628917902708054,7.895447254180908
HalfCheetah-v5,D,2,18,76000,19.91347351181321,380.14804759877734,200.8690245640517,-251.29083532661804,0.36266201734542847,7.001325607299805,70.6699447631836,0.012999535538256168,0.675000011920929,-0.13406553864479065,8.06905746459961
HalfCheetah-v5,D,2,19,80000,19.813664560206234,399.9617121589836,201.88087811043295,-225.8221609508775,0.47405850887298584,7.824435234069824,152.0221405029297,0.012805039063096046,0.675000011920929,-0.08052758127450943,7.692406177520752
HalfCheetah-v5,D,2,20,84000,19.851465487852693,419.81317764683627,201.49645891118917,-252.13387895506617,0.38397979736328125,8.10893726348877,109.55929565429688,0.012543433345854282,0.675000011920929,-0.06613831222057343,7.9332966804504395
HalfCheetah-v5,D,2,21,88000,19.802864315919578,439.61604196275584,201.99098151596124,-249.4952954989796,-0.059540748596191406,7.193860054016113,78.10862731933594,0.015477070584893227,0.675000011920929,-0.08584950119256973,7.940678596496582
HalfCheetah-v5,D,2,22,92000,19.924854598008096,459.54089656076394,200.75428808398348,-222.9997141304108,0.5343297719955444,7.487626552581787,59.286293029785156,0.013533271849155426,0.675000011920929,-0.15875469148159027,7.907439231872559
HalfCheetah-v5,D,2,23,96000,19.992201779969037,479.533098340733,200.07801261828777,-249.86273717658477,0.3817000389099121,5.509573459625244,19.339487075805664,0.013044340535998344,0.675000011920929,0.05011053755879402,8.03569221496582
HalfCheetah-v5,D,2,24,100000,20.151583119062707,499.6846814597957,198.4955711105465,-270.9899751648075,0.053852379322052,7.214408874511719,107.86365509033203,0.01300389040261507,0.675000011920929,-0.15242373943328857,7.722959041595459
HalfCheetah-v5,D,2,25,104000,20.051899963989854,519.7365814237855,199.48234367732675,-200.7855483579745,0.26896435022354126,7.988864898681641,98.09780883789062,0.014115268364548683,0.675000011920929,-0.1054205596446991,7.824817180633545
HalfCheetah-v5,D,2,26,108000,19.86738397181034,539.6039653955959,201.3350124845609,-241.51799766067134,0.5736486911773682,7.220429420471191,51.683528900146484,0.012196502648293972,0.675000011920929,0.10384076833724976,7.764200687408447
HalfCheetah-v5,D,2,27,112000,19.685774626908824,559.2897400225047,203.19241055072993,-186.46625481644438,0.3609035015106201,7.8901286125183105,104.43899536132812,0.013473687693476677,0.675000011920929,-0.05420956760644913,7.757096290588379
HalfCheetah-v5,D,2,28,116000,20.816045230953023,580.1057852534577,192.15945947562045,-215.27436384015274,0.2825922966003418,6.529659748077393,84.89274597167969,0.016167305409908295,0.675000011920929,0.05421173572540283,7.453061580657959
HalfCheetah-v5,D,2,29,120000,20.108933507930487,600.2147187613882,198.91656603382248,-201.59689440451527,0.29353487491607666,6.58378267288208,46.000789642333984,0.015825143083930016,0.675000011920929,-0.029102889820933342,7.717138290405273
HalfCheetah-v5,D,2,30,124000,20.047531198943034,620.2622499603312,199.5258149397913,-189.9301633472869,0.435519278049469,7.760324001312256,73.11215209960938,0.012466846033930779,0.675000011920929,-0.18047069013118744,7.627326965332031
HalfCheetah-v5,D,2,31,128000,19.915908466093242,640.1781584264245,200.84446596096706,-202.72051862792506,0.3977507948875427,6.3675642013549805,29.48904800415039,0.01132548600435257,0.675000011920929,0.03791361302137375,7.7466301918029785
HalfCheetah-v5,D,2,32,132000,19.82774526393041,660.0059036903549,201.73751209506355,-175.98939133858724,0.7213082313537598,7.361810684204102,52.78553009033203,0.014706132002174854,0.675000011920929,-0.1980336308479309,7.486921787261963
HalfCheetah-v5,D,2,33,136000,20.068975619971752,680.0748793103267,199.31261444253178,-160.76639539411934,0.5273889303207397,6.794696807861328,59.7998161315918,0.01232378464192152,0.675000011920929,0.01384575106203556,7.733747482299805
HalfCheetah-v5,D,2,34,140000,19.908740245038643,699.9836195553653,200.91678080921366,-135.38638947655903,0.733067512512207,6.450399398803711,18.329538345336914,0.012476939707994461,0.675000011920929,0.03367939963936806,7.386936187744141
HalfCheetah-v5,D,2,35,144000,19.921275306027383,719.9048948613927,200.7903579742086,-164.68571606800504,0.6744123697280884,7.113899230957031,35.520206451416016,0.014063466340303421,0.675000011920929,-0.21196936070919037,7.604946136474609
HalfCheetah-v5,D,2,36,148000,20.694335608975962,740.5992304703686,193.28960714568868,-167.11439298617682,0.6136099100112915,6.292189598083496,34.300357818603516,0.014499247074127197,0.675000011920929,-0.12481223046779633,7.318281650543213
HalfCheetah-v5,D,2,37,152000,20.567235977156088,761.1664664475247,194.4840815967093,-156.54409872881075,0.528355598449707,6.808941841125488,45.3432502746582,0.013724366202950478,0.675000011920929,-0.06256332993507385,7.459774017333984
HalfCheetah-v5,D,2,38,156000,20.106754488078877,781.2732209356036,198.93812312531918,-161.0614306606935,0.7054310441017151,6.076192855834961,26.16938591003418,0.014934899285435677,0.675000011920929,-0.10471858084201813,6.956176280975342
HalfCheetah-v5,D,2,39,160000,20.759609868051484,802.0328308036551,192.68184833068077,-120.75079146544232,0.5152559876441956,6.005862236022949,24.318321228027344,0.014858555048704147,0.675000011920929,-0.13896146416664124,7.28958797454834
HalfCheetah-v5,D,2,40,164000,20.03479732014239,822.0676281237975,199.65263117378876,-127.99242163869255,0.28103363513946533,7.001412391662598,43.01640319824219,0.013820216059684753,0.675000011920929,0.04383964464068413,7.063699245452881
HalfCheetah-v5,D,2,41,168000,20.05656729801558,842.124195421813,199.43592243702463,-89.81899328836698,0.36977678537368774,7.372654914855957,50.03913497924805,0.014692358672618866,0.675000011920929,0.013580497354269028,6.9834747314453125
HalfCheetah-v5,D,2,42,172000,20.22496850299649,862.3491639248095,197.77533890385877,-94.02449817922603,0.5626257658004761,6.4316935539245605,27.810623168945312,0.014195866882801056,0.675000011920929,0.011645381338894367,7.0495147705078125
HalfCheetah-v5,D,2,43,176000,19.950884237885475,882.300048162695,200.4923667696017,-105.29823450916392,0.4828265905380249,6.423704147338867,27.589139938354492,0.014687850140035152,0.675000011920929,-0.13920846581459045,7.18501615524292
HalfCheetah-v5,D,2,44,180000,20.344539815094322,902.6445879777893,196.61295051914917,-70.28350731899766,0.407737135887146,5.982677459716797,54.07720184326172,0.015867896378040314,0.675000011920929,0.14267006516456604,6.963577747344971
HalfCheetah-v5,D,2,45,184000,22.007232829928398,924.6518208077177,181.75842600984626,-82.61773436441626,0.3978951573371887,6.840290069580078,39.444541931152344,0.016270916908979416,0.675000011920929,-0.04915338754653931,6.705416679382324
HalfCheetah-v5,D,2,46,188000,19.58114973292686,944.2329705406446,204.27809676945392,-71.90599187487646,-0.4466284513473511,7.3639445304870605,73.44964599609375,0.015539088286459446,0.675000011920929,0.15954512357711792,7.007460117340088
HalfCheetah-v5,D,2,47,192000,19.86786660994403,964.1008371505886,201.33012157419896,-75.26034264226482,0.4438211917877197,7.160244464874268,31.208316802978516,0.014364807866513729,0.675000011920929,-0.14862176775932312,6.8746442794799805
HalfCheetah-v5,D,2,48,196000,19.843104077968746,983.9439412285574,201.58136470397744,-60.615117799402974,0.5249730944633484,6.763983726501465,29.524856567382812,0.014289606362581253,0.675000011920929,-0.08339187502861023,6.9515862464904785
HalfCheetah-v5,D,2,49,200000,29.12956452695653,1013.0735057555139,137.31753512135055,-44.62519514612902,0.1820477843284607,7.0109100341796875,30.86975860595703,0.014540262520313263,0.675000011920929,0.09172636270523071,6.822036266326904
HalfCheetah-v5,D,2,50,204000,23.133056729100645,1036.2065624846146,172.9127303339955,-7.0935507044055015,-0.21561980247497559,6.523382663726807,38.81935501098633,0.01618250086903572,0.675000011920929,-0.11533018946647644,6.847285747528076
HalfCheetah-v5,D,2,51,208000,20.182061586063355,1056.388624070678,198.1958078436439,-25.132876899909306,0.3579530715942383,6.614880561828613,37.835060119628906,0.013412967324256897,0.675000011920929,-0.025143127888441086,6.611310005187988
HalfCheetah-v5,D,2,52,212000,19.924988549901173,1076.313612620579,200.75293845124142,-18.670611101426413,0.42753493785858154,6.983701705932617,38.98578643798828,0.010838061571121216,0.675000011920929,0.017650514841079712,6.665600776672363
HalfCheetah-v5,D,2,53,216000,20.26038837293163,1096.5740009935107,197.42958162362262,0.07054208610502655,-0.1396106481552124,7.218834400177002,52.07356643676758,0.01816338486969471,0.675000011920929,-0.08647654205560684,6.684279441833496
HalfCheetah-v5,D,2,54,220000,20.24016069015488,1116.8141616836656,197.62688949133,-8.743527752078823,0.11763006448745728,7.6319074630737305,91.86111450195312,0.014326709322631359,0.675000011920929,0.021390104666352272,6.709244251251221
HalfCheetah-v5,D,2,55,224000,25.58094049897045,1142.395102182636,156.36641663589293,0.906465570782085,0.06100505590438843,7.598913192749023,51.35499954223633,0.013853983953595161,0.675000011920929,0.02188210003077984,6.8319268226623535
HalfCheetah-v5,D,2,56,228000,21.614247096003965,1164.00934927864,185.063119813205,38.085807677226704,0.17068469524383545,7.375504016876221,53.536094665527344,0.014354178681969643,0.675000011920929,-0.0868566632270813,6.698570728302002
HalfCheetah-v5,D,2,57,232000,20.737440736964345,1184.7467900156043,192.8878327242198,21.550628814693436,0.0538790225982666,6.671137809753418,43.463836669921875,0.014367985539138317,0.675000011920929,-0.08574758470058441,6.3879075050354
HalfCheetah-v5,D,2,58,236000,24.093350576935336,1208.8401405925397,166.02091050919321,43.407836150937136,0.2732774019241333,7.155819416046143,68.19710540771484,0.014433557167649269,0.675000011920929,-0.23851245641708374,6.292766094207764
HalfCheetah-v5,D,2,59,240000,23.209406222915277,1232.049546815455,172.34391787458532,82.95016043571121,0.07454633712768555,7.423569202423096,68.60858154296875,0.015244605019688606,0.675000011920929,-0.04135539382696152,6.4387407302856445
HalfCheetah-v5,D,2,60,244000,20.249654663959518,1252.2992014794145,197.53423287357236,69.8434373379407,0.13341957330703735,7.070894241333008,52.76701736450195,0.014226632192730904,0.675000011920929,-0.0716964453458786,6.373255729675293
HalfCheetah-v5,D,2,61,248000,20.365213833050802,1272.6644153124653,196.41335626480785,56.72944936847775,0.18407368659973145,8.016008377075195,63.427040100097656,0.014564241282641888,0.675000011920929,-0.07947836816310883,6.383768558502197
HalfCheetah-v5,D,2,62,252000,21.61670076311566,1294.281116075581,185.04211368023175,66.95179760560015,0.05845773220062256,7.689239978790283,58.303714752197266,0.014155533164739609,0.675000011920929,-0.11819148063659668,5.925846099853516
HalfCheetah-v5,D,2,63,256000,20.943689917912707,1315.2248059934936,190.98831274134184,98.80386839757709,0.14015644788742065,6.681028366088867,55.83024978637695,0.011716373264789581,0.675000011920929,-0.011556621640920639,6.226846694946289
HalfCheetah-v5,D,2,64,260000,21.013775954954326,1336.238581948448,190.35132041830576,117.9214756552299,0.16978442668914795,6.856001377105713,47.3748893737793,0.015856726095080376,0.675000011920929,-0.1756674349308014,6.406782150268555
HalfCheetah-v5,D,2,65,264000,21.04579777084291,1357.2843797192909,190.0616951447498,149.16914481804142,0.005930721759796143,6.628087997436523,47.254180908203125,0.014352468773722649,0.675000011920929,-0.008421063423156738,6.055004119873047
HalfCheetah-v5,D,2,66,268000,21.98490792210214,1379.269287641393,181.9429953572228,147.07332535942402,0.12381017208099365,7.917545318603516,79.13700866699219,0.01505596935749054,0.675000011920929,-0.12301724404096603,6.339563369750977
HalfCheetah-v5,D,2,67,272000,21.934230966027826,1401.2035186074208,182.36335735660302,146.15827681898057,0.13023865222930908,8.064262390136719,86.1251220703125,0.012536189518868923,0.675000011920929,0.033783573657274246,6.232852935791016
HalfCheetah-v5,D,2,68,276000,22.02416102285497,1423.2276796302758,181.61872299467433,133.8740803500589,0.124630868434906,6.940291881561279,60.02983474731445,0.014489792287349701,0.675000011920929,0.06481192260980606,6.070746898651123
HalfCheetah-v5,D,2,69,280000,21.19594666501507,1444.423626295291,188.71532671867834,157.38823503225169,0.18173158168792725,7.473241329193115,63.810550689697266,0.015181701630353928,0.675000011920929,-0.240677610039711,5.806629180908203
HalfCheetah-v5,D,2,70,284000,21.077852975111455,1465.5014792704023,189.77264926950411,183.77786583413084,0.3925465941429138,6.842940807342529,44.977481842041016,0.017144542187452316,0.675000011920929,-0.12280415743589401,5.867988586425781
HalfCheetah-v5,D,2,71,288000,21.193752215011045,1486.6952314854134,188.7348667390238,212.99357057117246,0.26431959867477417,7.098724365234375,39.122371673583984,0.013359199278056622,0.675000011920929,0.06086113303899765,6.119803428649902
HalfCheetah-v5,D,2,72,292000,21.401485667098314,1508.0967171525117,186.90291235946395,231.73689024232505,0.3949328064918518,8.155619621276855,108.28295135498047,0.014530064538121223,0.675000011920929,0.020419348031282425,5.797201156616211
HalfCheetah-v5,D,2,73,296000,20.95933446311392,1529.0560516156256,190.845754527156,199.0812056664163,0.28867435455322266,6.68436336517334,45.612545013427734,0.015795886516571045,0.675000011920929,-0.038265425711870193,5.798383712768555
HalfCheetah-v5,D,2,74,300000,21.49254582915455,1550.5485974447802,186.11103737064113,189.56410478005105,0.2043880820274353,7.803100109100342,53.19569778442383,0.016429346054792404,0.675000011920929,-0.1019352599978447,5.682867050170898
HalfCheetah-v5,D_vfclip,0,0,4000,21.460615006042644,21.460615006042644,186.3879482891671,-282.5279615793039,0.25069600343704224,267.2132568359375,267.2132568359375,0.03148948401212692,0.30000001192092896,0.0465063638985157,8.663999557495117
HalfCheetah-v5,D_vfclip,0,1,8000,23.981733693974093,45.44234870001674,166.79361263214605,-361.4031553555162,0.05442094802856445,241.28480529785156,241.28480529785156,0.02692895382642746,0.45000001788139343,-0.1891096532344818,8.7179594039917
HalfCheetah-v5,D_vfclip,0,2,12000,22.5870893439278,68.02943804394454,177.0923176108718,-302.19580975598967,0.5189614295959473,162.38275146484375,162.38275146484375,0.018801141530275345,0.45000001788139343,-0.12940698862075806,8.685089111328125
HalfCheetah-v5,D_vfclip,0,3,16000,21.762719109887257,89.7921571538318,183.80056186006263,-355.20938624567253,0.20662349462509155,176.34889221191406,176.34889221191406,0.019777806475758553,0.45000001788139343,-0.08262112736701965,8.695043563842773
HalfCheetah-v5,D_vfclip,0,4,20000,21.78192360396497,111.57408075779676,183.63851020356526,-349.7884929779431,0.07369762659072876,184.84779357910156,184.84779357910156,0.020238565281033516,0.675000011920929,-0.02619444578886032,8.669656753540039
HalfCheetah-v5,D_vfclip,0,5,24000,21.731813817983493,133.30589457578026,184.06194869431116,-298.0128120623792,0.09158170223236084,401.5043029785156,401.5043029785156,0.013770735822618008,0.675000011920929,-0.15376833081245422,8.774107933044434
HalfCheetah-v5,D_vfclip,0,6,28000,21.678488149074838,154.9843827248551,184.51471211892172,-272.4280353410411,0.21690577268600464,236.61927795410156,236.61927795410156,0.015460073947906494,0.675000011920929,-0.1498052179813385,8.757007598876953
HalfCheetah-v5,D_vfclip,0,7,32000,23.34314001793973,178.32752274279483,171.35655258572368,-318.05196608364236,0.024197399616241455,203.7886962890625,203.7886962890625,0.01456511951982975,0.675000011920929,-0.15056434273719788,8.66700553894043
HalfCheetah-v5,D_vfclip,0,8,36000,22.362800237024203,200.69032297981903,178.86847611228657,-332.4920787621402,0.07262849807739258,271.47711181640625,271.47711181640625,0.013780854642391205,0.675000011920929,0.08312173187732697,8.727850914001465
HalfCheetah-v5,D_vfclip,0,9,40000,21.609231495996937,222.29955447581597,185.1060737972561,-292.35329652908706,0.08872002363204956,238.42333984375,238.42333984375,0.014606790617108345,0.675000011920929,-0.023450640961527824,8.533197402954102
HalfCheetah-v5,D_vfclip,0,10,44000,21.78306865808554,244.0826231339015,183.6288570166748,-299.0743279669131,0.030892670154571533,136.0022735595703,136.0022735595703,0.01679127663373947,0.675000011920929,0.1064787358045578,8.653153419494629
HalfCheetah-v5,D_vfclip,0,11,48000,22.268483045045286,266.3511061789468,179.62606576786987,-306.54162231658194,0.09667831659317017,203.26426696777344,203.26426696777344,0.014462658204138279,0.675000011920929,0.10178859531879425,8.587501525878906
HalfCheetah-v5,D_vfclip,0,12,52000,22.752409094013274,289.10351527296007,175.80555902770314,-223.6718513874297,0.520078182220459,170.1014404296875,170.1014404296875,0.014113113284111023,0.675000011920929,-0.13488620519638062,8.39445686340332
HalfCheetah-v5,D_vfclip,0,13,56000,21.842142808949575,310.94565808190964,183.1322153228045,-277.75824537033,0.2131982445716858,148.29051208496094,148.29051208496094,0.01478753425180912,0.675000011920929,-0.04275136813521385,8.533690452575684
HalfCheetah-v5,D_vfclip,0,14,60000,22.894458694849163,333.8401167767588,174.7147662809747,-244.19724190650643,0.6386345624923706,65.21488189697266,65.21488189697266,0.01490527018904686,0.675000011920929,0.06748710572719574,8.290491104125977
HalfCheetah-v5,D_vfclip,0,15,64000,22.296450013061985,356.1365667898208,179.40075651759227,-282.1345151003924,0.2752401828765869,100.74288940429688,100.74288940429688,0.018253909423947334,0.675000011920929,-0.09857721626758575,8.315033912658691
HalfCheetah-v5,D_vfclip,0,16,68000,21.902016072068363,378.03858286188915,182.63158911207262,-270.5053219578757,0.12727892398834229,330.14898681640625,330.14898681640625,0.01434125006198883,0.675000011920929,0.020287111401557922,8.416784286499023
HalfCheetah-v5,D_vfclip,0,17,72000,22.03895882400684,400.077541685896,181.4967772271908,-200.3324395330672,0.11018109321594238,363.39324951171875,363.39324951171875,0.01286468468606472,0.675000011920929,0.1088518351316452,8.514739036560059
HalfCheetah-v5,D_vfclip,0,18,76000,21.70931303407997,421.78685471997596,184.25272111193354,-230.33482383704944,0.2768286466598511,205.22193908691406,205.22193908691406,0.01770634576678276,0.675000011920929,-0.04454883560538292,8.391501426696777
HalfCheetah-v5,D_vfclip,0,19,80000,21.758096396923065,443.544951116899,183.83961202440773,-153.69502965667326,0.169830322265625,307.85870361328125,307.85870361328125,0.01356099359691143,0.675000011920929,0.0319850891828537,8.415165901184082
HalfCheetah-v5,D_vfclip,0,20,84000,21.695108860963956,465.240059977863,184.3733546411102,-250.73778191171448,0.5643966197967529,91.18872833251953,91.18872833251953,0.013288149610161781,0.675000011920929,-0.06286898255348206,8.306191444396973
HalfCheetah-v5,D_vfclip,0,21,88000,23.930807848926634,489.1708678267896,167.14855700867665,-224.3686445105175,0.2879892587661743,171.69000244140625,171.69000244140625,0.012602987699210644,0.675000011920929,0.02131570316851139,8.33681869506836
HalfCheetah-v5,D_vfclip,0,22,92000,22.63190735806711,511.8027751848567,176.74162131872663,-211.48825358842566,0.14130914211273193,326.71142578125,326.71142578125,0.015608898364007473,0.675000011920929,-0.10954146087169647,8.431506156921387
HalfCheetah-v5,D_vfclip,0,23,96000,21.869253386976197,533.6720285718329,182.9051924736544,-256.3750889632324,0.0628696084022522,304.2540283203125,304.2540283203125,0.013195212930440903,0.675000011920929,-0.18001478910446167,8.32570743560791
HalfCheetah-v5,D_vfclip,0,24,100000,24.128670347156003,557.8006989189889,165.7778875689879,-201.08537981013336,0.1568511724472046,316.9084167480469,316.9084167480469,0.014096527360379696,0.675000011920929,-0.15783053636550903,8.28390121459961
HalfCheetah-v5,D_vfclip,0,25,104000,21.98338758596219,579.7840865049511,181.95557824555928,-177.72017753816016,0.09628558158874512,273.62115478515625,273.62115478515625,0.013622615486383438,0.675000011920929,-0.021052153781056404,8.363964080810547
HalfCheetah-v5,D_vfclip,0,26,108000,21.638715801993385,601.4228023069445,184.85385346349966,-217.61527820974183,0.17226260900497437,304.04132080078125,304.04132080078125,0.013372144661843777,0.675000011920929,-0.22413700819015503,8.250829696655273
HalfCheetah-v5,D_vfclip,0,27,112000,21.66807516408153,623.090877471026,184.60338399742454,-237.44653975904725,0.41078799962997437,109.8126220703125,109.8126220703125,0.013950436376035213,0.675000011920929,-0.0049676112830638885,8.13758659362793
HalfCheetah-v5,D_vfclip,0,28,116000,21.97608840605244,645.0669658770785,182.01601331829184,-166.02064937028769,0.2912362217903137,177.37132263183594,177.37132263183594,0.01444291416555643,0.675000011920929,-0.09662596881389618,8.17984676361084
HalfCheetah-v5,D_vfclip,0,29,120000,21.978164137806743,667.0451300148852,181.99882278243692,-88.5069988185897,0.43788182735443115,161.31283569335938,161.31283569335938,0.015504002571105957,0.675000011920929,0.008628714829683304,8.113983154296875
HalfCheetah-v5,D_vfclip,0,30,124000,21.732733912067488,688.7778639269527,184.054156103155,-191.84055803319532,0.42525017261505127,145.39718627929688,145.39718627929688,0.013258449733257294,0.675000011920929,0.012282110750675201,8.100090026855469
HalfCheetah-v5,D_vfclip,0,31,128000,21.78136310307309,710.5592270300258,183.6432357824129,-156.02450814848143,0.328685462474823,236.1536407470703,236.1536407470703,0.011881156824529171,0.675000011920929,-0.16752195358276367,8.074567794799805
HalfCheetah-v5,D_vfclip,0,32,132000,23.129816715139896,733.6890437451657,172.93695186878642,-102.13951625252201,0.40044718980789185,213.1573944091797,213.1573944091797,0.011757307685911655,0.675000011920929,-0.08196712285280228,8.131773948669434
HalfCheetah-v5,D_vfclip,0,33,136000,22.400598370004445,756.0896421151701,178.5666585298099,-211.08385530624258,0.3527984023094177,155.90478515625,155.90478515625,0.01419547013938427,0.675000011920929,-0.19419389963150024,8.116033554077148
HalfCheetah-v5,D_vfclip,0,34,140000,21.99100951408036,778.0806516292505,181.89251373107214,-169.02049714832435,0.06724125146865845,215.8387451171875,215.8387451171875,0.013090195134282112,0.675000011920929,0.06331834942102432,8.051041603088379
HalfCheetah-v5,D_vfclip,0,35,144000,21.93886177497916,800.0195134042297,182.32486448143456,-70.40444343595162,0.7086730003356934,122.65184783935547,122.65184783935547,0.019042618572711945,0.675000011920929,-0.01731228083372116,8.052891731262207
HalfCheetah-v5,D_vfclip,0,36,148000,21.766592042986304,821.786105447216,183.76785819757632,-19.685011025498383,0.16707086563110352,325.0334167480469,325.0334167480469,0.0127505362033844,0.675000011920929,-0.056506767868995667,7.914951324462891
HalfCheetah-v5,D_vfclip,0,37,152000,23.858471526997164,845.6445769742131,167.6553334723803,-110.94387459029144,0.15736371278762817,318.2635498046875,318.2635498046875,0.01503695361316204,0.675000011920929,-0.21356496214866638,7.882065296173096
HalfCheetah-v5,D_vfclip,0,38,156000,22.472602465888485,868.1171794401016,177.99451603665676,-122.2158567298287,0.5034777522087097,234.15304565429688,234.15304565429688,0.013658647425472736,0.675000011920929,-0.1551918387413025,8.045687675476074
HalfCheetah-v5,D_vfclip,0,39,160000,21.985003490000963,890.1021829301026,181.94220445856408,13.562975145036862,0.12408512830734253,187.10336303710938,187.10336303710938,0.014186887070536613,0.675000011920929,-0.11145734786987305,7.692363739013672
HalfCheetah-v5,D_vfclip,0,40,164000,21.92173157609068,912.0239145061933,182.4673377700998,-52.78860710895144,0.4954427480697632,237.8314208984375,237.8314208984375,0.013476612977683544,0.675000011920929,-0.059929393231868744,7.946313858032227
HalfCheetah-v5,D_vfclip,0,41,168000,22.04240464908071,934.066319155274,181.46840436335162,-25.894351125603407,0.14447110891342163,336.63677978515625,336.63677978515625,0.014495814219117165,0.675000011920929,-0.1283436268568039,7.672618865966797
HalfCheetah-v5,D_vfclip,0,42,172000,21.68039831588976,955.7467174711637,184.49845531981595,-68.32906082932556,0.3513387441635132,322.1019287109375,322.1019287109375,0.013924086466431618,0.675000011920929,0.021685585379600525,7.775205612182617
HalfCheetah-v5,D_vfclip,0,43,176000,21.763471287908033,977.5101887590718,183.7942094385666,-46.84546530327764,0.3531041741371155,211.45396423339844,211.45396423339844,0.01330214086920023,0.675000011920929,-0.14934363961219788,7.792355060577393
HalfCheetah-v5,D_vfclip,0,44,180000,22.25998222013004,999.7701709792018,179.6946628458103,-6.58911498484674,0.09274417161941528,227.27664184570312,227.27664184570312,0.014017697423696518,0.675000011920929,0.021875176578760147,7.689947605133057
HalfCheetah-v5,D_vfclip,0,45,184000,21.872148753143847,1021.6423197323456,182.8809800603176,45.25480258033018,0.11681246757507324,335.69378662109375,335.69378662109375,0.014767235144972801,0.675000011920929,-0.1391674429178238,7.581075668334961
HalfCheetah-v5,D_vfclip,0,46,188000,22.578170295106247,1044.220490027452,177.1622743436827,24.52636111074895,0.053915977478027344,296.8631286621094,296.8631286621094,0.0135010601952672,0.675000011920929,-0.04846879467368126,7.601200580596924
HalfCheetah-v5,D_vfclip,0,47,192000,23.087522455025464,1067.3080124824774,173.25375677671812,-11.53309539752943,0.08466231822967529,423.04083251953125,423.04083251953125,0.012124842032790184,0.675000011920929,-0.18504652380943298,7.510029315948486
HalfCheetah-v5,D_vfclip,0,48,196000,22.284255316015333,1089.5922677984927,179.49893066990956,60.735821520537996,0.33580416440963745,264.5007019042969,264.5007019042969,0.01450685691088438,0.675000011920929,-0.11631527543067932,7.450324058532715
HalfCheetah-v5,D_vfclip,0,49,200000,21.96452130912803,1111.5567891076207,182.11186775728535,38.51239125021114,0.5903224945068359,219.92552185058594,219.92552185058594,0.014559399336576462,0.675000011920929,0.05035464093089104,7.309698104858398
HalfCheetah-v5,D_vfclip,0,50,204000,22.53447210090235,1134.091261208523,177.5058222837103,1.596867351207397,0.5274361371994019,347.45465087890625,347.45465087890625,0.012352034449577332,0.675000011920929,-0.03599940985441208,7.490318775177002
HalfCheetah-v5,D_vfclip,0,51,208000,21.58298398507759,1155.6742451936007,185.33118510237455,-64.48093235892223,0.6785968542098999,183.57644653320312,183.57644653320312,0.012844146229326725,0.675000011920929,-0.06383126974105835,7.432273864746094
HalfCheetah-v5,D_vfclip,0,52,212000,22.35895627690479,1178.0332014705054,178.89922724754888,99.21531718971431,0.5338846445083618,122.90979766845703,122.90979766845703,0.014577627182006836,0.675000011920929,0.027143193408846855,7.376954555511475
HalfCheetah-v5,D_vfclip,0,53,216000,22.420056517934427,1200.4532579884399,178.41168227208922,-56.24643459369531,0.41277724504470825,296.788818359375,296.788818359375,0.01571616157889366,0.675000011920929,-0.007125845178961754,7.248600959777832
HalfCheetah-v5,D_vfclip,0,54,220000,21.95776066603139,1222.4110186544713,182.16793874559312,27.985555311567662,0.5422627925872803,191.1595001220703,191.1595001220703,0.013540094718337059,0.675000011920929,-0.10314595699310303,7.245368957519531
HalfCheetah-v5,D_vfclip,0,55,224000,23.673591079888865,1246.0846097343601,168.96464868813547,154.2994981747122,0.11280781030654907,393.7410888671875,393.7410888671875,0.01413551066070795,0.675000011920929,-0.21163322031497955,7.320195198059082
HalfCheetah-v5,D_vfclip,0,56,228000,22.16810930799693,1268.252719042357,180.43938454223695,30.939679987366446,0.43935662508010864,291.83892822265625,291.83892822265625,0.013304625637829304,0.675000011920929,0.017663247883319855,7.194692611694336
HalfCheetah-v5,D_vfclip,0,57,232000,24.18832984706387,1292.441048889421,165.3690033702573,84.08545772714768,0.3948633074760437,219.83700561523438,219.83700561523438,0.012964227236807346,0.675000011920929,-0.07985202968120575,7.279944896697998
HalfCheetah-v5,D_vfclip,0,58,236000,22.469112751074135,1314.910161640495,178.02216065735752,155.84602081866385,0.0790778398513794,192.90589904785156,192.90589904785156,0.014296277426183224,0.675000011920929,-0.0498477965593338,7.180917739868164
HalfCheetah-v5,D_vfclip,0,59,240000,21.615856972988695,1336.5260186134838,185.0493369288307,118.78834712542579,0.08362925052642822,262.00994873046875,262.00994873046875,0.013803207315504551,0.675000011920929,0.02045157179236412,7.124598026275635
HalfCheetah-v5,D_vfclip,0,60,244000,21.655394416069612,1358.1814130295534,184.71148218994148,62.593209337233006,0.5468027591705322,368.1275939941406,368.1275939941406,0.012474175542593002,0.675000011920929,-0.02064412087202072,7.381731033325195
HalfCheetah-v5,D_vfclip,0,61,248000,22.278621867997572,1380.460034897551,179.54431937937122,159.60070600203596,0.13655757904052734,225.16844177246094,225.16844177246094,0.012868539430201054,0.675000011920929,-0.12073599547147751,7.16109037399292
HalfCheetah-v5,D_vfclip,0,62,252000,21.74300731602125,1402.2030422135722,183.96719192807407,175.83684094000654,0.22465133666992188,434.6195983886719,434.6195983886719,0.013837451115250587,0.675000011920929,-0.20866933465003967,7.176754951477051
HalfCheetah-v5,D_vfclip,0,63,256000,22.77461713203229,1424.9776593456045,175.63412709906927,123.61039129042344,0.1300639510154724,543.8740234375,543.8740234375,0.015384787693619728,0.675000011920929,0.047844819724559784,7.020461559295654
HalfCheetah-v5,D_vfclip,0,64,260000,21.974135213997215,1446.9517945596017,182.03219198596977,119.90982559070886,0.34638041257858276,227.09765625,227.09765625,0.014277749694883823,0.675000011920929,-0.11752992123365402,7.152240753173828
HalfCheetah-v5,D_vfclip,0,65,264000,24.76788147096522,1471.719676030567,161.499480877648,141.83429143847653,0.41243767738342285,302.74322509765625,302.74322509765625,0.012886002659797668,0.675000011920929,-0.05755656957626343,7.1897430419921875
HalfCheetah-v5,D_vfclip,0,66,268000,22.0685322759673,1493.7882083065342,181.2535582330508,96.19673014525347,0.4868178367614746,253.84840393066406,253.84840393066406,0.017362792044878006,0.675000011920929,-0.13947491347789764,6.9998064041137695
HalfCheetah-v5,D_vfclip,0,67,272000,22.157916023861617,1515.9461243303958,180.52239189337317,232.14993218158617,0.10841375589370728,347.1153869628906,347.1153869628906,0.017324522137641907,0.675000011920929,-0.10667707771062851,6.972923278808594
HalfCheetah-v5,D_vfclip,0,68,276000,22.84151038597338,1538.7876347163692,175.11976801920852,233.20668785883646,0.15674889087677002,174.7032470703125,174.7032470703125,0.013934503309428692,0.675000011920929,-0.10004489123821259,6.974452018737793
HalfCheetah-v5,D_vfclip,0,69,280000,21.73949597310275,1560.527130689472,183.99690613568094,64.3843640146151,0.6017622947692871,345.6472473144531,345.6472473144531,0.01273135095834732,0.675000011920929,-0.08081118762493134,6.769165992736816
HalfCheetah-v5,D_vfclip,0,70,284000,21.70166971697472,1582.2288004064467,184.31761482717894,273.4059482865631,0.2288055419921875,595.7156982421875,595.7156982421875,0.015276661142706871,0.675000011920929,0.08824381232261658,6.845938682556152
HalfCheetah-v5,D_vfclip,0,71,288000,21.980232450878248,1604.209032857325,181.98169691513772,206.0054903502935,0.7201516628265381,216.14724731445312,216.14724731445312,0.014842599630355835,0.675000011920929,-0.06751108169555664,6.775547027587891
HalfCheetah-v5,D_vfclip,0,72,292000,22.437371958978474,1626.6464048163034,178.27399783330557,295.2392856517944,0.07899314165115356,147.9359130859375,147.9359130859375,0.01643485203385353,0.675000011920929,0.03281405195593834,6.830901622772217
HalfCheetah-v5,D_vfclip,0,73,296000,21.89560517296195,1648.5420099892654,182.68506252293258,194.670917064077,0.1782824993133545,250.73385620117188,250.73385620117188,0.014225022867321968,0.675000011920929,-0.022333331406116486,6.6845011711120605
HalfCheetah-v5,D_vfclip,0,74,300000,23.243292578030378,1671.7853025672957,172.0926579817186,290.82991026238483,0.06294447183609009,265.66888427734375,265.66888427734375,0.016679422929883003,0.675000011920929,-0.1571032851934433,6.797650337219238
HalfCheetah-v5,D_vfclip,1,0,4000,22.206980044022202,22.206980044022202,180.12354638363996,-316.2294045140139,0.06416237354278564,457.9352111816406,457.9352111816406,0.025688542053103447,0.30000001192092896,-0.20598071813583374,8.588790893554688
HalfCheetah-v5,D_vfclip,1,1,8000,20.982893855078146,43.18987389910035,190.6314747444593,-333.8871997483178,0.11513793468475342,403.8199462890625,403.8199462890625,0.022335829213261604,0.45000001788139343,0.02691010758280754,8.421976089477539
HalfCheetah-v5,D_vfclip,1,2,12000,20.639998130965978,63.829872030066326,193.79846716162444,-338.9968682800028,0.1216629147529602,298.6006774902344,298.6006774902344,0.017859093844890594,0.45000001788139343,-0.05934610962867737,8.182190895080566
HalfCheetah-v5,D_vfclip,1,3,16000,20.083328458014876,83.9132004880812,199.17017283077277,-244.29615618714718,0.1801632046699524,208.32290649414062,208.32290649414062,0.01927988789975643,0.45000001788139343,-0.08387263119220734,8.239677429199219
HalfCheetah-v5,D_vfclip,1,4,20000,20.683718361193314,104.59691884927452,193.3888254591969,-322.7658327742004,0.06083571910858154,230.87911987304688,230.87911987304688,0.019212404265999794,0.45000001788139343,-0.028227970004081726,8.38270378112793
HalfCheetah-v5,D_vfclip,1,5,24000,20.77098735794425,125.36790620721877,192.57630516394906,-327.0003741624534,0.47897571325302124,71.95970153808594,71.95970153808594,0.0169875118881464,0.45000001788139343,0.08706894516944885,8.710196495056152
HalfCheetah-v5,D_vfclip,1,6,28000,21.424822985194623,146.7927291924134,186.69932548633676,-282.2406720966231,0.2784135937690735,170.1029510498047,170.1029510498047,0.019284840673208237,0.45000001788139343,-0.11297713220119476,8.213478088378906
HalfCheetah-v5,D_vfclip,1,7,32000,20.659523358102888,167.45225255051628,193.61530905944917,-264.05791028828673,0.16812735795974731,144.02906799316406,144.02906799316406,0.01813027635216713,0.45000001788139343,-0.012478324584662914,8.343233108520508
HalfCheetah-v5,D_vfclip,1,8,36000,20.551282982807606,188.00353553332388,194.63505044168008,-331.0056036800548,0.19480425119400024,150.0032196044922,150.0032196044922,0.01660063862800598,0.45000001788139343,-0.13841263949871063,8.187870025634766
HalfCheetah-v5,D_vfclip,1,9,40000,20.532966336933896,208.53650187025778,194.80867665988214,-261.2688444235802,0.12270843982696533,219.1146240234375,219.1146240234375,0.019591130316257477,0.45000001788139343,-0.16878236830234528,8.201874732971191
HalfCheetah-v5,D_vfclip,1,10,44000,20.74123166501522,229.277733535273,192.8525781208502,-251.1196415931885,0.08907431364059448,154.20887756347656,154.20887756347656,0.02096559666097164,0.675000011920929,0.060094743967056274,8.167363166809082
HalfCheetah-v5,D_vfclip,1,11,48000,20.31230340502225,249.59003694029525,196.92498286585231,-322.16653423489043,0.2926711440086365,105.82697296142578,105.82697296142578,0.014024906791746616,0.675000011920929,-0.20894315838813782,8.310322761535645
HalfCheetah-v5,D_vfclip,1,12,52000,20.599779007956386,270.18981594825163,194.17684036586286,-243.47531602177617,0.3379940986633301,56.90260696411133,56.90260696411133,0.014525571838021278,0.675000011920929,0.042908962815999985,8.466691970825195
HalfCheetah-v5,D_vfclip,1,13,56000,21.360588188981637,291.5504041372333,187.26076101515346,-208.54902374888132,0.30532675981521606,84.24620819091797,84.24620819091797,0.014931817539036274,0.675000011920929,-0.09758926182985306,7.865602970123291
HalfCheetah-v5,D_vfclip,1,14,60000,21.842057183152065,313.39246132038534,183.1329332424517,-274.03915911594606,0.13766300678253174,161.60739135742188,161.60739135742188,0.014350397512316704,0.675000011920929,-0.17806129157543182,7.885251998901367
HalfCheetah-v5,D_vfclip,1,15,64000,20.61142131499946,334.0038826353848,194.06716008900838,-231.1361764511341,0.3384820818901062,71.41474151611328,71.41474151611328,0.014802273362874985,0.675000011920929,0.16847732663154602,8.00218391418457
HalfCheetah-v5,D_vfclip,1,16,68000,21.263983333949,355.2678659693338,188.1115093621148,-285.40004912797156,0.46061772108078003,56.3621711730957,56.3621711730957,0.013585726730525494,0.675000011920929,-0.10568083077669144,8.14454174041748
HalfCheetah-v5,D_vfclip,1,17,72000,22.598631046013907,377.8664970153477,177.00187200965635,-186.2196434040433,0.40261852741241455,76.24942779541016,76.24942779541016,0.01466034073382616,0.675000011920929,-0.06279340386390686,7.758317470550537
HalfCheetah-v5,D_vfclip,1,18,76000,21.133342510089278,398.999839525437,189.27436576066273,-213.15918297948193,0.13868600130081177,175.57781982421875,175.57781982421875,0.014961444772779942,0.675000011920929,-0.037704166024923325,7.46956205368042
HalfCheetah-v5,D_vfclip,1,19,80000,22.525625095004216,421.5254646204412,177.57553822056326,-262.3965398316327,0.06786590814590454,205.79515075683594,205.79515075683594,0.012257413007318974,0.675000011920929,0.02491198480129242,7.651186943054199
HalfCheetah-v5,D_vfclip,1,20,84000,23.066012318013236,444.59147693845443,173.41532402097215,-259.218568461873,0.16878396272659302,223.69874572753906,223.69874572753906,0.014767005108296871,0.675000011920929,-0.18442824482917786,7.616281986236572
HalfCheetah-v5,D_vfclip,1,21,88000,21.570258371066302,466.16173530952074,185.4405232978331,-200.99194709044798,0.3662320375442505,80.27647399902344,80.27647399902344,0.01508072204887867,0.675000011920929,-0.1295691877603531,7.499725341796875
HalfCheetah-v5,D_vfclip,1,22,92000,22.548579500056803,488.71031480957754,177.39476670758455,-205.33777687168578,0.266437828540802,65.92994689941406,65.92994689941406,0.01415333617478609,0.675000011920929,-0.10679104924201965,7.408491611480713
HalfCheetah-v5,D_vfclip,1,23,96000,20.277514026965946,508.9878288365435,197.26283974853234,-167.26419377777904,-0.03241682052612305,171.91476440429688,171.91476440429688,0.01432753261178732,0.675000011920929,-0.08520805835723877,7.327198505401611
HalfCheetah-v5,D_vfclip,1,24,100000,20.481052543967962,529.4688813805114,195.30246267436445,-145.2310665696982,0.07977616786956787,163.6007843017578,163.6007843017578,0.01401550229638815,0.675000011920929,0.04091271758079529,7.305970668792725
HalfCheetah-v5,D_vfclip,1,25,104000,20.433106682030484,549.9019880625419,195.76073586097044,-203.3162571531336,0.6166068315505981,73.67105865478516,73.67105865478516,0.016372332349419594,0.675000011920929,0.012041311711072922,7.92296838760376
HalfCheetah-v5,D_vfclip,1,26,108000,20.024721942842007,569.9267100053839,199.7530857815397,-171.16599378561574,0.32621699571609497,73.26517486572266,73.26517486572266,0.014258889481425285,0.675000011920929,-0.0771634429693222,7.3574724197387695
HalfCheetah-v5,D_vfclip,1,27,112000,21.63104093610309,591.557750941487,184.9194410854189,-165.25917903011188,0.33758360147476196,130.64883422851562,130.64883422851562,0.014751870185136795,0.675000011920929,-0.11299464851617813,7.268134593963623
HalfCheetah-v5,D_vfclip,1,28,116000,20.67356135486625,612.2313122963533,193.4838381901945,-141.29192765064147,0.5822383761405945,98.68610382080078,98.68610382080078,0.015704210847616196,0.675000011920929,-0.10397094488143921,7.459658145904541
HalfCheetah-v5,D_vfclip,1,29,120000,20.817160323029384,633.0484726193827,192.14916626140035,-190.48493165663353,0.13247519731521606,240.8694610595703,240.8694610595703,0.015109283849596977,0.675000011920929,-0.15785832703113556,7.157959461212158
HalfCheetah-v5,D_vfclip,1,30,124000,20.868895628955215,653.9173682483379,191.67281638277362,-128.4414091644913,0.10436558723449707,147.26226806640625,147.26226806640625,0.014238658361136913,0.675000011920929,-0.028943173587322235,6.996091842651367
HalfCheetah-v5,D_vfclip,1,31,128000,21.201879772823304,675.1192480211612,188.66251685509621,-176.39904427459953,0.6082495450973511,83.8963851928711,83.8963851928711,0.015585603192448616,0.675000011920929,-0.07031804323196411,7.532601356506348
HalfCheetah-v5,D_vfclip,1,32,132000,21.107761613093317,696.2270096342545,189.5037509575988,-110.39357670984171,0.44935524463653564,85.0594253540039,85.0594253540039,0.013439904898405075,0.675000011920929,-0.043640993535518646,7.3226189613342285
HalfCheetah-v5,D_vfclip,1,33,136000,20.510306396055967,716.7373160303105,195.02390275209058,-156.90675479833521,0.3260340094566345,96.97502136230469,96.97502136230469,0.013311263173818588,0.675000011920929,-0.011707887053489685,7.4648613929748535
HalfCheetah-v5,D_vfclip,1,34,140000,20.951117367949337,737.6884333982598,190.92060484177955,-87.36517355887614,0.39186620712280273,96.73007202148438,96.73007202148438,0.014703722670674324,0.675000011920929,0.13189971446990967,7.063261032104492
HalfCheetah-v5,D_vfclip,1,35,144000,20.69437323184684,758.3828066301066,193.28925574050962,-47.559433543308565,0.07301419973373413,217.60220336914062,217.60220336914062,0.01388735231012106,0.675000011920929,-0.08322358876466751,6.963932514190674
HalfCheetah-v5,D_vfclip,1,36,148000,20.547909289132804,778.9307159192394,194.66700693074816,-40.80465304232218,0.10582679510116577,217.41561889648438,217.41561889648438,0.014045999385416508,0.675000011920929,-0.14055341482162476,6.784099102020264
HalfCheetah-v5,D_vfclip,1,37,152000,21.298226615879685,800.2289425351191,187.80906373761894,-63.37274340338524,0.15273284912109375,103.96288299560547,103.96288299560547,0.013251434080302715,0.675000011920929,-0.000379759818315506,6.876522064208984
HalfCheetah-v5,D_vfclip,1,38,156000,20.977610337082297,821.2065528722014,190.6794880696762,-58.99619986744602,0.5417877435684204,144.81100463867188,144.81100463867188,0.01553017646074295,0.675000011920929,0.06351546198129654,7.214617729187012
HalfCheetah-v5,D_vfclip,1,39,160000,21.103317736880854,842.3098706090823,189.54365611476663,-96.1221071589566,0.12240099906921387,162.42295837402344,162.42295837402344,0.013382108882069588,0.675000011920929,-0.16123783588409424,6.63157320022583
HalfCheetah-v5,D_vfclip,1,40,164000,21.32494930108078,863.6348199101631,187.5737167542656,-22.272104959812058,0.09903985261917114,168.09405517578125,168.09405517578125,0.013994976878166199,0.675000011920929,-0.07981312274932861,6.642928600311279
HalfCheetah-v5,D_vfclip,1,41,168000,22.82653668988496,886.461356600048,175.23464265923903,-12.219687021571525,0.4041372537612915,189.99404907226562,189.99404907226562,0.020546650514006615,1.0125000476837158,0.04860036075115204,6.564260482788086
HalfCheetah-v5,D_vfclip,1,42,172000,20.650830822996795,907.1121874230448,193.69680737230166,30.63931074952219,0.13855451345443726,157.21730041503906,157.21730041503906,0.010386267676949501,1.0125000476837158,0.10910343378782272,6.817348003387451
HalfCheetah-v5,D_vfclip,1,43,176000,20.848591917194426,927.9607793402392,191.85947980981325,55.30274272390428,0.23284459114074707,110.52561950683594,110.52561950683594,0.009329918771982193,1.0125000476837158,0.014953579753637314,6.812489986419678
HalfCheetah-v5,D_vfclip,1,44,180000,20.474796424852684,948.4355757650919,195.36213777172048,-84.46691640350915,0.1288050413131714,265.69854736328125,265.69854736328125,0.0101375263184309,1.0125000476837158,-0.05283420532941818,6.586528778076172
HalfCheetah-v5,D_vfclip,1,45,184000,20.567721131956205,969.0032968970481,194.4794940740991,-77.4388156788039,-0.003331422805786133,247.68374633789062,247.68374633789062,0.0111323157325387,1.0125000476837158,-0.021700799465179443,6.542634963989258
HalfCheetah-v5,D_vfclip,1,46,188000,20.419826141092926,989.4231230381411,195.88805371610812,4.497982291372935,0.09744405746459961,192.61180114746094,192.61180114746094,0.01100250706076622,1.0125000476837158,-0.16629011929035187,6.676661491394043
HalfCheetah-v5,D_vfclip,1,47,192000,20.414492016891018,1009.8376150550321,195.93923751276236,-26.78927847023363,0.4414033889770508,142.45303344726562,142.45303344726562,0.009425001218914986,1.0125000476837158,-0.10637727379798889,6.490964412689209
HalfCheetah-v5,D_vfclip,1,48,196000,20.395869947969913,1030.233485003002,196.1181361816899,12.372411998124747,0.04988282918930054,259.4398193359375,259.4398193359375,0.010009481571614742,1.0125000476837158,0.1241912841796875,6.636858940124512
HalfCheetah-v5,D_vfclip,1,49,200000,20.30671064602211,1050.540195649024,196.97921882703153,49.58522221347272,0.2082551121711731,180.11114501953125,180.11114501953125,0.010786155238747597,1.0125000476837158,-0.11732043325901031,6.63712215423584
HalfCheetah-v5,D_vfclip,1,50,204000,20.36705432110466,1070.9072499701288,196.39560718680548,38.13117287579251,0.06785750389099121,96.78316497802734,96.78316497802734,0.009974953718483448,1.0125000476837158,-0.18433398008346558,6.490603923797607
HalfCheetah-v5,D_vfclip,1,51,208000,20.29525272292085,1091.2025026930496,197.09042575668545,66.16447994641328,0.1897476315498352,132.10708618164062,132.10708618164062,0.011192595586180687,1.0125000476837158,-0.09442154318094254,6.4983134269714355
HalfCheetah-v5,D_vfclip,1,52,212000,20.61420165002346,1111.816704343073,194.04098533184998,3.1100199813869525,0.4090436100959778,158.53042602539062,158.53042602539062,0.010319428518414497,1.0125000476837158,-0.2194444090127945,6.517923355102539
HalfCheetah-v5,D_vfclip,1,53,216000,20.142796313157305,1131.9595006562304,198.58215998476805,66.64126343202112,0.172862708568573,157.4140625,157.4140625,0.010325095616281033,1.0125000476837158,-0.09237628430128098,6.484889984130859
HalfCheetah-v5,D_vfclip,1,54,220000,20.021648610942066,1151.9811492671724,199.78374796838423,115.80962504838995,0.37831658124923706,228.71205139160156,228.71205139160156,0.009781675413250923,1.0125000476837158,0.005736660212278366,6.488723278045654
HalfCheetah-v5,D_vfclip,1,55,224000,19.923786125145853,1171.9049353923183,200.76505413554864,99.1138749043035,0.3317869305610657,235.5871124267578,235.5871124267578,0.009690778329968452,1.0125000476837158,-0.16608881950378418,6.588985919952393
HalfCheetah-v5,D_vfclip,1,56,228000,20.02033636905253,1191.9252717613708,199.79684288337967,97.52134534256012,0.09879851341247559,135.01431274414062,135.01431274414062,0.012179829180240631,1.0125000476837158,-0.10002751648426056,6.49100399017334
HalfCheetah-v5,D_vfclip,1,57,232000,20.46595242107287,1212.3912241824437,195.44656010640287,1.9456130406189551,0.5479717254638672,227.32693481445312,227.32693481445312,0.01042895670980215,1.0125000476837158,-0.00913443136960268,6.7632904052734375
HalfCheetah-v5,D_vfclip,1,58,236000,20.19984790799208,1232.5910720904358,198.02129294336905,65.711638424402,0.6852233409881592,86.2055892944336,86.2055892944336,0.00949832983314991,1.0125000476837158,0.05720905587077141,6.612548351287842
HalfCheetah-v5,D_vfclip,1,59,240000,19.99594547599554,1252.5870175664313,200.0405534612937,128.00625142695782,0.07466340065002441,116.29883575439453,116.29883575439453,0.010950397700071335,1.0125000476837158,-0.1072029322385788,6.38347053527832
HalfCheetah-v5,D_vfclip,1,60,244000,20.474720804020762,1273.061738370452,195.3628593174512,82.60198389173507,0.056842803955078125,300.2550964355469,300.2550964355469,0.01025586761534214,1.0125000476837158,0.022063594311475754,6.392866611480713
HalfCheetah-v5,D_vfclip,1,61,248000,20.510499814990908,1293.572238185443,195.0220636298898,135.50927875275025,0.33698803186416626,137.71310424804688,137.71310424804688,0.009417527355253696,1.0125000476837158,-0.11459171772003174,6.415134906768799
HalfCheetah-v5,D_vfclip,1,62,252000,20.341415954986587,1313.9136541404296,196.6431446489064,136.1945974948965,0.8538290858268738,85.1249771118164,85.1249771118164,0.011049033142626286,1.0125000476837158,-0.019151287153363228,6.823826313018799
HalfCheetah-v5,D_vfclip,1,63,256000,21.362829074962065,1335.2764832153916,187.24111801690773,85.55432989063239,0.6309757828712463,126.22322845458984,126.22322845458984,0.012018097564578056,1.0125000476837158,-0.07541634142398834,6.569267272949219
HalfCheetah-v5,D_vfclip,1,64,260000,20.562080933945253,1355.838564149337,194.53283998102222,182.52656346260773,0.18051987886428833,172.47354125976562,172.47354125976562,0.011204564943909645,1.0125000476837158,-0.012256649322807789,6.465465545654297
HalfCheetah-v5,D_vfclip,1,65,264000,19.966034158831462,1375.8045983081684,200.34023623217647,162.65146238226134,0.24974673986434937,146.7411346435547,146.7411346435547,0.009161877445876598,1.0125000476837158,-0.0841221958398819,6.557641506195068
HalfCheetah-v5,D_vfclip,1,66,268000,19.934097297023982,1395.7386956051923,200.6612057922067,119.60837121406979,0.6377435326576233,95.52204132080078,95.52204132080078,0.010746138170361519,1.0125000476837158,-0.059879787266254425,6.526424407958984
HalfCheetah-v5,D_vfclip,1,67,272000,20.33818279695697,1416.0768784021493,196.6744049816725,234.43217785034142,0.07670247554779053,173.83724975585938,173.83724975585938,0.012532176449894905,1.0125000476837158,0.16201497614383698,6.274229049682617
HalfCheetah-v5,D_vfclip,1,68,276000,20.54167291196063,1436.61855131411,194.7261071259173,214.12423249059853,0.22908413410186768,133.93434143066406,133.93434143066406,0.009989021345973015,1.0125000476837158,-0.11930272728204727,6.466753005981445
HalfCheetah-v5,D_vfclip,1,69,280000,21.677894627908245,1458.2964459420182,184.51976396501058,224.13742080873575,0.5328092575073242,133.64083862304688,133.64083862304688,0.010123987682163715,1.0125000476837158,-0.028236407786607742,6.310569763183594
HalfCheetah-v5,D_vfclip,1,70,284000,21.23366019083187,1479.53010613285,188.38014567677286,278.52629016409674,0.13044458627700806,138.20741271972656,138.20741271972656,0.011197656393051147,1.0125000476837158,-0.04103385657072067,6.282554626464844
HalfCheetah-v5,D_vfclip,1,71,288000,19.992257731966674,1499.5223638648167,200.0774526632972,210.7559046183008,0.6055127382278442,155.90170288085938,155.90170288085938,0.01020284928381443,1.0125000476837158,-0.04722405597567558,6.449685096740723
HalfCheetah-v5,D_vfclip,1,72,292000,20.13431476498954,1519.6566786298063,198.66581240476987,127.56405151879765,0.6888517141342163,196.36004638671875,196.36004638671875,0.011222470551729202,1.0125000476837158,-0.08981272578239441,6.497504234313965
HalfCheetah-v5,D_vfclip,1,73,296000,20.304349473211914,1539.9610281030182,197.00212534645888,150.48975332438815,0.3963860869407654,391.25531005859375,391.25531005859375,0.012418758124113083,1.0125000476837158,0.05684512481093407,6.014089584350586
HalfCheetah-v5,D_vfclip,1,74,300000,20.851713103009388,1560.8127412060276,191.8307613499011,187.04182196753143,0.7339756488800049,131.17506408691406,131.17506408691406,0.012034464627504349,1.0125000476837158,-0.18193887174129486,6.352478981018066
HalfCheetah-v5,D_vfclip,2,0,4000,21.51944697019644,21.51944697019644,185.8783827270207,-348.1194117677096,0.03266024589538574,329.8733825683594,329.8733825683594,0.026384666562080383,0.30000001192092896,0.05394228547811508,8.542160034179688
HalfCheetah-v5,D_vfclip,2,1,8000,22.80455302610062,44.32399999629706,175.40356942851975,-309.9512763800683,0.03534221649169922,237.34181213378906,237.34181213378906,0.026476655155420303,0.45000001788139343,0.03037526272237301,8.111698150634766
HalfCheetah-v5,D_vfclip,2,2,12000,23.358105056919158,67.68210505321622,171.24676810266837,-303.3161377222699,0.10563254356384277,161.0933074951172,161.0933074951172,0.016784295439720154,0.45000001788139343,-0.05982815474271774,8.206843376159668
HalfCheetah-v5,D_vfclip,2,3,16000,22.087314078118652,89.76941913133487,181.09943046278767,-331.8880519287971,0.19309568405151367,181.7989044189453,181.7989044189453,0.01830487884581089,0.45000001788139343,-0.010752515867352486,8.162765502929688
HalfCheetah-v5,D_vfclip,2,4,20000,21.560851097106934,111.3302702284418,185.5214333601481,-351.70373423161766,0.121418297290802,163.79574584960938,163.79574584960938,0.01846865937113762,0.45000001788139343,-0.11049169301986694,8.117935180664062
HalfCheetah-v5,D_vfclip,2,5,24000,21.249628170160577,132.57989839860238,188.23858789288985,-295.7674624306327,0.4917939305305481,66.10272979736328,66.10272979736328,0.01791275292634964,0.45000001788139343,-0.14265276491641998,8.249933242797852
HalfCheetah-v5,D_vfclip,2,6,28000,22.012319369008765,154.59221776761115,181.7164258316012,-251.894639101554,0.23688864707946777,85.41315460205078,85.41315460205078,0.02311653457581997,0.675000011920929,0.08684644848108292,7.983803749084473
HalfCheetah-v5,D_vfclip,2,7,32000,21.635868743993342,176.2280865116045,184.87817833108735,-263.00207603247196,0.3849080801010132,119.873291015625,119.873291015625,0.014691339805722237,0.675000011920929,-0.2309986799955368,8.082544326782227
HalfCheetah-v5,D_vfclip,2,8,36000,21.069818306015804,197.2979048176203,189.84501631216864,-311.4089221941353,0.09620308876037598,234.9417266845703,234.9417266845703,0.014002145268023014,0.675000011920929,0.0401216484606266,8.045851707458496
HalfCheetah-v5,D_vfclip,2,9,40000,20.703703636070713,218.001608453691,193.2021473216541,-254.87570229356635,0.4412059187889099,98.82640075683594,98.82640075683594,0.014690730720758438,0.675000011920929,-0.015751853585243225,7.878042221069336
HalfCheetah-v5,D_vfclip,2,10,44000,20.884222669061273,238.88583112275228,191.5321467016228,-298.46839627672296,0.11309927701950073,69.72977447509766,69.72977447509766,0.01197479572147131,0.675000011920929,-0.1790897250175476,8.319549560546875
HalfCheetah-v5,D_vfclip,2,11,48000,21.372498193988577,260.25832931674086,187.1564083755579,-254.95967198022737,0.021227240562438965,189.14801025390625,189.14801025390625,0.015034373849630356,0.675000011920929,0.06746172159910202,7.954128742218018
HalfCheetah-v5,D_vfclip,2,12,52000,24.094872566871345,284.3532018836122,166.01042354130158,-299.97797168179136,0.24988126754760742,84.13493347167969,84.13493347167969,0.013937416486442089,0.675000011920929,-0.08618517220020294,8.107917785644531
HalfCheetah-v5,D_vfclip,2,13,56000,21.257746435934678,305.6109483195469,188.16670017468505,-216.90268096437444,0.21127182245254517,378.5291748046875,378.5291748046875,0.015142006799578667,0.675000011920929,-0.0838722288608551,7.834395408630371
HalfCheetah-v5,D_vfclip,2,14,60000,21.081791683798656,326.69274000334553,189.7371940675231,-248.50257771406666,0.37866926193237305,62.695411682128906,62.695411682128906,0.015260415151715279,0.675000011920929,-0.18585790693759918,8.012029647827148
HalfCheetah-v5,D_vfclip,2,15,64000,22.352767155040056,349.0455071583856,178.94876156745042,-255.64160251613583,0.07903629541397095,128.78114318847656,128.78114318847656,0.016957467421889305,0.675000011920929,0.004918933846056461,7.958658695220947
HalfCheetah-v5,D_vfclip,2,16,68000,21.304412320023403,370.349919478409,187.75453365782428,-206.61011494873372,0.3115232586860657,122.65486907958984,122.65486907958984,0.015125561505556107,0.675000011920929,-0.11184944212436676,7.752811431884766
HalfCheetah-v5,D_vfclip,2,17,72000,20.867533933836967,391.21745341224596,191.68532384720123,-203.90962599618615,0.44339847564697266,79.96665954589844,79.96665954589844,0.012939104810357094,0.675000011920929,-0.09213550388813019,7.985576152801514
HalfCheetah-v5,D_vfclip,2,18,76000,20.418566391104832,411.6360198033508,195.90013928414507,-265.17743042944414,0.10074180364608765,64.85865783691406,64.85865783691406,0.01713819056749344,0.675000011920929,-0.09511440992355347,7.951635360717773
HalfCheetah-v5,D_vfclip,2,19,80000,21.13088085106574,432.76690065441653,189.2964154307017,-232.98702575001954,0.4086776375770569,77.02496337890625,77.02496337890625,0.014467163011431694,0.675000011920929,-0.20863531529903412,7.966463088989258
HalfCheetah-v5,D_vfclip,2,20,84000,21.43337714485824,454.2002777992748,186.6248129245269,-245.72007986319096,-0.06260454654693604,41.35086441040039,41.35086441040039,0.013756958767771721,0.675000011920929,-0.007346458733081818,7.978061199188232
HalfCheetah-v5,D_vfclip,2,21,88000,21.72944904398173,475.9297268432565,184.0819798009492,-248.3614431752534,0.0727573037147522,53.90797424316406,53.90797424316406,0.013206824660301208,0.675000011920929,-0.03394408896565437,7.986579895019531
HalfCheetah-v5,D_vfclip,2,22,92000,21.461501642130315,497.3912284853868,186.38024806930292,-216.94903091346086,0.1917216181755066,66.59803009033203,66.59803009033203,0.015204343944787979,0.675000011920929,-0.013958171010017395,7.788431167602539
HalfCheetah-v5,D_vfclip,2,23,96000,21.00320877879858,518.3944372641854,190.4470903530583,-249.95217499460844,0.23858827352523804,60.045326232910156,60.045326232910156,0.013708109967410564,0.675000011920929,0.04498840123414993,7.944614887237549
HalfCheetah-v5,D_vfclip,2,24,100000,21.25883439811878,539.6532716623042,188.15707037794908,-241.19739627510842,0.3034011125564575,65.1315689086914,65.1315689086914,0.013718217611312866,0.675000011920929,-0.12075869739055634,7.851475715637207
HalfCheetah-v5,D_vfclip,2,25,104000,21.401880186982453,561.0551518492866,186.89946701192042,-166.45613224057945,0.6940151453018188,27.468168258666992,27.468168258666992,0.012209638021886349,0.675000011920929,-0.13163988292217255,7.881862640380859
HalfCheetah-v5,D_vfclip,2,26,108000,21.741341042798012,582.7964928920846,183.98129131620567,-196.91865554394238,0.042235732078552246,70.3824691772461,70.3824691772461,0.014064613729715347,0.675000011920929,-0.06303638219833374,7.866637229919434
HalfCheetah-v5,D_vfclip,2,27,112000,21.89681695215404,604.6933098442387,182.67495265363266,-180.15536027276528,0.045823872089385986,60.37995147705078,60.37995147705078,0.01424334105104208,0.675000011920929,-0.036748990416526794,7.680576324462891
HalfCheetah-v5,D_vfclip,2,28,116000,22.61342285410501,627.3067326983437,176.8860922031483,-179.7414105970912,0.1606142520904541,36.59553909301758,36.59553909301758,0.011756885796785355,0.675000011920929,0.11398562043905258,7.615637302398682
HalfCheetah-v5,D_vfclip,2,29,120000,22.43388187000528,649.740614568349,178.30173231624752,-171.4838554733268,0.12619459629058838,38.49787521362305,38.49787521362305,0.01400783658027649,0.675000011920929,-0.19900234043598175,7.6418304443359375
HalfCheetah-v5,D_vfclip,2,30,124000,21.22581547801383,670.9664300463628,188.44976788492716,-180.08984196398322,0.22745245695114136,108.43360900878906,108.43360900878906,0.013239873573184013,0.675000011920929,-0.024663062766194344,7.607677459716797
HalfCheetah-v5,D_vfclip,2,31,128000,21.191215554019436,692.1576456003822,188.75745894818672,-188.029018631734,0.08985280990600586,34.32051467895508,34.32051467895508,0.012215739116072655,0.675000011920929,-0.021765585988759995,7.695659160614014
HalfCheetah-v5,D_vfclip,2,32,132000,21.303121568867937,713.4607671692502,187.76590966112403,-174.43668461455516,-0.013935208320617676,68.88336181640625,68.88336181640625,0.012863940559327602,0.675000011920929,0.05123127996921539,7.54298210144043
HalfCheetah-v5,D_vfclip,2,33,136000,21.385479832068086,734.8462470013183,187.04279873121646,-151.5216998827787,0.2185787558555603,41.261322021484375,41.261322021484375,0.012796005234122276,0.675000011920929,-0.1526140719652176,7.6152472496032715
HalfCheetah-v5,D_vfclip,2,34,140000,22.705769933061674,757.5520169343799,176.16667533372805,-107.10339950526186,0.44225209951400757,42.54621505737305,42.54621505737305,0.0130907678976655,0.675000011920929,0.059289660304784775,7.457529067993164
HalfCheetah-v5,D_vfclip,2,35,144000,21.08755428204313,778.6395712164231,189.6853445639334,-127.20775070754851,0.16671419143676758,75.43096160888672,75.43096160888672,0.01733267866075039,0.675000011920929,-0.011646158993244171,7.380496501922607
HalfCheetah-v5,D_vfclip,2,36,148000,21.358837286010385,799.9984085024334,187.27611182374244,-139.17605386573314,0.2287335991859436,47.154998779296875,47.154998779296875,0.013230135664343834,0.675000011920929,-0.15440720319747925,7.4792585372924805
HalfCheetah-v5,D_vfclip,2,37,152000,21.074165047844872,821.0725735502783,189.8058590183176,-120.72409959964338,0.07407128810882568,38.62683868408203,38.62683868408203,0.013982725329697132,0.675000011920929,-0.15004220604896545,7.488329887390137
HalfCheetah-v5,D_vfclip,2,38,156000,22.656835186993703,843.729408737272,176.5471641112623,-123.98898867862852,0.18716400861740112,93.9560775756836,93.9560775756836,0.01202643197029829,0.675000011920929,-0.1879139095544815,7.3043975830078125
HalfCheetah-v5,D_vfclip,2,39,160000,22.597532019019127,866.3269407562912,177.01048046456646,-69.2343441261988,0.16516542434692383,47.301414489746094,47.301414489746094,0.013386495411396027,0.675000011920929,0.03170304745435715,7.407176494598389
HalfCheetah-v5,D_vfclip,2,40,164000,21.115282587939873,887.442223344231,189.436252313508,-77.418465491488,0.17879199981689453,46.93193435668945,46.93193435668945,0.014066101051867008,0.675000011920929,0.05737787485122681,7.149384498596191
HalfCheetah-v5,D_vfclip,2,41,168000,21.235781878000125,908.6780052222311,188.3613244372191,-71.9968237168719,0.09180998802185059,47.544952392578125,47.544952392578125,0.01608167216181755,0.675000011920929,0.11319275200366974,7.223020076751709
HalfCheetah-v5,D_vfclip,2,42,172000,21.237846737960353,929.9158519601915,188.3430109159999,-76.67820667160404,0.1401025652885437,39.83892822265625,39.83892822265625,0.011804583482444286,0.675000011920929,-0.03781048581004143,7.0712103843688965
HalfCheetah-v5,D_vfclip,2,43,176000,21.635173483984545,951.551025444176,184.88411950849405,-31.45143901976436,0.1293160319328308,29.46227264404297,29.46227264404297,0.014346469193696976,0.675000011920929,-0.05271127074956894,7.139100551605225
HalfCheetah-v5,D_vfclip,2,44,180000,22.571538555901498,974.1225640000775,177.21432635588636,-63.371593786114204,0.20922917127609253,74.70699310302734,74.70699310302734,0.012117386795580387,0.675000011920929,0.0051716468296945095,6.994925498962402
HalfCheetah-v5,D_vfclip,2,45,184000,21.608721767086536,995.7312857671641,185.11044027104953,-52.60740711473163,0.2062506079673767,41.8087043762207,41.8087043762207,0.013840913772583008,0.675000011920929,-0.055877432227134705,7.0043625831604
HalfCheetah-v5,D_vfclip,2,46,188000,22.99924381892197,1018.730529586086,173.918761481589,-26.143736634492953,0.275327205657959,64.47216796875,64.47216796875,0.014851181767880917,0.675000011920929,0.02797974832355976,6.904365539550781
HalfCheetah-v5,D_vfclip,2,47,192000,21.80805556802079,1040.5385851541068,183.41846147281362,-1.2713569229688377,0.15672332048416138,29.145153045654297,29.145153045654297,0.014715688303112984,0.675000011920929,-0.08204048871994019,6.891022205352783
HalfCheetah-v5,D_vfclip,2,48,196000,21.062000232050195,1061.600585386157,189.91548551562408,13.988086174341706,0.06366956233978271,32.5513801574707,32.5513801574707,0.013718005269765854,0.675000011920929,-0.08105756342411041,6.836101531982422
HalfCheetah-v5,D_vfclip,2,49,200000,21.322515122126788,1082.9231005082838,187.59513017529167,11.581799208153724,0.11607605218887329,27.360179901123047,27.360179901123047,0.01496901735663414,0.675000011920929,-0.05311817675828934,6.766219615936279
HalfCheetah-v5,D_vfclip,2,50,204000,22.113375216023996,1105.0364757243078,180.88600048270712,29.168923945166092,0.08693438768386841,47.08513641357422,47.08513641357422,0.015527015551924706,0.675000011920929,-0.06717721372842789,6.769171714782715
HalfCheetah-v5,D_vfclip,2,51,208000,21.240828869165853,1126.2773045934737,188.31656827698382,6.0990782385976114,0.19723308086395264,55.886444091796875,55.886444091796875,0.01457449421286583,0.675000011920929,-0.15742218494415283,6.568714618682861
HalfCheetah-v5,D_vfclip,2,52,212000,21.04546057409607,1147.3227651675697,190.06474037082486,68.834453494768,0.11241185665130615,59.20292663574219,59.20292663574219,0.015061727724969387,0.675000011920929,0.03107430413365364,6.674194812774658
HalfCheetah-v5,D_vfclip,2,53,216000,21.092417400097474,1168.4151825676672,189.64161025855267,62.80897475986879,0.10541707277297974,34.98359298706055,34.98359298706055,0.017894862219691277,0.675000011920929,-0.02961735986173153,6.682821273803711
HalfCheetah-v5,D_vfclip,2,54,220000,21.387146012857556,1189.8023285805248,187.02822702922933,66.7589477505394,0.07833915948867798,33.729591369628906,33.729591369628906,0.013346516527235508,0.675000011920929,-0.09026478976011276,6.493367671966553
HalfCheetah-v5,D_vfclip,2,55,224000,21.145264154067263,1210.947592734592,189.16765337408214,94.66986632870277,0.10674035549163818,50.84016799926758,50.84016799926758,0.01516181044280529,0.675000011920929,-0.0712645947933197,6.554012775421143
HalfCheetah-v5,D_vfclip,2,56,228000,20.902749080909416,1231.8503418155015,191.36238896218774,98.45518846851222,0.10086065530776978,59.87151336669922,59.87151336669922,0.015068246982991695,0.675000011920929,-0.16269265115261078,6.385430335998535
HalfCheetah-v5,D_vfclip,2,57,232000,22.00939675117843,1253.8597385666799,181.7405558735194,111.38953288983133,0.09640508890151978,38.56169891357422,38.56169891357422,0.014113597571849823,0.675000011920929,0.03212161362171173,6.400082111358643
HalfCheetah-v5,D_vfclip,2,58,236000,20.899761030916125,1274.759499597596,191.38974814510897,91.69294584040532,0.09995359182357788,51.27476501464844,51.27476501464844,0.017537951469421387,0.675000011920929,-0.015728726983070374,6.342310905456543
HalfCheetah-v5,D_vfclip,2,59,240000,21.08200826495886,1295.8415078625549,189.735244846125,174.1226624728064,0.12277400493621826,60.27824401855469,60.27824401855469,0.016507335007190704,0.675000011920929,-0.14418448507785797,6.389629364013672
HalfCheetah-v5,D_vfclip,2,60,244000,20.974690387025476,1316.8161982495803,190.7060331376486,174.24930024593272,0.1217086911201477,52.67632293701172,52.67632293701172,0.01349978893995285,0.675000011920929,-0.17708300054073334,6.3473968505859375
HalfCheetah-v5,D_vfclip,2,61,248000,20.91472902498208,1337.7309272745624,191.25277670210826,197.71983313322414,0.12263089418411255,55.247371673583984,55.247371673583984,0.01537286676466465,0.675000011920929,-0.0952463150024414,6.306669235229492
HalfCheetah-v5,D_vfclip,2,62,252000,21.972738147946075,1359.7036654225085,182.0437659188099,170.1046733575511,0.14783716201782227,97.89533233642578,97.89533233642578,0.015647271648049355,0.675000011920929,-0.11507256329059601,6.173711776733398
HalfCheetah-v5,D_vfclip,2,63,256000,22.001694932114333,1381.7053603546228,181.80417519386108,208.26118462136137,-0.005362033843994141,66.21663665771484,66.21663665771484,0.017367692664265633,0.675000011920929,-0.20135201513767242,6.10219144821167
HalfCheetah-v5,D_vfclip,2,64,260000,21.063734042923898,1402.7690943975467,189.89985307679817,220.61731097202141,0.2370792031288147,116.80992126464844,116.80992126464844,0.017391806468367577,0.675000011920929,-0.06971321254968643,6.008759021759033
HalfCheetah-v5,D_vfclip,2,65,264000,20.854180847061798,1423.6232752446085,191.80806138274048,250.22336424281895,0.05394643545150757,52.98008728027344,52.98008728027344,0.014823853969573975,0.675000011920929,-0.07626286894083023,5.840240955352783
HalfCheetah-v5,D_vfclip,2,66,268000,21.751107051037252,1445.3743822956458,183.89868573651523,230.1361776010615,0.17987555265426636,57.03325271606445,57.03325271606445,0.016381852328777313,0.675000011920929,-0.08467686176300049,5.802401542663574
HalfCheetah-v5,D_vfclip,2,67,272000,21.602584945969284,1466.976967241615,185.16302609176128,268.863406216625,0.09305983781814575,71.07855987548828,71.07855987548828,0.014085669070482254,0.675000011920929,-0.06787265837192535,5.883598327636719
HalfCheetah-v5,D_vfclip,2,68,276000,22.301976615097374,1489.2789438567124,179.3562996246795,304.982179116494,0.1131775975227356,77.24037170410156,77.24037170410156,0.017321396619081497,0.675000011920929,0.09283948689699173,5.783647060394287
HalfCheetah-v5,D_vfclip,2,69,280000,20.81640156614594,1510.0953454228584,192.15617008970784,290.22165354226956,0.18812382221221924,104.16587829589844,104.16587829589844,0.01865602657198906,0.675000011920929,0.0174934770911932,5.71212100982666
HalfCheetah-v5,D_vfclip,2,70,284000,21.82866187696345,1531.9240072998218,183.2453140071467,330.2691091871195,-0.034451961517333984,54.35594940185547,54.35594940185547,0.016295185312628746,0.675000011920929,-0.12233435362577438,5.572739124298096
HalfCheetah-v5,D_vfclip,2,71,288000,21.466913386946544,1553.3909206867684,186.3332621648482,315.3142097101724,0.3022350072860718,73.11235809326172,73.11235809326172,0.01747351512312889,0.675000011920929,-0.1156320571899414,5.421176910400391
HalfCheetah-v5,D_vfclip,2,72,292000,21.87371082813479,1575.2646315149032,182.86791991668142,316.8551595756336,0.052500903606414795,88.28271484375,88.28271484375,0.01583254709839821,0.675000011920929,-0.044786177575588226,5.466254234313965
HalfCheetah-v5,D_vfclip,2,73,296000,22.053304945118725,1597.3179364600219,181.37870990104634,366.83738233978283,0.6305373907089233,141.64361572265625,141.64361572265625,0.01819826476275921,0.675000011920929,-0.03513002768158913,5.384366035461426
HalfCheetah-v5,D_vfclip,2,74,300000,21.310043686069548,1618.6279801460914,187.70491787470218,349.2550760973638,0.2970086932182312,66.6380844116211,66.6380844116211,0.014202067628502846,0.675000011920929,-0.2707529067993164,5.379325866699219
HalfCheetah-v5,P,0,0,2048,5.5269232909195125,5.5269232909195125,370.54974208973954,,0.2944599390029907,18.998790740966797,18.998790740966797,0.0,,-0.04291665181517601,8.488162994384766
HalfCheetah-v5,P,0,1,4096,5.461401008069515,10.988324298989028,374.99535320222213,-395.26656373278456,0.19759368896484375,17.11009979248047,17.11009979248047,0.0,,-0.005800474435091019,8.476922035217285
HalfCheetah-v5,P,0,2,6144,5.419129357906058,16.407453656895086,377.92048588250407,,0.23505115509033203,40.958831787109375,40.958831787109375,0.0,,-0.1531725823879242,8.477768898010254
HalfCheetah-v5,P,0,3,8192,5.462910274043679,21.870363930938765,374.8917513309363,-328.2004439037975,0.3357290029525757,14.253235816955566,14.253235816955566,0.0,,-0.03652586415410042,8.461138725280762
HalfCheetah-v5,P,0,4,10240,5.392167176818475,27.26253110775724,379.8101825931101,,0.4127858281135559,42.585792541503906,42.585792541503906,0.0,,0.0709003359079361,8.40265941619873
HalfCheetah-v5,P,0,5,12288,5.369094311958179,32.63162541971542,381.44235899128165,-291.88513130149556,0.23969584703445435,20.913869857788086,20.913869857788086,0.0,,-0.01433398574590683,8.375245094299316
HalfCheetah-v5,P,0,6,14336,5.367038083029911,37.99866350274533,381.58849784867203,,0.39365607500076294,29.889564514160156,29.889564514160156,0.0,,0.015868239104747772,8.346955299377441
HalfCheetah-v5,P,0,7,16384,5.464529528981075,43.463193031726405,374.78066302660704,-326.9132740409684,0.439345121383667,29.92275619506836,29.92275619506836,0.0,,-0.09650256484746933,8.330409049987793
HalfCheetah-v5,P,0,8,18432,5.462092742789537,48.92528577451594,374.9478627406222,,0.6274055242538452,39.340232849121094,39.340232849121094,0.0,,0.18059055507183075,8.309021949768066
HalfCheetah-v5,P,0,9,20480,5.406568970065564,54.331854744581506,378.7984600472348,-301.99203007704307,0.8806495070457458,16.68950653076172,16.68950653076172,0.0,,-0.04694704711437225,8.298001289367676
HalfCheetah-v5,P,0,10,22528,5.433437353931367,59.76529209851287,376.92529914201884,,0.8267558813095093,10.513998031616211,10.513998031616211,0.0,,-0.0451800674200058,8.24807071685791
HalfCheetah-v5,P,0,11,24576,5.415110213914886,65.18040231242776,378.2009819001239,-225.89688786374177,0.6454471349716187,16.804943084716797,16.804943084716797,0.0,,-0.029068723320961,8.228839874267578
HalfCheetah-v5,P,0,12,26624,5.3697808620054275,70.55018317443319,381.393589911813,,0.3128397464752197,39.478858947753906,39.478858947753906,0.0,,-0.06095125526189804,8.175917625427246
HalfCheetah-v5,P,0,13,28672,5.351447513094172,75.90163068752736,382.7001937305482,-194.78683044915977,0.5373905301094055,37.80561828613281,37.80561828613281,0.0,,-0.29441195726394653,8.165142059326172
HalfCheetah-v5,P,0,14,30720,5.465486359084025,81.36711704661138,374.71505103952535,,0.5668548941612244,23.67639923095703,23.67639923095703,0.0,,0.09536518901586533,8.157807350158691
HalfCheetah-v5,P,0,15,32768,5.486901057884097,86.85401810449548,373.2525843631243,-249.37121448356913,0.6952272057533264,24.258508682250977,24.258508682250977,0.0,,-0.11336184293031693,8.11255168914795
HalfCheetah-v5,P,0,16,34816,5.373071308014914,92.2270894125104,381.16002609997656,,0.669782280921936,12.436506271362305,12.436506271362305,0.0,,-0.047816384583711624,8.086451530456543
HalfCheetah-v5,P,0,17,36864,5.334698283113539,97.56178769562393,383.9017487610765,-236.00345203800788,0.7414987087249756,19.115131378173828,19.115131378173828,0.0,,-0.07587530463933945,8.109557151794434
HalfCheetah-v5,P,0,18,38912,5.3542546790558845,102.91604237467982,382.4995490056001,,0.8267768025398254,16.51398468017578,16.51398468017578,0.0,,-0.07628035545349121,8.115920066833496
HalfCheetah-v5,P,0,19,40960,5.311492036096752,108.22753441077657,385.5790399537172,-209.78974198899527,0.7858374118804932,11.188465118408203,11.188465118408203,0.0,,-0.1625816822052002,8.080519676208496
HalfCheetah-v5,P,0,20,43008,5.327453975798562,113.55498838657513,384.4237809099071,,0.6486459374427795,20.095962524414062,20.095962524414062,0.0,,-0.09826931357383728,8.08456802368164
HalfCheetah-v5,P,0,21,45056,5.3620390992145985,118.91702748578973,381.944249585942,-213.31676228069463,0.37309491634368896,39.481101989746094,39.481101989746094,0.0,,-0.12714102864265442,8.063538551330566
HalfCheetah-v5,P,0,22,47104,5.411876184865832,124.32890367065556,378.4269872483738,,0.47561579942703247,45.7313117980957,45.7313117980957,0.0,,0.09944315999746323,8.085869789123535
HalfCheetah-v5,P,0,23,49152,5.353416346013546,129.6823200166691,382.55944758061935,-187.29584974580388,0.601669192314148,28.042190551757812,28.042190551757812,0.0,,-0.017639651894569397,8.017899513244629
HalfCheetah-v5,P,0,24,51200,5.385533387074247,135.06785340374336,380.2780249984857,,0.5017199516296387,21.84885597229004,21.84885597229004,0.0,,-0.10105977952480316,7.993199348449707
HalfCheetah-v5,P,0,25,53248,5.391106276074424,140.45895967981778,379.8849243779455,-72.22224526475259,0.35178184509277344,29.535917282104492,29.535917282104492,0.0,,-0.10128205269575119,7.982967853546143
HalfCheetah-v5,P,0,26,55296,5.398441465105861,145.85740114492364,379.3687517476564,,0.30319416522979736,41.732574462890625,41.732574462890625,0.0,,-0.11085811257362366,7.9527506828308105
HalfCheetah-v5,P,0,27,57344,5.414140677079558,151.2715418220032,378.2687082125675,-133.2531448841269,0.37375152111053467,19.594833374023438,19.594833374023438,0.0,,-0.16790977120399475,7.906991004943848
HalfCheetah-v5,P,0,28,59392,5.372289200080559,156.64383102208376,381.2155160912204,,0.3879172205924988,38.82343292236328,38.82343292236328,0.0,,0.10202790796756744,7.859256267547607
HalfCheetah-v5,P,0,29,61440,5.40122366999276,162.04505469207652,379.1733364752038,-53.031033749551355,0.5600406527519226,31.30438995361328,31.30438995361328,0.0,,-0.3758915066719055,7.8458251953125
HalfCheetah-v5,P,0,30,63488,5.35926639707759,167.4043210891541,382.1418545487448,,0.588415265083313,43.59886169433594,43.59886169433594,0.0,,0.09395154565572739,7.863502502441406
HalfCheetah-v5,P,0,31,65536,5.396020679967478,172.8003417691216,379.53894572775124,-42.295006770463985,0.5024691820144653,28.813318252563477,28.813318252563477,0.0,,0.12002741545438766,7.861128807067871
HalfCheetah-v5,P,0,32,67584,5.336005300981924,178.1363470701035,383.80771466308886,,0.45445317029953003,27.796213150024414,27.796213150024414,0.0,,-0.061311617493629456,7.799644470214844
HalfCheetah-v5,P,0,33,69632,5.3655532309785485,183.50190030108206,381.69409785661446,-117.60301742480169,0.5125354528427124,42.30324172973633,42.30324172973633,0.0,,0.07503243535757065,7.7180023193359375
HalfCheetah-v5,P,0,34,71680,5.336038806010038,188.8379391070921,383.80530473153897,,0.5217424631118774,42.02396774291992,42.02396774291992,0.0,,0.0606934055685997,7.685001850128174
HalfCheetah-v5,P,0,35,73728,5.385775953065604,194.2237150601577,380.2608979369576,-65.9193473457052,0.40266937017440796,24.74319076538086,24.74319076538086,0.0,,-0.01584969460964203,7.648807048797607
HalfCheetah-v5,P,0,36,75776,5.407377345953137,199.63109240611084,378.7418315706627,,0.4287983179092407,59.59050750732422,59.59050750732422,0.0,,0.20381879806518555,7.624652862548828
HalfCheetah-v5,P,0,37,77824,5.435152672929689,205.06624507904053,376.80634257069994,23.861266905878885,0.26127129793167114,51.71643829345703,51.71643829345703,0.0,,0.036550380289554596,7.566749572753906
HalfCheetah-v5,P,0,38,79872,5.336970900883898,210.40321597992443,383.7382736452272,,0.7443835139274597,33.42823028564453,33.42823028564453,0.0,,0.02401726134121418,7.535941123962402
HalfCheetah-v5,P,0,39,81920,5.373617532197386,215.7768335121218,381.12128146986475,54.20436392678302,0.32732075452804565,39.40366744995117,39.40366744995117,0.0,,0.007300712168216705,7.520748615264893
HalfCheetah-v5,P,0,40,83968,5.359646216966212,221.13647972908802,382.1147734559344,,0.790701150894165,32.26173400878906,32.26173400878906,0.0,,-0.15629248321056366,7.500420093536377
HalfCheetah-v5,P,0,41,86016,5.373897508950904,226.51037723803893,381.10142528561397,33.98720643609133,0.5130696296691895,41.7381706237793,41.7381706237793,0.0,,0.041685909032821655,7.456386089324951
HalfCheetah-v5,P,0,42,88064,5.389764055144042,231.90014129318297,379.9795276836598,147.81642530256036,0.49093854427337646,30.671043395996094,30.671043395996094,0.0,,-0.19001957774162292,7.415012836456299
HalfCheetah-v5,P,0,43,90112,5.421190798981115,237.32133209216408,377.77677929817764,,0.2793751358985901,65.67997741699219,65.67997741699219,0.0,,0.16093061864376068,7.386369228363037
HalfCheetah-v5,P,0,44,92160,5.407190266996622,242.7285223591607,378.75493534973094,241.99006302989852,0.387043297290802,49.230751037597656,49.230751037597656,0.0,,0.23231938481330872,7.349284648895264
HalfCheetah-v5,P,0,45,94208,5.318099166965112,248.04662152612582,385.1000020311271,,0.6762362718582153,47.50547790527344,47.50547790527344,0.0,,-0.03139972686767578,7.365046977996826
HalfCheetah-v5,P,0,46,96256,5.318515500985086,253.3651370271109,385.06985635760077,-19.84378284050408,0.7419170141220093,66.25514221191406,66.25514221191406,0.0,,-0.04764788597822189,7.323154449462891
HalfCheetah-v5,P,0,47,98304,5.2935797879472375,258.65871681505814,386.8837501350254,,0.20973044633865356,55.705989837646484,55.705989837646484,0.0,,0.10152436792850494,7.277439117431641
HalfCheetah-v5,P,0,48,100352,5.30560505297035,263.9643218680285,386.0068700088079,177.8317370324615,0.3513139486312866,76.22552490234375,76.22552490234375,0.0,,0.16748137772083282,7.230773448944092
HalfCheetah-v5,P,0,49,102400,5.316583308158442,269.28090517618693,385.2098013506697,,0.6707776784896851,52.21668243408203,52.21668243408203,0.0,,-0.008100902661681175,7.204497337341309
HalfCheetah-v5,P,0,50,104448,5.397497104946524,274.67840228113346,379.4351270930956,206.37615546215613,0.5003875494003296,59.70087432861328,59.70087432861328,0.0,,-0.01722724363207817,7.166073322296143
HalfCheetah-v5,P,0,51,106496,5.470474288100377,280.14887656923383,374.3733892424835,,0.32222700119018555,47.188533782958984,47.188533782958984,0.0,,-0.16962981224060059,7.126083850860596
HalfCheetah-v5,P,0,52,108544,5.346712991828099,285.49558956106193,383.03907524682126,293.13066808771003,0.8279837965965271,31.661169052124023,31.661169052124023,0.0,,0.12169031798839569,7.137115955352783
HalfCheetah-v5,P,0,53,110592,5.3839785871095955,290.87956814817153,380.38784271975993,,0.4043920040130615,39.60986328125,39.60986328125,0.0,,-0.025737155228853226,7.094017028808594
HalfCheetah-v5,P,0,54,112640,5.345006778137758,296.2245749263093,383.1613475920678,327.4764641464516,0.5598002672195435,41.771636962890625,41.771636962890625,0.0,,0.14825129508972168,7.044227123260498
HalfCheetah-v5,P,0,55,114688,5.381783853983507,301.6063587802928,380.54296782731336,,0.6448302865028381,61.09652328491211,61.09652328491211,0.0,,0.04218600317835808,6.9865570068359375
HalfCheetah-v5,P,0,56,116736,5.476847779005766,307.08320655929856,373.93772524599575,298.2933996092496,0.5614192485809326,67.25599670410156,67.25599670410156,0.0,,0.008098883554339409,6.9620161056518555
HalfCheetah-v5,P,0,57,118784,5.298485693056136,312.3816922523547,386.5255317540973,,0.5389281511306763,60.68860626220703,60.68860626220703,0.0,,0.0451846718788147,6.941315174102783
HalfCheetah-v5,P,0,58,120832,5.35676719294861,317.7384594453033,382.32014314452357,334.6188530111008,0.6077951192855835,58.38283157348633,58.38283157348633,0.0,,-0.10305240005254745,6.896305084228516
HalfCheetah-v5,P,0,59,122880,5.380392170045525,323.11885161534883,380.6413984842803,,0.17206501960754395,52.23737716674805,52.23737716674805,0.0,,0.09452135115861893,6.875898361206055
HalfCheetah-v5,P,0,60,124928,5.417516510933638,328.53636812628247,378.03299646004297,490.86664917168025,0.7628159523010254,37.92005157470703,37.92005157470703,0.0,,-0.09025990217924118,6.846875190734863
HalfCheetah-v5,P,0,61,126976,5.392669658176601,333.92903778445907,379.77479241561423,,0.9411478042602539,44.67559814453125,44.67559814453125,0.0,,-0.05894863232970238,6.83203125
HalfCheetah-v5,P,0,62,129024,5.341624133987352,339.2706619184464,383.40398886719,386.53095294257275,0.8616230487823486,73.53271484375,73.53271484375,0.0,,0.04005102813243866,6.8039774894714355
HalfCheetah-v5,P,0,63,131072,5.3378374059684575,344.6084993244149,383.6759804092283,,0.9411587715148926,41.70192337036133,41.70192337036133,0.0,,-0.003655221313238144,6.777012348175049
HalfCheetah-v5,P,0,64,133120,5.420740918954834,350.0292402433697,377.80813188077474,323.90862430900694,0.8557657599449158,66.88209533691406,66.88209533691406,0.0,,-0.006384886801242828,6.7315287590026855
HalfCheetah-v5,P,0,65,135168,5.279774805065244,355.30901504843496,387.8953318302923,,0.5490634441375732,42.491554260253906,42.491554260253906,0.0,,-0.0484403595328331,6.676696300506592
HalfCheetah-v5,P,0,66,137216,5.369313505012542,360.6783285534475,381.4267872583864,558.8819032506362,0.6554402112960815,48.14641189575195,48.14641189575195,0.0,,-0.20535561442375183,6.689731121063232
HalfCheetah-v5,P,0,67,139264,5.393926564138383,366.0722551175859,379.68629636453795,,0.5404960513114929,59.337867736816406,59.337867736816406,0.0,,0.13620053231716156,6.667151927947998
HalfCheetah-v5,P,0,68,141312,5.401244367007166,371.47349948459305,379.1718835218704,644.3128604158427,0.47718775272369385,59.48295211791992,59.48295211791992,0.0,,-0.04914502054452896,6.637020587921143
HalfCheetah-v5,P,0,69,143360,5.283790013985708,376.75728949857876,387.6005659912925,,0.3807019591331482,53.077552795410156,53.077552795410156,0.0,,-0.026631910353899002,6.628551959991455
HalfCheetah-v5,P,0,70,145408,5.416650144150481,382.17393964272924,378.09346099482997,566.9956158179934,0.23771119117736816,56.06371307373047,56.06371307373047,0.0,,-0.24640169739723206,6.553345680236816
HalfCheetah-v5,P,0,71,147456,5.385882653994486,387.5598222967237,380.2533645030464,,0.8931294083595276,50.087318420410156,50.087318420410156,0.0,,0.13737401366233826,6.555077075958252
HalfCheetah-v5,P,0,72,149504,5.337101889075711,392.89692418579943,383.7288555783364,564.5255007627873,0.8741186857223511,37.64766311645508,37.64766311645508,0.0,,-0.12863191962242126,6.52199649810791
HalfCheetah-v5,P,0,73,151552,5.311094061005861,398.2080182468053,385.6079324665796,,0.9279822111129761,64.59148406982422,64.59148406982422,0.0,,-0.009188126772642136,6.494530200958252
HalfCheetah-v5,P,0,74,153600,5.416399147128686,403.624417393934,378.11098192157334,635.7954626942843,0.9306366443634033,47.14574432373047,47.14574432373047,0.0,,0.05767732858657837,6.495143413543701
HalfCheetah-v5,P,0,75,155648,5.413713485002518,409.0381308789365,378.2985571130659,,0.2930137515068054,62.422096252441406,62.422096252441406,0.0,,0.1568160057067871,6.497272968292236
HalfCheetah-v5,P,0,76,157696,5.511884568026289,414.5500154469628,371.5607565296589,802.0538155111792,0.6000787019729614,50.804664611816406,50.804664611816406,0.0,,0.0175130907446146,6.433578014373779
HalfCheetah-v5,P,0,77,159744,5.223130878992379,419.77314632595517,392.1019877631499,,0.5857382416725159,74.28812408447266,74.28812408447266,0.0,,0.02294265106320381,6.401496410369873
HalfCheetah-v5,P,0,78,161792,5.385230472078547,425.1583767980337,380.29941533951285,788.8674387087873,0.6715517044067383,53.52973937988281,53.52973937988281,0.0,,-0.038652919232845306,6.353054046630859
HalfCheetah-v5,P,0,79,163840,5.351928128162399,430.5103049261961,382.6658264006223,,0.971894383430481,35.43994140625,35.43994140625,0.0,,-0.023834228515625,6.350014686584473
HalfCheetah-v5,P,0,80,165888,5.433853266062215,435.9441581922583,376.8964489326627,867.1866494523435,0.5564714074134827,46.95737838745117,46.95737838745117,0.0,,-0.11691806465387344,6.33400297164917
HalfCheetah-v5,P,0,81,167936,5.38208553311415,441.3262437253725,380.5216374580726,,0.5542033314704895,57.863800048828125,57.863800048828125,0.0,,-0.09848909080028534,6.296616077423096
HalfCheetah-v5,P,0,82,169984,5.4851718680001795,446.81141559337266,373.3702515226152,873.0638805949568,0.9000833034515381,63.49260711669922,63.49260711669922,0.0,,-0.025304390117526054,6.225951671600342
HalfCheetah-v5,P,0,83,172032,5.369450920959935,452.1808665143326,381.41702571589286,702.097442560733,0.9893654584884644,27.902189254760742,27.902189254760742,0.0,,-0.11051510274410248,6.2010955810546875
HalfCheetah-v5,P,0,84,174080,5.296107752015814,457.4769742663484,386.699080890204,,0.6992029547691345,40.31804275512695,40.31804275512695,0.0,,-0.20805689692497253,6.152700424194336
HalfCheetah-v5,P,0,85,176128,5.415277716936544,462.89225198328495,378.1892835513829,1064.42070671294,0.3565976619720459,60.719966888427734,60.719966888427734,0.0,,-0.022943126037716866,6.129651069641113
HalfCheetah-v5,P,0,86,178176,5.39431833405979,468.28657031734474,379.65872111567904,,0.9814237952232361,58.527565002441406,58.527565002441406,0.0,,0.05598384141921997,6.104262828826904
HalfCheetah-v5,P,0,87,180224,5.351913627004251,473.638483944349,382.6668632442736,720.3248107963814,0.974479079246521,86.80206298828125,86.80206298828125,0.0,,0.14155122637748718,6.041138648986816
HalfCheetah-v5,P,0,88,182272,5.312130547128618,478.9506144914776,385.5326938655549,,0.48756903409957886,72.59075927734375,72.59075927734375,0.0,,-0.1621832549571991,6.013853073120117
HalfCheetah-v5,P,0,89,184320,5.3789179159794,484.329532407457,380.7457246960233,1025.4807416567533,0.9709414839744568,88.02413940429688,88.02413940429688,0.0,,0.0014105774462223053,5.980203628540039
HalfCheetah-v5,P,0,90,186368,5.3126175329089165,489.6421499403659,385.49735367052114,,0.9640965461730957,76.68415069580078,76.68415069580078,0.0,,-0.055720143020153046,5.958663463592529
HalfCheetah-v5,P,0,91,188416,5.390975515125319,495.03312545549124,379.89413868677013,957.3486253496283,0.9902821183204651,37.293373107910156,37.293373107910156,0.0,,-0.08497246354818344,5.946365833282471
HalfCheetah-v5,P,0,92,190464,5.31043419893831,500.34355965442955,385.6558472016181,,0.9358161687850952,154.02703857421875,154.02703857421875,0.0,,0.0234287828207016,5.9185895919799805
HalfCheetah-v5,P,0,93,192512,5.359882321907207,505.70344197633676,382.09794114868924,1041.6082087813613,0.9694743156433105,70.76042938232422,70.76042938232422,0.0,,-0.033924758434295654,5.881738662719727
HalfCheetah-v5,P,0,94,194560,5.4081700660753995,511.11161204241216,378.68631625450945,,0.5332163572311401,45.16838836669922,45.16838836669922,0.0,,0.054884590208530426,5.87919807434082
HalfCheetah-v5,P,0,95,196608,5.397649282822385,516.5092613252345,379.4244295415055,1244.9873179561862,0.7841261029243469,83.06306457519531,83.06306457519531,0.0,,-0.07404416799545288,5.855915546417236
HalfCheetah-v5,P,0,96,198656,5.303223548922688,521.8124848741572,386.18021305476304,,0.9912822842597961,40.966941833496094,40.966941833496094,0.0,,0.061830900609493256,5.799978256225586
HalfCheetah-v5,P,0,97,200704,5.385146226035431,527.1976311001927,380.305364801161,1039.1829983905716,0.9707610607147217,60.51636505126953,60.51636505126953,0.0,,-0.022246599197387695,5.788486480712891
HalfCheetah-v5,P,0,98,202752,5.353321272879839,532.5509523730725,382.56624170405354,,0.9753996729850769,79.75035858154297,79.75035858154297,0.0,,-0.11230865120887756,5.762077808380127
HalfCheetah-v5,P,0,99,204800,5.279060139786452,537.830012512859,387.947844080224,1123.728298893654,0.9818075895309448,62.913665771484375,62.913665771484375,0.0,,-0.03450970724225044,5.688586711883545
HalfCheetah-v5,P,0,100,206848,5.3383444910869,543.1683570039459,383.6395353314904,,0.9370501041412354,49.86200714111328,49.86200714111328,0.0,,-0.16703522205352783,5.6520915031433105
HalfCheetah-v5,P,0,101,208896,5.393728865077719,548.5620858690236,379.70021319758905,1260.8405745145192,0.8808125257492065,46.067108154296875,46.067108154296875,0.0,,0.06514712423086166,5.648349761962891
HalfCheetah-v5,P,0,102,210944,5.347967901034281,553.9100537700579,382.9491945162803,,0.6707509756088257,59.45308303833008,59.45308303833008,0.0,,-0.12308540940284729,5.6335673332214355
HalfCheetah-v5,P,0,103,212992,5.379779255017638,559.2898330250755,380.68476473079477,1558.3194808990634,0.83614182472229,62.761356353759766,62.761356353759766,0.0,,-0.08768276870250702,5.636566162109375
HalfCheetah-v5,P,0,104,215040,5.440028673969209,564.7298616990447,376.46860388802276,,0.9934743046760559,42.55244445800781,42.55244445800781,0.0,,-0.11892227828502655,5.59249210357666
HalfCheetah-v5,P,0,105,217088,5.371573808137327,570.101435507182,381.26628678126167,1341.8014468970423,0.984088659286499,43.67668914794922,43.67668914794922,0.0,,-0.22792977094650269,5.557552814483643
HalfCheetah-v5,P,0,106,219136,5.324677565833554,575.4261130730156,384.62422835539246,,0.9895651340484619,60.309364318847656,60.309364318847656,0.0,,-0.25929245352745056,5.5103678703308105
HalfCheetah-v5,P,0,107,221184,5.35627947608009,580.7823925490957,382.35495536517396,1272.315565035809,0.9652962684631348,86.57862091064453,86.57862091064453,0.0,,0.1587548404932022,5.498745441436768
HalfCheetah-v5,P,0,108,223232,5.350158660905436,586.1325512100011,382.79238613334996,,0.9620789885520935,239.5987548828125,239.5987548828125,0.0,,0.07648278772830963,5.464639663696289
HalfCheetah-v5,P,0,109,225280,5.346520880004391,591.4790720900055,383.0528386523982,1392.3382430430947,0.9235714077949524,42.16678237915039,42.16678237915039,0.0,,-0.1874799132347107,5.452521800994873
HalfCheetah-v5,P,0,110,227328,5.4013567189686,596.8804288089741,379.1639964840296,,0.9852145314216614,77.28507232666016,77.28507232666016,0.0,,-0.03933967277407646,5.432785987854004
HalfCheetah-v5,P,0,111,229376,5.645585572114214,602.5260143810883,362.7613068369531,1194.9287709774073,0.8368921875953674,241.18943786621094,241.18943786621094,0.0,,0.012678083963692188,5.429579734802246
HalfCheetah-v5,P,0,112,231424,5.370726866880432,607.8967412479687,381.32641088664667,,0.9948059320449829,31.43292999267578,31.43292999267578,0.0,,-0.034108031541109085,5.382064342498779
HalfCheetah-v5,P,0,113,233472,5.406541693024337,613.3032829409931,378.8003711582181,1566.777632086897,0.9839255213737488,42.33159255981445,42.33159255981445,0.0,,-0.04241608828306198,5.344295024871826
HalfCheetah-v5,P,0,114,235520,5.435051393928006,618.7383343349211,376.8133641363554,,0.7080756425857544,58.269561767578125,58.269561767578125,0.0,,0.16194796562194824,5.318607330322266
HalfCheetah-v5,P,0,115,237568,5.316519498825073,624.0548538337462,385.2144246724946,1796.0253401340847,0.9553820490837097,59.186466217041016,59.186466217041016,0.0,,-0.11180894076824188,5.272648334503174
HalfCheetah-v5,P,0,116,239616,5.443913314025849,629.498767147772,376.1999653307256,,0.9911985397338867,32.4045524597168,32.4045524597168,0.0,,-0.05844488367438316,5.2271199226379395
HalfCheetah-v5,P,0,117,241664,5.4488669380079955,634.94763408578,375.8579578654036,1547.9611413488542,0.623304009437561,79.3163070678711,79.3163070678711,0.0,,0.006833318620920181,5.1805315017700195
HalfCheetah-v5,P,0,118,243712,5.376156657002866,640.3237907427829,380.9412802977605,,0.9901733994483948,68.50491333007812,68.50491333007812,0.0,,-0.10882756114006042,5.153793811798096
HalfCheetah-v5,P,0,119,245760,5.335863650077954,645.6596543928608,383.8179035871878,1705.0701415069043,0.9403250217437744,285.2961120605469,285.2961120605469,0.0,,-0.03606231510639191,5.118534564971924
HalfCheetah-v5,P,0,120,247808,5.390152678126469,651.0498070709873,379.95213165498905,,0.9901320934295654,61.89527893066406,61.89527893066406,0.0,,0.13449911773204803,5.08484411239624
HalfCheetah-v5,P,0,121,249856,5.410644174786285,656.4604512457736,378.5131555210603,1636.9073117015214,0.9149559736251831,54.80159378051758,54.80159378051758,0.0,,0.010601144284009933,5.040965557098389
HalfCheetah-v5,P,0,122,251904,5.421820220071822,661.8822714658454,377.7329230538135,,0.9830425977706909,102.69510650634766,102.69510650634766,0.0,,-0.0038000158965587616,5.007261753082275
HalfCheetah-v5,P,0,123,253952,5.400188071187586,667.282459537033,379.24605087867116,1937.6240856376512,0.9846395254135132,46.2615852355957,46.2615852355957,0.0,,-0.13264615833759308,5.008551120758057
HalfCheetah-v5,P,0,124,256000,5.358956817071885,672.6414163541049,382.163930389538,1735.68727965608,0.9915585517883301,61.7194938659668,61.7194938659668,0.0,,-0.09718979150056839,4.974231719970703
HalfCheetah-v5,P,0,125,258048,5.359160873107612,678.0005772272125,382.14937907106116,,0.6725800037384033,34.41221618652344,34.41221618652344,0.0,,0.014432786032557487,4.970819473266602
HalfCheetah-v5,P,0,126,260096,5.360141322016716,683.3607185492292,382.07947831298117,2056.2510628721416,0.20713049173355103,53.77321243286133,53.77321243286133,0.0,,-0.2042475789785385,4.906396865844727
HalfCheetah-v5,P,0,127,262144,5.415670062880963,688.7763886121102,378.161885089161,,0.6241469383239746,46.61884689331055,46.61884689331055,0.0,,-0.09199769049882889,4.884888172149658
HalfCheetah-v5,P,0,128,264192,5.375988007988781,694.152376620099,380.95323072831417,1967.3030986056276,0.9879725575447083,81.90837860107422,81.90837860107422,0.0,,-0.042098890990018845,4.8505635261535645
HalfCheetah-v5,P,0,129,266240,5.356748471036553,699.5091250911355,382.32147935885877,,0.9916454553604126,42.45595169067383,42.45595169067383,0.0,,-0.03451528027653694,4.809615612030029
HalfCheetah-v5,P,0,130,268288,5.362230174941942,704.8713552660774,381.9306395257779,1881.1966539310288,0.9896584749221802,47.917381286621094,47.917381286621094,0.0,,0.005397545173764229,4.766448497772217
HalfCheetah-v5,P,0,131,270336,5.389123210916296,710.2604784769937,380.0247127123644,,0.6041486263275146,43.70878601074219,43.70878601074219,0.0,,-0.033175963908433914,4.709610462188721
HalfCheetah-v5,P,0,132,272384,5.379903770983219,715.640382247977,380.67595391686945,2240.301643141781,0.7377399206161499,123.0618896484375,123.0618896484375,0.0,,-0.03717152029275894,4.707244396209717
HalfCheetah-v5,P,0,133,274432,5.320838303072378,720.9612205510493,384.9017548263845,,0.964809238910675,205.2203369140625,205.2203369140625,0.0,,-0.040360692888498306,4.683935165405273
HalfCheetah-v5,P,0,134,276480,5.421069222036749,726.3822897730861,377.7852516021823,2003.290604510115,0.9939987659454346,43.006534576416016,43.006534576416016,0.0,,-0.02170458436012268,4.635908126831055
HalfCheetah-v5,P,0,135,278528,5.341695201816037,731.7239849749021,383.3988879230199,,0.3740779757499695,59.158485412597656,59.158485412597656,0.0,,-0.1293828934431076,4.600673198699951
HalfCheetah-v5,P,0,136,280576,5.324534178012982,737.0485191529151,384.6345861497082,2153.6673431247955,0.9871430993080139,72.57144165039062,72.57144165039062,0.0,,0.0018686465919017792,4.536591053009033
HalfCheetah-v5,P,0,137,282624,5.263762586982921,742.312281739898,389.07529854492753,,0.799800455570221,57.72295379638672,57.72295379638672,0.0,,-0.0070925019681453705,4.521300792694092
HalfCheetah-v5,P,0,138,284672,5.259185221046209,747.5714669609442,389.413932752228,2314.878910174937,0.7553977966308594,73.1009292602539,73.1009292602539,0.0,,-0.12971122562885284,4.500272750854492
HalfCheetah-v5,P,0,139,286720,5.235511556034908,752.8069785169791,391.17476450592426,,0.70273756980896,35.68444061279297,35.68444061279297,0.0,,0.0696822926402092,4.476607799530029
HalfCheetah-v5,P,0,140,288768,5.429297965019941,758.2362764819991,377.2126733870422,2371.7531297620817,0.7558595538139343,25.209436416625977,25.209436416625977,0.0,,-0.1308462917804718,4.41534423828125
HalfCheetah-v5,P,0,141,290816,5.352971964981407,763.5892484469805,382.59120604363443,,0.9782149195671082,171.3077392578125,171.3077392578125,0.0,,-0.05736337974667549,4.429459095001221
HalfCheetah-v5,P,0,142,292864,5.3726645859424025,768.9619130329229,381.1888807201179,1893.849972096181,0.9952211976051331,44.33587646484375,44.33587646484375,0.0,,0.013051709160208702,4.350651264190674
HalfCheetah-v5,P,0,143,294912,5.2357122919056565,774.1976253248286,391.1597669654579,,0.5745909214019775,48.06565475463867,48.06565475463867,0.0,,-0.18965497612953186,4.291557788848877
HalfCheetah-v5,P,0,144,296960,5.4223897429183125,779.6200150677469,377.6932491204096,2420.171503947209,0.9887498021125793,88.52079010009766,88.52079010009766,0.0,,-0.17352621257305145,4.262233734130859
HalfCheetah-v5,P,0,145,299008,5.341228274162859,784.9612433419097,383.432404472731,,0.9631209373474121,196.99102783203125,196.99102783203125,0.0,,0.012598253786563873,4.26124382019043
HalfCheetah-v5,P,0,146,301056,5.387314700055867,790.3485580419656,380.1522862547387,2224.475588519598,0.9692707061767578,69.9678955078125,69.9678955078125,0.0,,-0.07701174169778824,4.211574077606201
HalfCheetah-v5,P,1,0,2048,5.373469828860834,5.373469828860834,381.13175754709175,,0.12852877378463745,16.859699249267578,16.859699249267578,0.0,,-0.20762091875076294,8.47922134399414
HalfCheetah-v5,P,1,1,4096,5.406834541121498,10.780304369982332,378.7798543535973,-286.6299501657972,0.27328407764434814,9.13188362121582,9.13188362121582,0.0,,-0.16361047327518463,8.462753295898438
HalfCheetah-v5,P,1,2,6144,5.389276126865298,16.16958049684763,380.0139298468699,,0.1482677459716797,35.53482437133789,35.53482437133789,0.0,,0.10221369564533234,8.427528381347656
HalfCheetah-v5,P,1,3,8192,5.3038151459768414,21.47339564282447,386.13713782115707,-344.22575011188746,0.26424717903137207,17.956523895263672,17.956523895263672,0.0,,0.1724289059638977,8.443747520446777
HalfCheetah-v5,P,1,4,10240,5.400869789998978,26.87426543282345,379.19818096566024,,0.5898526906967163,15.178609848022461,15.178609848022461,0.0,,-0.13763457536697388,8.423857688903809
HalfCheetah-v5,P,1,5,12288,5.403410518076271,32.27767595089972,379.0198788614587,-281.0048712408477,0.4791153073310852,8.835140228271484,8.835140228271484,0.0,,-0.1621459722518921,8.381095886230469
HalfCheetah-v5,P,1,6,14336,5.388187167001888,37.66586311790161,380.0907311724946,,0.1659609079360962,60.04206085205078,60.04206085205078,0.0,,-0.14606139063835144,8.38870906829834
HalfCheetah-v5,P,1,7,16384,5.417267753044143,43.08313087094575,378.0503555227006,-347.7412577779137,-0.09984040260314941,10.323025703430176,10.323025703430176,0.0,,-0.033104509115219116,8.39327621459961
HalfCheetah-v5,P,1,8,18432,5.34216584218666,48.42529671313241,383.36511079965106,,0.27623963356018066,15.544852256774902,15.544852256774902,0.0,,0.006015818566083908,8.40769100189209
HalfCheetah-v5,P,1,9,20480,5.325408546952531,53.75070526008494,384.5714337113102,-271.0951579817644,0.41149717569351196,11.79863166809082,11.79863166809082,0.0,,0.06950841099023819,8.383553504943848
HalfCheetah-v5,P,1,10,22528,5.253462145105004,59.004167405189946,389.83815690158843,,0.09059351682662964,7.55504035949707,7.55504035949707,0.0,,0.032247528433799744,8.308853149414062
HalfCheetah-v5,P,1,11,24576,5.364844932919368,64.36901233810931,381.74449133342375,-243.00284566656913,0.18443286418914795,10.05974292755127,10.05974292755127,0.0,,-0.039831727743148804,8.270028114318848
HalfCheetah-v5,P,1,12,26624,5.3897668060380965,69.75877914414741,379.97933374513497,,0.5044338703155518,7.795908451080322,7.795908451080322,0.0,,-0.006066052243113518,8.221098899841309
HalfCheetah-v5,P,1,13,28672,5.210228791926056,74.96900793607347,393.0729497279753,-216.3389536976899,0.6874469518661499,15.716246604919434,15.716246604919434,0.0,,-0.21822412312030792,8.134909629821777
HalfCheetah-v5,P,1,14,30720,5.246574349934235,80.2155822860077,390.34994329693836,,0.6995381116867065,6.220223903656006,6.220223903656006,0.0,,0.20455804467201233,8.077876091003418
HalfCheetah-v5,P,1,15,32768,5.285383262904361,85.50096554891206,387.48372599087685,-162.00868455511593,0.676680326461792,11.391966819763184,11.391966819763184,0.0,,0.0009470134973526001,8.023898124694824
HalfCheetah-v5,P,1,16,34816,5.50157013698481,91.00253568589687,372.2573645352864,,0.5050089955329895,8.3460111618042,8.3460111618042,0.0,,0.025243472307920456,7.966915607452393
HalfCheetah-v5,P,1,17,36864,5.407031158916652,96.40956684481353,378.76608064717266,-147.01016329845953,0.4137204885482788,19.52764129638672,19.52764129638672,0.0,,-0.05974113941192627,7.917899131774902
HalfCheetah-v5,P,1,18,38912,5.36219788598828,101.7717647308018,381.93293935524787,,0.4175463914871216,7.8521904945373535,7.8521904945373535,0.0,,0.026914143934845924,7.872048377990723
HalfCheetah-v5,P,1,19,40960,5.384049437940121,107.15581416874193,380.3828370460771,-167.85633480431557,0.4102850556373596,6.564520835876465,6.564520835876465,0.0,,-0.03185825049877167,7.811169147491455
HalfCheetah-v5,P,1,20,43008,5.325145693961531,112.48095986270346,384.5904164316739,,0.16533523797988892,10.960505485534668,10.960505485534668,0.0,,-0.021901439875364304,7.742602825164795
HalfCheetah-v5,P,1,21,45056,5.378352866042405,117.85931272874586,380.7857258549485,-119.74675836613926,-0.003850102424621582,11.869587898254395,11.869587898254395,0.0,,0.013116204179823399,7.711967468261719
HalfCheetah-v5,P,1,22,47104,5.318787978030741,123.1781007067766,385.05012955193286,,0.18310940265655518,10.018414497375488,10.018414497375488,0.0,,-0.030629247426986694,7.656125068664551
HalfCheetah-v5,P,1,23,49152,5.300088051939383,128.478188758716,386.40867471071647,-65.7309839345579,0.5959899425506592,9.998482704162598,9.998482704162598,0.0,,-0.0057693347334861755,7.606017112731934
HalfCheetah-v5,P,1,24,51200,5.404298861976713,133.8824876206927,378.9575766079875,,0.43255847692489624,8.727140426635742,8.727140426635742,0.0,,0.08412619680166245,7.570678234100342
HalfCheetah-v5,P,1,25,53248,5.3451021171640605,139.22758973785676,383.1545132549503,-41.090082731932235,0.45712220668792725,10.058329582214355,10.058329582214355,0.0,,0.0951659083366394,7.506546974182129
HalfCheetah-v5,P,1,26,55296,5.350475686136633,144.5780654239934,382.7697050014594,,0.27917349338531494,9.680728912353516,9.680728912353516,0.0,,-0.21115845441818237,7.439792156219482
HalfCheetah-v5,P,1,27,57344,5.3425792620982975,149.9206446860917,383.33544520884624,72.21564235399195,0.38883692026138306,12.94967269897461,12.94967269897461,0.0,,0.06298954039812088,7.360625267028809
HalfCheetah-v5,P,1,28,59392,5.324567137984559,155.24521182407625,384.63220519653424,,0.2594131827354431,9.326770782470703,9.326770782470703,0.0,,-0.08831076323986053,7.31986141204834
HalfCheetah-v5,P,1,29,61440,5.425691595068201,160.67090341914445,377.46340058501914,104.95718076708724,0.5494549870491028,15.824006080627441,15.824006080627441,0.0,,0.1519862860441208,7.289887428283691
HalfCheetah-v5,P,1,30,63488,5.366909105097875,166.03781252424233,381.5976682099316,,0.4588451385498047,18.43162727355957,18.43162727355957,0.0,,-0.14608275890350342,7.249923229217529
HalfCheetah-v5,P,1,31,65536,5.343597905011848,171.38141042925417,383.26237048621255,57.76130112859066,0.7775528430938721,22.010967254638672,22.010967254638672,0.0,,-0.07231304049491882,7.227326393127441
HalfCheetah-v5,P,1,32,67584,5.368583941133693,176.74999437038787,381.4786212633048,,0.3115517497062683,10.440526962280273,10.440526962280273,0.0,,-0.25873544812202454,7.133769512176514
HalfCheetah-v5,P,1,33,69632,5.325767542934045,182.0757619133219,384.54551076251556,197.4271847448914,0.34198689460754395,18.531063079833984,18.531063079833984,0.0,,-0.17938010394573212,7.071018695831299
HalfCheetah-v5,P,1,34,71680,5.401554906042293,187.4773168193642,379.15008467451923,,0.2507745623588562,11.407913208007812,11.407913208007812,0.0,,-0.24035879969596863,7.000380516052246
HalfCheetah-v5,P,1,35,73728,5.293057625880465,192.77037444524467,386.92191635818983,293.10182403809597,0.3784427046775818,42.133975982666016,42.133975982666016,0.0,,-0.36248791217803955,6.964500904083252
HalfCheetah-v5,P,1,36,75776,5.386775536928326,198.157149982173,380.1903357509901,,0.24155080318450928,14.376534461975098,14.376534461975098,0.0,,0.04309951886534691,6.921180725097656
HalfCheetah-v5,P,1,37,77824,5.422854109900072,203.58000409207307,377.66090669139146,379.4613893978848,0.7462488412857056,19.771713256835938,19.771713256835938,0.0,,-0.12812425196170807,6.916970252990723
HalfCheetah-v5,P,1,38,79872,5.391757183941081,208.97176127601415,379.8390636172943,,0.19063782691955566,8.911255836486816,8.911255836486816,0.0,,0.049379415810108185,6.861751556396484
HalfCheetah-v5,P,1,39,81920,5.281453693984076,214.25321496999823,387.7720261625709,357.415440986156,0.7940326929092407,31.370498657226562,31.370498657226562,0.0,,-0.1429852843284607,6.795697212219238
HalfCheetah-v5,P,1,40,83968,5.375521922018379,219.6287368920166,380.98626137330035,,0.2659783363342285,7.011103630065918,7.011103630065918,0.0,,0.20030707120895386,6.734965801239014
HalfCheetah-v5,P,1,41,86016,5.410883283941075,225.03962017595768,378.49642886924687,429.528547126021,0.8626116514205933,30.76055335998535,30.76055335998535,0.0,,0.210423082113266,6.640213966369629
HalfCheetah-v5,P,1,42,88064,5.416381594957784,230.45600177091546,378.11220721718047,333.4391363010591,0.9326329231262207,18.964256286621094,18.964256286621094,0.0,,-0.026307642459869385,6.563477516174316
HalfCheetah-v5,P,1,43,90112,5.373938523000106,235.82994029391557,381.0985167088707,,0.3191080093383789,17.01516342163086,17.01516342163086,0.0,,-0.2563363313674927,6.48964262008667
HalfCheetah-v5,P,1,44,92160,5.2993562198244035,241.12929651373997,386.46203709398145,478.67534650286615,0.7810379266738892,19.186952590942383,19.186952590942383,0.0,,-0.242850199341774,6.464150428771973
HalfCheetah-v5,P,1,45,94208,5.317990694893524,246.4472872086335,385.10785698939713,,0.485725462436676,10.982431411743164,10.982431411743164,0.0,,-0.0798225849866867,6.398521423339844
HalfCheetah-v5,P,1,46,96256,5.304826942039654,251.75211415067315,386.0634894175387,536.362982193584,0.9286450147628784,9.060184478759766,9.060184478759766,0.0,,0.21086256206035614,6.379562854766846
HalfCheetah-v5,P,1,47,98304,5.235566339921206,256.98768049059436,391.1706713338717,,0.7369568347930908,8.158060073852539,8.158060073852539,0.0,,0.1699681282043457,6.305958271026611
HalfCheetah-v5,P,1,48,100352,5.279762011021376,262.26744250161573,387.89627178741193,546.7165267044901,0.6120960116386414,17.178207397460938,17.178207397460938,0.0,,-0.14864963293075562,6.235695838928223
HalfCheetah-v5,P,1,49,102400,5.351162876933813,267.61860537854955,382.7205501121829,,0.2512613534927368,8.64488697052002,8.64488697052002,0.0,,-0.20660017430782318,6.171077251434326
HalfCheetah-v5,P,1,50,104448,5.320191013161093,272.93879639171064,384.9485845402272,616.8530030509504,0.8847664594650269,16.429710388183594,16.429710388183594,0.0,,0.01268217246979475,6.101135730743408
HalfCheetah-v5,P,1,51,106496,5.271865517832339,278.210661909543,388.4772843830218,,0.34954023361206055,8.875636100769043,8.875636100769043,0.0,,-0.06551288813352585,6.0420002937316895
HalfCheetah-v5,P,1,52,108544,5.32862859708257,283.53929050662555,384.33904009021796,632.1531868655103,0.8892395496368408,9.43825626373291,9.43825626373291,0.0,,0.07500810921192169,5.998240947723389
HalfCheetah-v5,P,1,53,110592,5.258925546891987,288.79821605351754,389.43316115406185,,0.157925546169281,13.516388893127441,13.516388893127441,0.0,,0.22887557744979858,5.958648204803467
HalfCheetah-v5,P,1,54,112640,5.270329066785052,294.0685451203026,388.5905365771208,663.8595650184233,0.9564141631126404,10.820940017700195,10.820940017700195,0.0,,0.07597120106220245,5.95033597946167
HalfCheetah-v5,P,1,55,114688,5.308474180055782,299.37701930035837,385.7982408004251,,0.3860381841659546,10.813425064086914,10.813425064086914,0.0,,-0.05535188689827919,5.896888732910156
HalfCheetah-v5,P,1,56,116736,5.355667945928872,304.73268724628724,382.3986140807691,685.9686111365444,0.9476481080055237,20.071212768554688,20.071212768554688,0.0,,-0.04614291340112686,5.834217071533203
HalfCheetah-v5,P,1,57,118784,5.308021100005135,310.0407083462924,385.831171620252,,0.9932940602302551,7.265542984008789,7.265542984008789,0.0,,-0.001991286873817444,5.809736251831055
HalfCheetah-v5,P,1,58,120832,5.399252680130303,315.4399610264227,379.3117531870308,511.20474599582184,0.987506628036499,15.360251426696777,15.360251426696777,0.0,,0.12279295921325684,5.7885661125183105
HalfCheetah-v5,P,1,59,122880,5.329624448902905,320.7695854753256,384.2672255118421,,0.3539356589317322,7.331127166748047,7.331127166748047,0.0,,0.12648718059062958,5.720427513122559
HalfCheetah-v5,P,1,60,124928,5.370477756951004,326.1400632322766,381.34409873484265,816.3255710606327,0.8917906880378723,16.59453582763672,16.59453582763672,0.0,,-0.03563050180673599,5.694159984588623
HalfCheetah-v5,P,1,61,126976,5.340907256817445,331.48097048909403,383.4554508292226,,0.344180703163147,9.497633934020996,9.497633934020996,0.0,,-0.36126482486724854,5.657623767852783
HalfCheetah-v5,P,1,62,129024,5.239399964921176,336.7203704540152,390.88445503526486,786.7828256693297,0.7498592138290405,31.422664642333984,31.422664642333984,0.0,,-0.13576622307300568,5.569594860076904
HalfCheetah-v5,P,1,63,131072,5.2607587648089975,341.9811292188242,389.29745528340277,,0.20159995555877686,16.25766944885254,16.25766944885254,0.0,,0.08660764247179031,5.505526542663574
HalfCheetah-v5,P,1,64,133120,5.364266828168184,347.3453960469924,381.78563177465224,889.1333088003023,0.8300039172172546,18.77686309814453,18.77686309814453,0.0,,0.014606771990656853,5.462050914764404
HalfCheetah-v5,P,1,65,135168,5.345613721990958,352.69100976898335,383.11784324686084,,0.2805998921394348,10.41041374206543,10.41041374206543,0.0,,0.017449000850319862,5.428970813751221
HalfCheetah-v5,P,1,66,137216,5.398065538145602,358.08907530712895,379.3951713864426,901.4002005888482,0.9008398056030273,19.916229248046875,19.916229248046875,0.0,,0.09139010310173035,5.413548469543457
HalfCheetah-v5,P,1,67,139264,5.293431251076981,363.38250655820593,386.89460632615595,,0.2206805944442749,10.202131271362305,10.202131271362305,0.0,,-0.08260956406593323,5.373115062713623
HalfCheetah-v5,P,1,68,141312,5.401322834892198,368.78382939309813,379.1663750905707,871.9746145034082,0.8852656483650208,18.63915252685547,18.63915252685547,0.0,,0.01896847039461136,5.341579914093018
HalfCheetah-v5,P,1,69,143360,5.350447486853227,374.13427687995136,382.7717223712994,,0.962967038154602,9.655313491821289,9.655313491821289,0.0,,0.09301208704710007,5.296290874481201
HalfCheetah-v5,P,1,70,145408,5.366399846971035,379.5006767269224,381.63388088868476,899.5077749289613,0.9336154460906982,23.408092498779297,23.408092498779297,0.0,,0.12096148729324341,5.268238544464111
HalfCheetah-v5,P,1,71,147456,5.362076424062252,384.86275315098464,381.94159091236094,,0.3223719000816345,6.1176652908325195,6.1176652908325195,0.0,,-0.10928446799516678,5.249715805053711
HalfCheetah-v5,P,1,72,149504,5.267513592960313,390.13026674394496,388.7982373195995,931.0985403603286,0.9279361367225647,75.8317642211914,75.8317642211914,0.0,,-0.1740245372056961,5.198521137237549
HalfCheetah-v5,P,1,73,151552,5.236583661986515,395.3668504059315,391.0946777890463,,0.9407655596733093,12.977910995483398,12.977910995483398,0.0,,-0.0786343663930893,5.1629862785339355
HalfCheetah-v5,P,1,74,153600,5.243208771105856,400.61005917703733,390.60050617974,681.3873893649213,0.8633573055267334,70.0545654296875,70.0545654296875,0.0,,-0.11740526556968689,5.161724090576172
HalfCheetah-v5,P,1,75,155648,5.38666557893157,405.9967247559689,380.1980965757698,,0.34082621335983276,9.988771438598633,9.988771438598633,0.0,,-0.15545955300331116,5.132051467895508
HalfCheetah-v5,P,1,76,157696,5.394907579058781,411.3916323350277,379.61725386170616,813.8482964652696,0.9156720042228699,41.63559341430664,41.63559341430664,0.0,,-0.0824216902256012,5.092605113983154
HalfCheetah-v5,P,1,77,159744,5.260514016030356,416.65214635105804,389.3155675964616,,0.34014892578125,6.945076942443848,6.945076942443848,0.0,,0.05990685895085335,5.114093780517578
HalfCheetah-v5,P,1,78,161792,5.270063142059371,421.9222094931174,388.61014465942577,1010.16025030672,0.9448547959327698,74.56996154785156,74.56996154785156,0.0,,0.017621250823140144,5.040228366851807
HalfCheetah-v5,P,1,79,163840,5.353034690022469,427.2752441831399,382.5867229699204,,0.36405861377716064,9.359809875488281,9.359809875488281,0.0,,0.000604522880166769,5.006297588348389
HalfCheetah-v5,P,1,80,165888,5.374854139983654,432.65009832312353,381.0335958263285,904.4284558172407,0.8855061531066895,47.40914535522461,47.40914535522461,0.0,,-0.15172874927520752,4.9947967529296875
HalfCheetah-v5,P,1,81,167936,5.371998952003196,438.0220972751267,381.23611309274537,,0.2642292380332947,10.47645378112793,10.47645378112793,0.0,,-0.1526910662651062,4.934197902679443
HalfCheetah-v5,P,1,82,169984,5.378933482104912,443.40103075723164,380.7446228538535,1052.2022892462232,0.943572461605072,61.07522201538086,61.07522201538086,0.0,,-0.2279176414012909,4.884002685546875
HalfCheetah-v5,P,1,83,172032,5.368979369057342,448.770010126289,381.45052517860154,670.4525763666502,0.9940955638885498,10.761685371398926,10.761685371398926,0.0,,0.035919710993766785,4.8482279777526855
HalfCheetah-v5,P,1,84,174080,5.297807851107791,454.06781797739677,386.574986779061,,0.8771999478340149,20.37684440612793,20.37684440612793,0.0,,0.09702635556459427,4.808425426483154
HalfCheetah-v5,P,1,85,176128,5.375476954039186,459.44329493143596,380.9894484732397,1032.5453599486336,0.8441367745399475,23.34822654724121,23.34822654724121,0.0,,-0.22442841529846191,4.7933573722839355
HalfCheetah-v5,P,1,86,178176,5.347873914986849,464.7911688464228,382.95592464524964,,0.9018856287002563,47.200130462646484,47.200130462646484,0.0,,-0.07021616399288177,4.756862640380859
HalfCheetah-v5,P,1,87,180224,5.343766781035811,470.1349356274586,383.25025846338025,1074.4362728289811,0.8781660199165344,16.01256561279297,16.01256561279297,0.0,,-0.04141134023666382,4.712484836578369
HalfCheetah-v5,P,1,88,182272,5.350433400133625,475.48536902759224,382.7727301397401,,0.346011757850647,6.987658977508545,6.987658977508545,0.0,,0.038211576640605927,4.639708995819092
HalfCheetah-v5,P,1,89,184320,5.301709081046283,480.7870781086385,386.2905279585485,1074.9321222054484,0.9188184142112732,9.636898040771484,9.636898040771484,0.0,,0.0029533538036048412,4.631473541259766
HalfCheetah-v5,P,1,90,186368,5.351274905027822,486.13835301366635,382.7125379179809,,0.33025556802749634,12.0545654296875,12.0545654296875,0.0,,-0.28744351863861084,4.582657337188721
HalfCheetah-v5,P,1,91,188416,5.328288719058037,491.4666417327244,384.3635561028788,1120.889492760517,0.39618736505508423,6.24439001083374,6.24439001083374,0.0,,0.12038852274417877,4.541737079620361
HalfCheetah-v5,P,1,92,190464,5.35548719484359,496.822128927568,382.4115202762263,,0.4149399399757385,9.412665367126465,9.412665367126465,0.0,,0.09617754817008972,4.5053019523620605
HalfCheetah-v5,P,1,93,192512,5.3826525821350515,502.204781509703,380.4815504528907,1146.8316108453346,0.7919450998306274,10.763967514038086,10.763967514038086,0.0,,-0.17186181247234344,4.480930328369141
HalfCheetah-v5,P,1,94,194560,5.401000960962847,507.6057824706659,379.18897160034925,,0.9980780482292175,6.027464866638184,6.027464866638184,0.0,,0.04746478796005249,4.478830337524414
HalfCheetah-v5,P,1,95,196608,5.36998279299587,512.9757652636617,381.3792481181187,803.1728769054993,0.9155614376068115,13.030385971069336,13.030385971069336,0.0,,0.14212024211883545,4.426568984985352
HalfCheetah-v5,P,1,96,198656,5.3252510169986635,518.3010162806604,384.58280998634734,,0.44347572326660156,6.669938087463379,6.669938087463379,0.0,,-0.011289499700069427,4.363505840301514
HalfCheetah-v5,P,1,97,200704,5.380038990871981,523.6810552715324,380.66638614975284,1108.6072778450248,0.7897306680679321,25.485427856445312,25.485427856445312,0.0,,-0.0392313078045845,4.317676544189453
HalfCheetah-v5,P,1,98,202752,5.349942333064973,529.0309976045974,382.8078645525706,,0.1087416410446167,7.457539081573486,7.457539081573486,0.0,,0.04575293883681297,4.269132614135742
HalfCheetah-v5,P,1,99,204800,5.307542745023966,534.3385403496213,385.86594557718485,1144.2265146504258,0.9048122763633728,32.18790054321289,32.18790054321289,0.0,,0.07598863542079926,4.252651214599609
HalfCheetah-v5,P,1,100,206848,5.350926958955824,539.6894673085772,382.73742394712957,,0.8434466123580933,35.68633270263672,35.68633270263672,0.0,,-0.29233187437057495,4.211282253265381
HalfCheetah-v5,P,1,101,208896,5.379591222153977,545.0690585307311,380.6980708062025,1064.4584691692676,0.7138250470161438,10.73524284362793,10.73524284362793,0.0,,-0.09165974706411362,4.144684314727783
HalfCheetah-v5,P,1,102,210944,5.330025603994727,550.3990841347259,384.2383043085333,,0.29589641094207764,7.511440753936768,7.511440753936768,0.0,,-0.09643816202878952,4.152650833129883
HalfCheetah-v5,P,1,103,212992,5.22300734790042,555.6220914826263,392.11126149827624,1174.7283553203943,0.5894919633865356,8.559713363647461,8.559713363647461,0.0,,-0.05627601221203804,4.118737697601318
HalfCheetah-v5,P,1,104,215040,5.27614057296887,560.8982320555951,388.1625160808776,,0.4071768522262573,9.307833671569824,9.307833671569824,0.0,,0.008541122078895569,4.07438325881958
HalfCheetah-v5,P,1,105,217088,5.289813390001655,566.1880454455968,387.1592150813773,1211.8986645457321,0.9407077431678772,26.353971481323242,26.353971481323242,0.0,,-0.12118221819400787,4.056419372558594
HalfCheetah-v5,P,1,106,219136,5.687428017146885,571.8754734627437,360.0924695355327,,0.2484716773033142,10.225526809692383,10.225526809692383,0.0,,0.11691037565469742,4.008315563201904
HalfCheetah-v5,P,1,107,221184,5.401119799818844,577.2765932625625,379.18062844462196,1057.9402507168847,0.8725382685661316,11.390958786010742,11.390958786010742,0.0,,-0.1104956865310669,3.9597795009613037
HalfCheetah-v5,P,1,108,223232,5.366284347837791,582.6428776104003,381.64209483703377,,0.3127451539039612,12.612299919128418,12.612299919128418,0.0,,0.11466983705759048,3.9280781745910645
HalfCheetah-v5,P,1,109,225280,5.361242280108854,588.0041198905092,382.00101636862,1202.172556527666,0.9489140510559082,20.36952018737793,20.36952018737793,0.0,,0.006689462810754776,3.9521822929382324
HalfCheetah-v5,P,1,110,227328,5.337458672001958,593.3415785625111,383.7032051869438,,0.5500600337982178,7.542519569396973,7.542519569396973,0.0,,-0.17384105920791626,3.882976531982422
HalfCheetah-v5,P,1,111,229376,5.382891410961747,598.7244699734729,380.4646691979412,1184.359340788458,0.9374014735221863,16.267728805541992,16.267728805541992,0.0,,-0.032561443746089935,3.837655782699585
HalfCheetah-v5,P,1,112,231424,5.330596774118021,604.0550667475909,384.19713341361364,,0.27149760723114014,13.071163177490234,13.071163177490234,0.0,,-0.07363291084766388,3.764507532119751
HalfCheetah-v5,P,1,113,233472,5.377405183156952,609.4324719307479,380.85283333581083,1202.2271835227791,0.8288525342941284,15.35338020324707,15.35338020324707,0.0,,-0.02779139019548893,3.6713147163391113
HalfCheetah-v5,P,1,114,235520,5.374994352925569,614.8074662836734,381.0236561244551,,0.32397228479385376,10.555059432983398,10.555059432983398,0.0,,0.15193037688732147,3.6684587001800537
HalfCheetah-v5,P,1,115,237568,5.388714054832235,620.1961803385057,380.05356735592454,1235.8272918698249,0.8875703811645508,20.145652770996094,20.145652770996094,0.0,,0.12326053529977798,3.625068426132202
HalfCheetah-v5,P,1,116,239616,5.366839802125469,625.5630201406311,381.60259584959397,,0.48815250396728516,5.654023170471191,5.654023170471191,0.0,,0.010848138481378555,3.597604990005493
HalfCheetah-v5,P,1,117,241664,5.306664967909455,630.8696851085406,385.92977178410484,1228.7303927873365,0.8841246366500854,10.193493843078613,10.193493843078613,0.0,,-0.09974892437458038,3.56276273727417
HalfCheetah-v5,P,1,118,243712,5.330205139005557,636.1998902475461,384.2253621747268,,0.27057313919067383,10.225557327270508,10.225557327270508,0.0,,-0.13585248589515686,3.5481245517730713
HalfCheetah-v5,P,1,119,245760,5.384103767108172,641.5839940146543,380.37899873166646,1203.546016709145,0.6257917881011963,17.92795753479004,17.92795753479004,0.0,,-0.10991494357585907,3.5303728580474854
HalfCheetah-v5,P,1,120,247808,5.36543280701153,646.9494268216658,381.7026647549626,,0.4447421431541443,9.83134651184082,9.83134651184082,0.0,,0.003854017471894622,3.503500461578369
HalfCheetah-v5,P,1,121,249856,5.385113566881046,652.3345403885469,380.30767124307135,1208.7469272635099,0.6459234952926636,26.543630599975586,26.543630599975586,0.0,,-0.12174202501773834,3.443920850753784
HalfCheetah-v5,P,1,122,251904,5.404465195024386,657.7390055835713,378.9459134431078,,0.33871567249298096,15.214973449707031,15.214973449707031,0.0,,0.02799149416387081,3.4003806114196777
HalfCheetah-v5,P,1,123,253952,5.689588802866638,663.4285943864379,359.95571401717774,1222.9112428412518,0.7135940790176392,18.75146484375,18.75146484375,0.0,,-0.15225839614868164,3.3902738094329834
HalfCheetah-v5,P,1,124,256000,12.253263153135777,675.6818575395737,167.13915096778845,1230.6812831522884,0.24170416593551636,10.850196838378906,10.850196838378906,0.0,,-0.1560106724500656,3.375762701034546
HalfCheetah-v5,P,1,125,258048,13.282034531002864,688.9638920705765,154.1932446583818,,0.7754773497581482,11.472770690917969,11.472770690917969,0.0,,0.022671716287732124,3.3521885871887207
HalfCheetah-v5,P,1,126,260096,5.688366949092597,694.6522590196691,360.03303203333166,1270.7494310048794,0.634502649307251,17.82293701171875,17.82293701171875,0.0,,0.08966720849275589,3.327138900756836
HalfCheetah-v5,P,1,127,262144,5.541065832832828,700.193324852502,369.60398266067443,,0.3001978397369385,10.412263870239258,10.412263870239258,0.0,,-0.05332512408494949,3.2952158451080322
HalfCheetah-v5,P,1,128,264192,5.47808591183275,705.6714107643347,373.8532094898856,1271.3230645735093,0.5297302007675171,15.076876640319824,15.076876640319824,0.0,,-0.1528230607509613,3.269880533218384
HalfCheetah-v5,P,1,129,266240,5.622594062006101,711.2940048263408,364.2446844667439,,0.4867537021636963,8.61240291595459,8.61240291595459,0.0,,0.014497250318527222,3.2503111362457275
HalfCheetah-v5,P,1,130,268288,5.6634033299051225,716.957408156246,361.6200155100572,1289.6010495239052,0.5760097503662109,10.78645133972168,10.78645133972168,0.0,,0.05535535514354706,3.2210822105407715
HalfCheetah-v5,P,1,131,270336,5.516201680060476,722.4736098363064,371.2699641499596,,0.41453003883361816,9.968853950500488,9.968853950500488,0.0,,-0.03890363499522209,3.238290548324585
HalfCheetah-v5,P,1,132,272384,7.019950645044446,729.4935604813509,291.73994285069983,1256.1184023753485,0.6223620176315308,9.482251167297363,9.482251167297363,0.0,,-0.004470271989703178,3.203386068344116
HalfCheetah-v5,P,1,133,274432,5.301108147017658,734.7946686283685,386.3343178826075,,0.1728520393371582,12.80057430267334,12.80057430267334,0.0,,-0.18678079545497894,3.1971654891967773
HalfCheetah-v5,P,1,134,276480,5.334037092048675,740.1287057204172,383.9493360578437,1285.6896180360995,0.9416834115982056,13.865609169006348,13.865609169006348,0.0,,-0.0855812132358551,3.1748576164245605
HalfCheetah-v5,P,1,135,278528,5.366021808004007,745.4947275284212,381.6607671897987,,0.9920480251312256,7.844234466552734,7.844234466552734,0.0,,-0.10161790251731873,3.199846029281616
HalfCheetah-v5,P,1,136,280576,5.412107759155333,750.9068352875765,378.4107950429337,843.3512604189241,0.984885573387146,20.547718048095703,20.547718048095703,0.0,,0.07064256072044373,3.1106622219085693
HalfCheetah-v5,P,1,137,282624,5.380167927825823,756.2870032154024,380.65726339282054,,0.4658200740814209,6.53519344329834,6.53519344329834,0.0,,-0.06025369465351105,3.0951709747314453
HalfCheetah-v5,P,1,138,284672,5.321998727042228,761.6090019424446,384.8178297363486,1258.8087896314912,0.7024977207183838,9.319534301757812,9.319534301757812,0.0,,-0.03298411890864372,3.080920934677124
HalfCheetah-v5,P,1,139,286720,5.344827421009541,766.9538293634541,383.17420539149424,,-0.00816655158996582,8.242036819458008,8.242036819458008,0.0,,0.047592367976903915,3.074263334274292
HalfCheetah-v5,P,1,140,288768,5.9811700149439275,772.9349993783981,342.40792267785076,1288.2307837720841,0.523107647895813,9.205737113952637,9.205737113952637,0.0,,-0.1239139661192894,3.0000686645507812
HalfCheetah-v5,P,1,141,290816,5.4073756139259785,778.342374992324,378.74195288480564,,0.32678526639938354,8.626524925231934,8.626524925231934,0.0,,-0.1816401481628418,2.999452829360962
HalfCheetah-v5,P,1,142,292864,5.416361707029864,783.7587366993539,378.1135955787282,1307.4617971936632,0.8241791129112244,8.466279983520508,8.466279983520508,0.0,,-0.12335774302482605,2.9779863357543945
HalfCheetah-v5,P,1,143,294912,5.2774314931593835,789.0361681925133,388.0675670834612,,0.28466957807540894,7.266798496246338,7.266798496246338,0.0,,0.050422511994838715,2.9351956844329834
HalfCheetah-v5,P,1,144,296960,5.4068798390217125,794.443048031535,378.7766810017647,1286.6885507269023,0.9759469628334045,18.189794540405273,18.189794540405273,0.0,,-0.08497351408004761,2.926041603088379
HalfCheetah-v5,P,1,145,299008,5.448862660909072,799.8919106924441,375.8582528960857,,0.990874171257019,16.100854873657227,16.100854873657227,0.0,,-0.014282293617725372,2.937441110610962
HalfCheetah-v5,P,1,146,301056,5.37416353286244,805.2660742253065,381.0825605653228,864.950635774524,0.9613616466522217,104.90604400634766,104.90604400634766,0.0,,0.10333992540836334,2.925952911376953
HalfCheetah-v5,P,2,0,2048,5.234066748991609,5.234066748991609,391.282744033512,,0.07435613870620728,29.85708999633789,29.85708999633789,0.0,,0.16786623001098633,8.482613563537598
HalfCheetah-v5,P,2,1,4096,5.299512179102749,10.533578928094357,386.4506639074737,-368.3386668155875,0.29346662759780884,8.77379035949707,8.77379035949707,0.0,,0.09027008712291718,8.40462589263916
HalfCheetah-v5,P,2,2,6144,5.304698853055015,15.838277781149372,386.072811432178,,0.23336410522460938,28.719730377197266,28.719730377197266,0.0,,-0.04835646599531174,8.360962867736816
HalfCheetah-v5,P,2,3,8192,5.330100893974304,21.168378675123677,384.2328767763609,-384.17384707003623,0.27825260162353516,12.497260093688965,12.497260093688965,0.0,,-0.12437090277671814,8.322578430175781
HalfCheetah-v5,P,2,4,10240,5.285881331888959,26.454260007012635,387.4472148371383,,0.023915529251098633,17.62009620666504,17.62009620666504,0.0,,-0.16463452577590942,8.28067684173584
HalfCheetah-v5,P,2,5,12288,5.431754660094157,31.886014667106792,377.04206617544446,-303.1352583334581,0.34504878520965576,11.55831241607666,11.55831241607666,0.0,,-0.08385483175516129,8.228833198547363
HalfCheetah-v5,P,2,6,14336,5.294249077094719,37.18026374420151,386.8348410090037,,0.3193463087081909,39.03805923461914,39.03805923461914,0.0,,-0.12811435759067535,8.224213600158691
HalfCheetah-v5,P,2,7,16384,5.292823377996683,42.473087122198194,386.9390406099592,-269.0296528950571,0.21527385711669922,14.810224533081055,14.810224533081055,0.0,,0.020728113129734993,8.180774688720703
HalfCheetah-v5,P,2,8,18432,5.3361632560845464,47.80925037828274,383.796353618824,,-0.15894854068756104,35.27622604370117,35.27622604370117,0.0,,0.0981159433722496,8.165574073791504
HalfCheetah-v5,P,2,9,20480,5.384558334946632,53.19380871322937,380.3468868947258,-329.21351573767123,0.6011385917663574,15.053446769714355,15.053446769714355,0.0,,-0.16056425869464874,8.154458045959473
HalfCheetah-v5,P,2,10,22528,5.340419586980715,58.53422830021009,383.49046674024856,,0.2314966320991516,9.027140617370605,9.027140617370605,0.0,,-0.1242276132106781,8.127694129943848
HalfCheetah-v5,P,2,11,24576,5.371526870876551,63.90575517108664,381.26961834704514,-225.42748533155807,0.21000993251800537,8.236235618591309,8.236235618591309,0.0,,-0.07392068952322006,8.081496238708496
HalfCheetah-v5,P,2,12,26624,5.3551611511502415,69.26091632223688,382.4348030236415,,0.29606419801712036,7.583504676818848,7.583504676818848,0.0,,0.0548524335026741,8.033907890319824
HalfCheetah-v5,P,2,13,28672,5.307341823121533,74.56825814535841,385.880553439737,-256.49464726502197,0.46966391801834106,12.515237808227539,12.515237808227539,0.0,,0.12283767759799957,8.000237464904785
HalfCheetah-v5,P,2,14,30720,5.38434566790238,79.9526038132608,380.36190956474286,,0.5312567949295044,9.401535034179688,9.401535034179688,0.0,,-0.032593704760074615,7.93319034576416
HalfCheetah-v5,P,2,15,32768,5.330351100070402,85.2829549133312,384.214840927261,-200.76290506802655,0.4812917113304138,11.510392189025879,11.510392189025879,0.0,,-0.09219963848590851,7.924564838409424
HalfCheetah-v5,P,2,16,34816,5.385349247138947,90.66830416047014,380.2910277523844,,0.2173876166343689,7.846721649169922,7.846721649169922,0.0,,-0.10675148665904999,7.885597229003906
HalfCheetah-v5,P,2,17,36864,5.431380586000159,96.0996847464703,377.0680340977932,-166.29695310443932,0.2986254096031189,12.557720184326172,12.557720184326172,0.0,,0.052333757281303406,7.83005952835083
HalfCheetah-v5,P,2,18,38912,5.65750822192058,101.75719296839088,361.9968225701944,,0.15815454721450806,16.941017150878906,16.941017150878906,0.0,,-0.1269189566373825,7.773861408233643
HalfCheetah-v5,P,2,19,40960,5.43679447309114,107.19398744148202,376.6925548016146,-150.86818563073626,0.3017113208770752,13.138228416442871,13.138228416442871,0.0,,-0.1619156301021576,7.755859851837158
HalfCheetah-v5,P,2,20,43008,5.321565145859495,112.51555258734152,384.84918325080923,,0.3742298483848572,9.162531852722168,9.162531852722168,0.0,,-0.08787558972835541,7.694134712219238
HalfCheetah-v5,P,2,21,45056,5.347785529913381,117.8633381172549,382.9622539169352,-77.87138687460305,0.3490162491798401,18.902973175048828,18.902973175048828,0.0,,-0.06421012431383133,7.705246925354004
HalfCheetah-v5,P,2,22,47104,5.506680438993499,123.3700185562484,371.9119027677462,,0.6047407388687134,17.567855834960938,17.567855834960938,0.0,,-0.08329389989376068,7.677951812744141
HalfCheetah-v5,P,2,23,49152,5.4960181440692395,128.86603670031764,372.6334131938774,-134.13225271298927,0.6963409781455994,24.722841262817383,24.722841262817383,0.0,,0.00959247350692749,7.663857460021973
HalfCheetah-v5,P,2,24,51200,5.4341335638891906,134.30017026420683,376.87700825193804,,0.1481066346168518,14.648736953735352,14.648736953735352,0.0,,-0.03454175963997841,7.5541181564331055
HalfCheetah-v5,P,2,25,53248,5.46268449886702,139.76285476307385,374.90724577353177,-156.63706775192074,0.4856067895889282,32.90425109863281,32.90425109863281,0.0,,-0.1358373910188675,7.538849353790283
HalfCheetah-v5,P,2,26,55296,5.357390125980601,145.12024488905445,382.27568869182176,,0.08037149906158447,8.049479484558105,8.049479484558105,0.0,,0.1243884339928627,7.460948467254639
HalfCheetah-v5,P,2,27,57344,5.383196130162105,150.50344101921655,380.44313275621414,25.808476019795123,0.3098415732383728,17.226369857788086,17.226369857788086,0.0,,-0.11233071982860565,7.423416614532471
HalfCheetah-v5,P,2,28,59392,5.356620925012976,155.86006194422953,382.3305827815394,,0.4325672388076782,13.792678833007812,13.792678833007812,0.0,,-0.1837206482887268,7.364353179931641
HalfCheetah-v5,P,2,29,61440,5.290524232201278,161.1505861764308,387.10719583035905,111.78926306072069,0.6386215686798096,29.970773696899414,29.970773696899414,0.0,,-0.1685430109500885,7.316845417022705
HalfCheetah-v5,P,2,30,63488,5.347162154037505,166.4977483304683,383.0068999223462,,0.320659875869751,17.470361709594727,17.470361709594727,0.0,,0.0816241055727005,7.239043712615967
HalfCheetah-v5,P,2,31,65536,5.434764631092548,171.93251296156086,376.8332465187718,128.59627745920568,0.7054842710494995,20.82994842529297,20.82994842529297,0.0,,-0.026275809854269028,7.201498985290527
HalfCheetah-v5,P,2,32,67584,5.385914000915363,177.31842696247622,380.2511513648254,,0.09237837791442871,17.336395263671875,17.336395263671875,0.0,,-0.2184455245733261,7.1565351486206055
HalfCheetah-v5,P,2,33,69632,5.387262061936781,182.705689024413,380.1560006649688,161.44607649205295,0.6974045038223267,59.123939514160156,59.123939514160156,0.0,,-0.17319953441619873,7.111042022705078
HalfCheetah-v5,P,2,34,71680,5.301086255116388,188.0067752795294,386.3359133278308,,0.6615485548973083,10.373791694641113,10.373791694641113,0.0,,0.00592344906181097,7.072529315948486
HalfCheetah-v5,P,2,35,73728,5.393881022930145,193.40065630245954,379.6895021031544,106.95890994235192,0.6818737387657166,31.802587509155273,31.802587509155273,0.0,,-0.07789696007966995,6.997046947479248
HalfCheetah-v5,P,2,36,75776,5.315419878810644,198.71607618127018,385.2941153650221,,0.2884673476219177,11.451116561889648,11.451116561889648,0.0,,0.08897817134857178,6.946571350097656
HalfCheetah-v5,P,2,37,77824,5.310396858025342,204.02647303929552,385.65855900297885,281.67622969050717,0.8406677842140198,34.03365707397461,34.03365707397461,0.0,,-0.17547181248664856,6.90966796875
HalfCheetah-v5,P,2,38,79872,5.358363189036027,209.38483622833155,382.20626854680165,,0.03454744815826416,17.114845275878906,17.114845275878906,0.0,,-0.026626504957675934,6.838091850280762
HalfCheetah-v5,P,2,39,81920,5.364667057991028,214.74950328632258,381.7571487403618,207.49331103106675,0.7905563116073608,61.493064880371094,61.493064880371094,0.0,,-0.06085684895515442,6.865974426269531
HalfCheetah-v5,P,2,40,83968,5.382264888146892,220.13176817446947,380.50895720688396,,0.2910260558128357,14.149544715881348,14.149544715881348,0.0,,-0.18307974934577942,6.759650707244873
HalfCheetah-v5,P,2,41,86016,5.261411027051508,225.39317920152098,389.24919369922293,298.5350250364218,0.7470646500587463,77.91669464111328,77.91669464111328,0.0,,-0.17547157406806946,6.736027240753174
HalfCheetah-v5,P,2,42,88064,5.4212093621026725,230.81438856362365,377.77548572771997,388.7797689324588,0.4011000394821167,15.696903228759766,15.696903228759766,0.0,,-0.19888940453529358,6.638821125030518
HalfCheetah-v5,P,2,43,90112,5.289605118101463,236.10399368172511,387.174459014261,,0.8778806924819946,35.910545349121094,35.910545349121094,0.0,,0.05984942987561226,6.56318998336792
HalfCheetah-v5,P,2,44,92160,5.3767567910254,241.48075047275051,380.8987610186152,284.74098369908626,0.8421761989593506,24.137508392333984,24.137508392333984,0.0,,-0.02799726091325283,6.556370258331299
HalfCheetah-v5,P,2,45,94208,5.381311669945717,246.86206214269623,380.57635862980203,,0.7364493608474731,31.783884048461914,31.783884048461914,0.0,,-0.2033929079771042,6.480511665344238
HalfCheetah-v5,P,2,46,96256,5.378214776050299,252.24027691874653,380.7955028348697,410.81459317580834,0.789998471736908,18.745990753173828,18.745990753173828,0.0,,-0.14587341248989105,6.420161724090576
HalfCheetah-v5,P,2,47,98304,5.409556898986921,257.64983381773345,378.589233507007,,0.8595820069313049,20.786239624023438,20.786239624023438,0.0,,0.020693879574537277,6.430759906768799
HalfCheetah-v5,P,2,48,100352,5.416101711103693,263.06593552883714,378.1317466400864,218.98264000449993,0.8345915079116821,27.58027458190918,27.58027458190918,0.0,,0.08018829673528671,6.399564266204834
HalfCheetah-v5,P,2,49,102400,5.404155079042539,268.4700906078797,378.96765915215866,,0.5425788164138794,13.228903770446777,13.228903770446777,0.0,,0.08441139757633209,6.351746082305908
HalfCheetah-v5,P,2,50,104448,5.39299001195468,273.86308061983436,379.75223307667613,540.1263858894636,0.8695129752159119,31.070131301879883,31.070131301879883,0.0,,0.0208363588899374,6.2868757247924805
HalfCheetah-v5,P,2,51,106496,5.342967527918518,279.2060481477529,383.3075887694657,,0.9373357892036438,20.2576847076416,20.2576847076416,0.0,,-0.007409777492284775,6.249028205871582
HalfCheetah-v5,P,2,52,108544,5.326514140935615,284.5325622886885,384.4916104250244,417.9883860268885,0.7775118947029114,26.447311401367188,26.447311401367188,0.0,,-0.09039068967103958,6.207444667816162
HalfCheetah-v5,P,2,53,110592,5.184764489065856,289.71732677775435,395.00347688289895,,0.8408864140510559,18.727338790893555,18.727338790893555,0.0,,-0.14807818830013275,6.145823955535889
HalfCheetah-v5,P,2,54,112640,5.268965841969475,294.9862926197238,388.69107552127963,519.9078994809124,0.7419494986534119,48.42062759399414,48.42062759399414,0.0,,-0.10546167939901352,6.085315704345703
HalfCheetah-v5,P,2,55,114688,5.243963371030986,300.2302559907548,390.54429924390456,,0.6801222562789917,19.951656341552734,19.951656341552734,0.0,,-0.06155034527182579,6.057072639465332
HalfCheetah-v5,P,2,56,116736,5.341881138039753,305.57213712879457,383.3855428598193,613.58336361394,0.7990695834159851,41.346336364746094,41.346336364746094,0.0,,0.04398101568222046,6.042454242706299
HalfCheetah-v5,P,2,57,118784,5.307550478959456,310.879687607754,385.8653833098371,,0.2903960943222046,14.053607940673828,14.053607940673828,0.0,,0.15974681079387665,6.022452354431152
HalfCheetah-v5,P,2,58,120832,5.374323337804526,316.25401094555855,381.07122911526045,593.4116072911072,0.8355547785758972,35.43791961669922,35.43791961669922,0.0,,-0.056623123586177826,5.950953960418701
HalfCheetah-v5,P,2,59,122880,5.352628608001396,321.60663955355994,382.6157482584426,,0.3758631944656372,12.94605827331543,12.94605827331543,0.0,,0.013143643736839294,5.8808064460754395
HalfCheetah-v5,P,2,60,124928,5.426758860005066,327.033398413565,377.3891659520114,683.5572326775391,0.8722049593925476,42.10586929321289,42.10586929321289,0.0,,0.03132530301809311,5.852374076843262
HalfCheetah-v5,P,2,61,126976,5.325047677149996,332.358446090715,384.59749549061394,,0.42094141244888306,13.341888427734375,13.341888427734375,0.0,,-0.0503593385219574,5.836666584014893
HalfCheetah-v5,P,2,62,129024,5.393539478071034,337.75198556878604,379.7135458684831,623.3890227185667,0.9398582577705383,23.325510025024414,23.325510025024414,0.0,,0.10404997318983078,5.8043904304504395
HalfCheetah-v5,P,2,63,131072,5.312557711964473,343.0645432807505,385.5016944828054,,0.32372748851776123,9.095958709716797,9.095958709716797,0.0,,0.0950913280248642,5.7509050369262695
HalfCheetah-v5,P,2,64,133120,5.373943201964721,348.43848648271523,381.0981848954504,704.0872026766501,0.9271794557571411,32.071720123291016,32.071720123291016,0.0,,-0.0693153589963913,5.694658279418945
HalfCheetah-v5,P,2,65,135168,5.335493070073426,353.77397955278866,383.84456189947144,,0.3804934620857239,8.78373908996582,8.78373908996582,0.0,,-0.06206212192773819,5.627880573272705
HalfCheetah-v5,P,2,66,137216,5.455700522987172,359.22968007577583,375.3871737224047,708.5476151430623,0.830914318561554,37.38996124267578,37.38996124267578,0.0,,0.24486495554447174,5.57588005065918
HalfCheetah-v5,P,2,67,139264,5.362392254872248,364.5920723306481,381.919095556502,,0.30559980869293213,10.382256507873535,10.382256507873535,0.0,,0.04406488686800003,5.538675308227539
HalfCheetah-v5,P,2,68,141312,5.372952908044681,369.96502523869276,381.1684254543943,782.7044290206201,0.7106750011444092,62.88369369506836,62.88369369506836,0.0,,-0.4177778661251068,5.488186359405518
HalfCheetah-v5,P,2,69,143360,5.373680877033621,375.3387061157264,381.1167888202801,,0.12693315744400024,11.9162015914917,11.9162015914917,0.0,,0.01827313005924225,5.386509418487549
HalfCheetah-v5,P,2,70,145408,5.426859275903553,380.76556539162993,377.38218293103154,778.9012970614395,0.8457744121551514,26.298782348632812,26.298782348632812,0.0,,-0.06494762003421783,5.335440635681152
HalfCheetah-v5,P,2,71,147456,5.3554187070112675,386.1209840986412,382.4164107502512,,0.2771682143211365,11.911640167236328,11.911640167236328,0.0,,0.06796965003013611,5.249082088470459
HalfCheetah-v5,P,2,72,149504,5.362439071992412,391.4834231706336,381.9157611872066,872.9688520144905,0.8346121907234192,30.41581916809082,30.41581916809082,0.0,,0.07668177038431168,5.194694995880127
HalfCheetah-v5,P,2,73,151552,5.249421348096803,396.7328445187304,390.1382389018001,,0.3741113543510437,8.279397964477539,8.279397964477539,0.0,,0.057537443935871124,5.107914447784424
HalfCheetah-v5,P,2,74,153600,5.394648989895359,402.1274935086258,379.6354505800248,848.3151917362607,0.772962749004364,20.670162200927734,20.670162200927734,0.0,,-0.08595198392868042,5.065506458282471
HalfCheetah-v5,P,2,75,155648,5.341765051940456,407.46925856056623,383.3938745127027,,0.15070563554763794,8.701003074645996,8.701003074645996,0.0,,-0.1037980169057846,5.010731220245361
HalfCheetah-v5,P,2,76,157696,5.254689127905294,412.7239476884715,389.7471287357404,889.5332597781655,0.5761523246765137,21.415306091308594,21.415306091308594,0.0,,-0.1374628096818924,4.945652484893799
HalfCheetah-v5,P,2,77,159744,5.349747002124786,418.0736946905963,382.8218417032778,,0.37586063146591187,7.346363067626953,7.346363067626953,0.0,,-0.25571709871292114,4.900965213775635
HalfCheetah-v5,P,2,78,161792,5.387716165045276,423.4614108556416,380.12395925515307,947.5590407228855,0.7899245023727417,20.300609588623047,20.300609588623047,0.0,,-0.12062226235866547,4.807331085205078
HalfCheetah-v5,P,2,79,163840,5.3380349420476705,428.79944579768926,383.6617823289083,,0.4327869415283203,6.580582618713379,6.580582618713379,0.0,,-0.11203232407569885,4.7756829261779785
HalfCheetah-v5,P,2,80,165888,5.378885557176545,434.1783313548658,380.7480152217674,865.4529657244265,0.511256992816925,16.82480812072754,16.82480812072754,0.0,,-0.11303048580884933,4.7531352043151855
HalfCheetah-v5,P,2,81,167936,5.327295755036175,439.505627109902,384.43519830186204,,0.14164745807647705,8.923847198486328,8.923847198486328,0.0,,-0.1548367142677307,4.69948148727417
HalfCheetah-v5,P,2,82,169984,5.3198745008558035,444.8255016107578,384.9714875173352,941.8926046065285,0.42445045709609985,17.391324996948242,17.391324996948242,0.0,,0.02977082133293152,4.715839862823486
HalfCheetah-v5,P,2,83,172032,5.3025711548980325,450.1280727656558,386.22772616794475,998.7213327158538,0.41355419158935547,8.404791831970215,8.404791831970215,0.0,,0.05975252762436867,4.692047595977783
HalfCheetah-v5,P,2,84,174080,5.355543562909588,455.4836163285654,382.4074953257129,,0.32387930154800415,24.418893814086914,24.418893814086914,0.0,,-0.007194772828370333,4.6485772132873535
HalfCheetah-v5,P,2,85,176128,5.3519610138610005,460.8355773424264,382.6634750694001,1056.9486658421392,0.35725075006484985,7.929779529571533,7.929779529571533,0.0,,-0.04823578894138336,4.577239990234375
HalfCheetah-v5,P,2,86,178176,5.30818561790511,466.1437629603315,385.81921346003134,,0.4470963478088379,11.935310363769531,11.935310363769531,0.0,,0.04862489178776741,4.530048847198486
HalfCheetah-v5,P,2,87,180224,5.426771589787677,471.5705345501192,377.38828069602397,1090.4096847663059,0.34953832626342773,11.865220069885254,11.865220069885254,0.0,,-0.193568155169487,4.495067119598389
HalfCheetah-v5,P,2,88,182272,5.368819093098864,476.93935364321806,381.46191266390787,,0.5350737571716309,23.93863296508789,23.93863296508789,0.0,,-0.2673729658126831,4.460055828094482
HalfCheetah-v5,P,2,89,184320,5.379770394880325,482.3191240380984,380.6853916942228,1092.732248700292,-0.005542874336242676,9.46751594543457,9.46751594543457,0.0,,-0.11888048052787781,4.379886627197266
HalfCheetah-v5,P,2,90,186368,5.334549987921491,487.65367402601987,383.9124208484482,,0.49096256494522095,13.738594055175781,13.738594055175781,0.0,,0.06535716354846954,4.357608318328857
HalfCheetah-v5,P,2,91,188416,5.330797675065696,492.98447170108557,384.1826542356554,1102.6992161547141,0.714281439781189,12.937234878540039,12.937234878540039,0.0,,-0.07678449153900146,4.269826412200928
HalfCheetah-v5,P,2,92,190464,5.334655373124406,498.31912707421,383.9048367243497,,0.24078083038330078,12.923341751098633,12.923341751098633,0.0,,0.020915891975164413,4.247274398803711
HalfCheetah-v5,P,2,93,192512,5.317213403992355,503.6363404782023,385.1641535512357,1130.6516823687161,0.6700152158737183,17.925352096557617,17.925352096557617,0.0,,-0.2300093024969101,4.200272083282471
HalfCheetah-v5,P,2,94,194560,5.332651625853032,508.96899210405536,384.0490892131724,,0.5333079099655151,9.018023490905762,9.018023490905762,0.0,,-0.06594985723495483,4.1871490478515625
HalfCheetah-v5,P,2,95,196608,5.390899621881545,514.3598917259369,379.899486847652,1104.3059380681325,0.8295338153839111,20.19980812072754,20.19980812072754,0.0,,-0.31254085898399353,4.1425933837890625
HalfCheetah-v5,P,2,96,198656,5.39577169297263,519.7556634189095,379.5564594898045,,0.767833948135376,26.466615676879883,26.466615676879883,0.0,,-0.3042285740375519,4.0932698249816895
HalfCheetah-v5,P,2,97,200704,5.492861506063491,525.248524924973,372.8475581878848,1211.034425264223,0.7629985809326172,21.15100860595703,21.15100860595703,0.0,,-0.18716329336166382,4.025568008422852
HalfCheetah-v5,P,2,98,202752,5.356142238015309,530.6046671629883,382.364752277168,,0.2599055767059326,12.774474143981934,12.774474143981934,0.0,,-0.08813706040382385,3.997448444366455
HalfCheetah-v5,P,2,99,204800,5.740327762905508,536.3449949258938,356.7740527351682,1138.1244615853384,0.7649164795875549,22.435148239135742,22.435148239135742,0.0,,0.04292849451303482,3.9618663787841797
HalfCheetah-v5,P,2,100,206848,5.340920342132449,541.6859152680263,383.4545113590484,,0.9398292303085327,6.638582706451416,6.638582706451416,0.0,,-0.10867258906364441,3.8540878295898438
HalfCheetah-v5,P,2,101,208896,5.277857270091772,546.9637725381181,388.03626077678854,1255.9737530255752,0.8591780662536621,25.167102813720703,25.167102813720703,0.0,,-0.17368155717849731,3.783622980117798
HalfCheetah-v5,P,2,102,210944,5.3465828681364655,552.3103554062545,383.04839754851196,,0.8700933456420898,23.31814193725586,23.31814193725586,0.0,,-0.34645557403564453,3.753450632095337
HalfCheetah-v5,P,2,103,212992,5.372895893873647,557.6832513001282,381.17247020088314,1246.427106095683,0.8056299090385437,19.289386749267578,19.289386749267578,0.0,,-0.14300309121608734,3.7022078037261963
HalfCheetah-v5,P,2,104,215040,5.42531673097983,563.108568031108,377.4894815459234,,0.7605569362640381,6.4126787185668945,6.4126787185668945,0.0,,0.02083555981516838,3.668478012084961
HalfCheetah-v5,P,2,105,217088,5.331436781911179,568.4400048130192,384.1366002779172,1178.3360611865182,0.8773811459541321,24.374034881591797,24.374034881591797,0.0,,-0.10937444865703583,3.6364779472351074
HalfCheetah-v5,P,2,106,219136,5.329345752950758,573.76935056597,384.28732060892486,,0.8784541487693787,21.85480499267578,21.85480499267578,0.0,,0.07677007466554642,3.5659468173980713
HalfCheetah-v5,P,2,107,221184,5.36912436503917,579.1384749310091,381.4402239097807,1317.404969509997,0.8387943506240845,54.043025970458984,54.043025970458984,0.0,,-0.03872152417898178,3.5612356662750244
HalfCheetah-v5,P,2,108,223232,5.35229087411426,584.4907658051234,382.63989162190654,,0.7707106471061707,26.276933670043945,26.276933670043945,0.0,,0.18056511878967285,3.520488977432251
HalfCheetah-v5,P,2,109,225280,5.373484160052612,589.864249965176,381.1307410609261,1332.727461857255,0.8868665099143982,41.271602630615234,41.271602630615234,0.0,,-0.07487790286540985,3.46934175491333
HalfCheetah-v5,P,2,110,227328,5.398092292016372,595.2623422571924,379.39329103893516,,0.9592123627662659,10.042357444763184,10.042357444763184,0.0,,0.02219078503549099,3.430063486099243
HalfCheetah-v5,P,2,111,229376,5.36077299201861,600.623115249211,382.03445716674923,1381.0306901865426,0.8642125129699707,39.37654113769531,39.37654113769531,0.0,,-0.019521895796060562,3.434572696685791
HalfCheetah-v5,P,2,112,231424,5.369201937923208,605.9923171871342,381.4347129570173,,0.3282710313796997,7.7701921463012695,7.7701921463012695,0.0,,0.01881849206984043,3.3828654289245605
HalfCheetah-v5,P,2,113,233472,5.462322926847264,611.4546401139814,374.9320623162171,1232.206925191385,0.9466689825057983,25.71245002746582,25.71245002746582,0.0,,-0.06625066697597504,3.3647267818450928
HalfCheetah-v5,P,2,114,235520,5.2835060390643775,616.7381461530458,387.6213985292742,,0.9618044495582581,10.123387336730957,10.123387336730957,0.0,,0.030187340453267097,3.339580535888672
HalfCheetah-v5,P,2,115,237568,5.444105863803998,622.1822520168498,376.1866597077866,1409.5096223561843,0.9442230463027954,32.98765563964844,32.98765563964844,0.0,,-0.14395925402641296,3.2925126552581787
HalfCheetah-v5,P,2,116,239616,5.374761805171147,627.557013822021,381.04014172862236,,0.44588571786880493,4.910243034362793,4.910243034362793,0.0,,-0.0997990071773529,3.237438201904297
HalfCheetah-v5,P,2,117,241664,5.387381945038214,632.9443957670592,380.14754121641784,1285.6030527944001,0.9171192049980164,43.656288146972656,43.656288146972656,0.0,,-0.03325657546520233,3.1651291847229004
HalfCheetah-v5,P,2,118,243712,5.327275444986299,638.2716712120455,384.43666394750636,,0.7455039620399475,29.474597930908203,29.474597930908203,0.0,,-0.027312831953167915,3.1235506534576416
HalfCheetah-v5,P,2,119,245760,5.391157949808985,643.6628291618545,379.8812832171914,1347.7280092784513,0.9207310676574707,34.984947204589844,34.984947204589844,0.0,,-0.08533366769552231,3.1060214042663574
HalfCheetah-v5,P,2,120,247808,5.405398471979424,649.0682276338339,378.880485983864,,0.3744313716888428,8.190112113952637,8.190112113952637,0.0,,0.055340416729450226,3.0541417598724365
HalfCheetah-v5,P,2,121,249856,5.427115299971774,654.4953429338057,377.3643799332311,1216.9383359873561,0.966168224811554,68.48233795166016,68.48233795166016,0.0,,-0.21255923807621002,3.046043872833252
HalfCheetah-v5,P,2,122,251904,5.3901975569315255,659.8855404907372,379.9489681721172,,0.9947498440742493,8.247274398803711,8.247274398803711,0.0,,0.006337001919746399,3.0319864749908447
HalfCheetah-v5,P,2,123,253952,5.331239677965641,665.2167801687028,384.1508023855158,879.5052590679315,0.9537585377693176,29.337743759155273,29.337743759155273,0.0,,-0.040490616112947464,3.05623197555542
HalfCheetah-v5,P,2,124,256000,5.35082871792838,670.5676088866312,382.74445099279893,1290.1482539378048,0.18561077117919922,4.960914134979248,4.960914134979248,0.0,,0.056028857827186584,3.0197360515594482
HalfCheetah-v5,P,2,125,258048,5.310424705967307,675.8780335925985,385.65653660406275,,0.8848398923873901,48.467628479003906,48.467628479003906,0.0,,-0.1068291962146759,2.949462890625
HalfCheetah-v5,P,2,126,260096,5.347354125929996,681.2253877185285,382.9931498400282,1378.2769360157317,0.8796356916427612,7.047140598297119,7.047140598297119,0.0,,-0.06596685945987701,2.9149417877197266
HalfCheetah-v5,P,2,127,262144,5.330069971969351,686.5554576904979,384.2351058748495,,0.975003719329834,70.22406005859375,70.22406005859375,0.0,,-0.06971199065446854,2.878838539123535
HalfCheetah-v5,P,2,128,264192,5.354283788939938,691.9097414794378,382.49746945248694,1083.829647992318,0.9963779449462891,11.45138168334961,11.45138168334961,0.0,,-0.08640377223491669,2.857975482940674
HalfCheetah-v5,P,2,129,266240,5.360093508148566,697.2698349875864,382.08288659266344,,0.9879903793334961,43.443992614746094,43.443992614746094,0.0,,-0.0657862052321434,2.8754594326019287
HalfCheetah-v5,P,2,130,268288,5.3945600220467895,702.6643950096332,379.64171158168955,969.7675462911928,0.9959171414375305,15.694025039672852,15.694025039672852,0.0,,-0.06855759769678116,2.821751117706299
HalfCheetah-v5,P,2,131,270336,5.39581750985235,708.0602125194855,379.55323660603955,,0.8576878309249878,63.00752639770508,63.00752639770508,0.0,,0.07022198289632797,2.8256475925445557
HalfCheetah-v5,P,2,132,272384,5.386350604007021,713.4465631234925,380.2203292293022,1329.7019199326974,0.8336619734764099,40.61058807373047,40.61058807373047,0.0,,-0.04524379223585129,2.7873117923736572
HalfCheetah-v5,P,2,133,274432,5.386577334022149,718.8331404575147,380.20432512212005,,0.9702147245407104,14.696659088134766,14.696659088134766,0.0,,-0.07402536273002625,2.7805652618408203
HalfCheetah-v5,P,2,134,276480,5.40475333086215,724.2378937883768,378.92571124486625,1385.3845273751458,0.9593098759651184,18.487380981445312,18.487380981445312,0.0,,-0.037886105477809906,2.8208868503570557
HalfCheetah-v5,P,2,135,278528,5.351953700883314,729.5898474892601,382.66399794564506,,0.9681540131568909,23.76569175720215,23.76569175720215,0.0,,-0.04088741913437843,2.749553680419922
HalfCheetah-v5,P,2,136,280576,5.350778558989987,734.9406260482501,382.7480388922282,1596.0854381816844,0.9656164050102234,24.824939727783203,24.824939727783203,0.0,,-0.012293769046664238,2.703061819076538
HalfCheetah-v5,P,2,137,282624,5.338255158858374,740.2788812071085,383.64595528962695,,0.9570407271385193,20.35784912109375,20.35784912109375,0.0,,-0.04405420646071434,2.6154897212982178
HalfCheetah-v5,P,2,138,284672,5.398259442066774,745.6771406491753,379.3815436213833,1368.7240320024703,0.968823254108429,24.34416389465332,24.34416389465332,0.0,,-0.10236328840255737,2.596418619155884
HalfCheetah-v5,P,2,139,286720,5.341444116085768,751.018584765261,383.4169103880437,,0.9305551648139954,38.77891159057617,38.77891159057617,0.0,,-0.05127111077308655,2.594043493270874
HalfCheetah-v5,P,2,140,288768,5.400789495091885,756.4193742603529,379.20381860118334,1430.1785051976651,0.8802980780601501,92.91099548339844,92.91099548339844,0.0,,0.1602294147014618,2.5550124645233154
HalfCheetah-v5,P,2,141,290816,5.382627265062183,761.8020015254151,380.4833400397715,,0.8685303330421448,45.20454025268555,45.20454025268555,0.0,,0.14203768968582153,2.520780563354492
HalfCheetah-v5,P,2,142,292864,5.422344628954306,767.2243461543694,377.6963915321913,1435.2427668464597,0.9602205753326416,37.376930236816406,37.376930236816406,0.0,,0.09848647564649582,2.4960787296295166
HalfCheetah-v5,P,2,143,294912,5.25805973703973,772.4824058914091,389.4972865319741,,0.9820033311843872,15.846394538879395,15.846394538879395,0.0,,-0.005865372717380524,2.46594500541687
HalfCheetah-v5,P,2,144,296960,5.396801944123581,777.8792078355327,379.4840020449531,1563.1232308942838,0.9738190174102783,17.284305572509766,17.284305572509766,0.0,,0.014375067315995693,2.442483425140381
HalfCheetah-v5,P,2,145,299008,5.355085829971358,783.2342936655041,382.44018210459825,,0.9613161087036133,62.653289794921875,62.653289794921875,0.0,,0.01957252062857151,2.4389874935150146
HalfCheetah-v5,P,2,146,301056,5.236530808964744,788.4708244744688,391.0986251611278,1745.0341448873346,0.9728174209594727,40.61042022705078,40.61042022705078,0.0,,0.04131198301911354,2.4295494556427
Hopper-v5,D,0,0,4003,23.131106654182076,23.131106654182076,173.05700327469037,11.771960929631497,0.20536571741104126,4.4948577880859375,53.24814224243164,0.041597962379455566,0.30000001192092896,0.04157466068863869,4.167275428771973
Hopper-v5,D,0,1,8005,22.71569155389443,45.84679820807651,176.1777751958376,19.2491581164054,0.17173147201538086,6.370100021362305,166.5565185546875,0.026532338932156563,0.45000001788139343,-0.04050501808524132,4.2064313888549805
Hopper-v5,D,0,2,12006,22.094508303096518,67.94130651117302,181.08572252948778,75.74151116544418,0.07122635841369629,8.393588066101074,1688.71875,0.019862884655594826,0.45000001788139343,0.04728389531373978,4.075027942657471
Hopper-v5,D,0,3,16009,23.081831786083058,91.02313829725608,173.42644366785333,108.80834087848793,0.003908693790435791,9.29272747039795,2633.350341796875,0.017259251326322556,0.45000001788139343,0.07492116838693619,4.023457050323486
Hopper-v5,D,0,4,20011,22.223204791080207,113.24634308833629,180.08203756491028,150.45795552063555,0.01731240749359131,9.531965255737305,4781.703125,0.022117601707577705,0.675000011920929,-0.08228576183319092,4.08994722366333
Hopper-v5,D,0,5,24013,22.69942989689298,135.94577298522927,176.30398728858736,162.40131819116377,0.007892012596130371,9.629170417785645,4500.576171875,0.015326883643865585,0.675000011920929,-0.06094840168952942,4.034169673919678
Hopper-v5,D,0,6,28015,21.902906229021028,157.8486792142503,182.71547885720338,194.21664366724335,0.0010395050048828125,9.799331665039062,5384.158203125,0.011489995755255222,0.675000011920929,0.0546015165746212,4.082235336303711
Hopper-v5,D,0,7,32015,22.318600334925577,180.16727954917587,179.22270841243318,190.17415709785325,-0.00030744075775146484,9.460830688476562,5146.91748046875,0.011002833023667336,0.675000011920929,0.07673420011997223,4.134257793426514
Hopper-v5,D,0,8,36015,23.045506678987294,203.21278622816317,173.5696270738611,210.6841985831202,0.02621471881866455,9.952947616577148,5788.19482421875,0.0070694852620363235,0.675000011920929,-0.08595769852399826,4.0372819900512695
Hopper-v5,D,0,9,40015,22.370155633892864,225.58294186205603,178.8096634401429,198.102754391068,-0.06552469730377197,9.797539710998535,4970.67822265625,0.013092529028654099,0.675000011920929,0.044437941163778305,4.048306465148926
Hopper-v5,D,0,10,44017,23.171001287177205,248.75394314923324,172.71588527400843,206.03996260066347,-0.049011826515197754,9.709065437316895,5193.3740234375,0.010741418227553368,0.675000011920929,0.04233664274215698,4.077719688415527
Hopper-v5,D,0,11,48017,22.558693035971373,271.3126361852046,177.31523690764033,217.2116169850005,0.04427075386047363,9.60487174987793,4470.06591796875,0.014245106838643551,0.675000011920929,0.15536363422870636,4.076929569244385
Hopper-v5,D,0,12,52020,21.82316054101102,293.13579672621563,183.42897640684953,215.59793306448492,0.01018381118774414,9.502372741699219,4846.3857421875,0.008720257319509983,0.675000011920929,0.08125480264425278,3.9539670944213867
Hopper-v5,D,0,13,56023,22.042785415193066,315.1785821414087,181.60136863832636,221.940685100011,0.028068900108337402,9.413999557495117,4820.013671875,0.012778719887137413,0.675000011920929,0.12914736568927765,4.04019832611084
Hopper-v5,D,0,14,60025,22.153572439216077,337.3321545806248,180.6480652716621,228.49872452552174,0.014440059661865234,9.866462707519531,4878.60302734375,0.007941864430904388,0.675000011920929,0.09687325358390808,4.114108085632324
Hopper-v5,D,0,15,64025,22.15565479802899,359.48780937865376,180.54081616923585,226.1274133792744,0.04473835229873657,9.42578125,5113.67919921875,0.012020624242722988,0.675000011920929,-0.10738910734653473,4.048999309539795
Hopper-v5,D,0,16,68026,22.17232991801575,381.6601392966695,180.45013829372328,234.36239002568576,0.04390615224838257,9.610197067260742,5195.40771484375,0.015480844303965569,0.675000011920929,-0.013010739348828793,4.107688903808594
Hopper-v5,D,0,17,72029,22.513356767129153,404.17349606379867,177.80555966867718,252.51947238108204,0.05384945869445801,9.642765998840332,5468.3505859375,0.008337074890732765,0.675000011920929,0.1103319376707077,4.035323619842529
Hopper-v5,D,0,18,76030,22.098856565076858,426.2723526288755,181.05009135734372,241.86142043053331,0.14278638362884521,9.675301551818848,4969.32275390625,0.01450507715344429,0.675000011920929,0.046600859612226486,4.210267543792725
Hopper-v5,D,0,19,80032,22.130571577930823,448.40292420680635,180.8358173627516,248.15276871134236,0.04454988241195679,9.50055980682373,5743.16259765625,0.012817373499274254,0.675000011920929,-0.0655064508318901,4.114212512969971
Hopper-v5,D,0,20,84032,22.109819233883172,470.5127434406895,180.91509286833167,257.1625697881618,0.09582066535949707,9.375069618225098,5578.21728515625,0.01338204462081194,0.675000011920929,0.018050508573651314,4.111911773681641
Hopper-v5,D,0,21,88034,21.901912642177194,492.4146560828667,182.7237677997685,272.7958969813761,0.046051859855651855,9.291653633117676,6749.9951171875,0.010709756053984165,0.675000011920929,-0.06994602829217911,4.00713586807251
Hopper-v5,D,0,22,92037,22.11158433696255,514.5262404198293,181.03632643403284,266.21598920553186,0.2005150318145752,9.550840377807617,5365.8984375,0.014859226532280445,0.675000011920929,0.09403607249259949,4.260770320892334
Hopper-v5,D,0,23,96040,22.57248189812526,537.0987223179545,177.3398254594443,270.76462049184187,0.08243191242218018,9.751121520996094,5374.9921875,0.013216682709753513,0.675000011920929,0.06588811427354813,4.072684288024902
Hopper-v5,D,0,24,100040,21.29567492683418,558.3943972447887,187.83156738365187,278.46624058254906,0.1789149045944214,9.36087417602539,5372.0712890625,0.015008022077381611,0.675000011920929,0.12977752089500427,4.264328479766846
Hopper-v5,D,0,25,104040,22.072079702978954,580.4664769477677,181.2244271417768,277.4157886040414,0.1406017541885376,9.355561256408691,6007.7783203125,0.013246624730527401,0.675000011920929,0.010113262571394444,4.174046516418457
Hopper-v5,D,0,26,108042,23.451740868156776,603.9182178159244,170.6483123150142,281.18471275296,-0.0539168119430542,9.546612739562988,5911.8408203125,0.012550462037324905,0.675000011920929,0.014049289748072624,4.16586446762085
Hopper-v5,D,0,27,112045,22.285342783899978,626.2035605998244,179.62478920862563,280.55383485688094,0.01915067434310913,9.583863258361816,5787.27587890625,0.012855845503509045,0.675000011920929,-0.08122702687978745,4.086483478546143
Hopper-v5,D,0,28,116045,22.01795702497475,648.2215176247992,181.6698976868217,275.92566897157593,0.1587357521057129,9.355378150939941,5544.544921875,0.01571393758058548,0.675000011920929,-0.08363227546215057,4.12603759765625
Hopper-v5,D,0,29,120048,21.899783435976133,670.1213010607753,182.78719566806416,281.4066206750196,0.15895229578018188,9.643439292907715,5266.7041015625,0.013367459177970886,0.675000011920929,-0.042264871299266815,4.060332298278809
Hopper-v5,D,0,30,124049,23.311711840098724,693.433012900874,171.63046744245685,292.5734410201299,0.08439695835113525,9.685741424560547,5043.181640625,0.009868006221950054,0.675000011920929,0.06796394288539886,4.215686321258545
Hopper-v5,D,0,31,128049,21.930863791843876,715.3638766927179,182.39135667276392,287.65603823015283,0.061889052391052246,9.539715766906738,4788.44384765625,0.01807837374508381,0.675000011920929,0.0987107902765274,4.189794540405273
Hopper-v5,D,0,32,132051,21.986903628101572,737.3507803208195,182.0174440063049,268.50812777257545,0.0025145411491394043,9.761343002319336,5591.75537109375,0.009596497751772404,0.675000011920929,-0.16320300102233887,3.906561851501465
Hopper-v5,D,0,33,136051,22.24612555000931,759.5969058708288,179.80659108517554,285.7070530318432,0.15229791402816772,9.374661445617676,5905.23779296875,0.009510963223874569,0.675000011920929,-0.1324886530637741,4.032385349273682
Hopper-v5,D,0,34,140052,21.928613984957337,781.5255198557861,182.45567197017647,295.10361637258217,0.17306405305862427,9.415792465209961,5696.06005859375,0.019265560433268547,0.675000011920929,-0.09175349771976471,4.255781650543213
Hopper-v5,D,0,35,144055,22.15905430307612,803.6845741588622,180.64850355298347,275.83062005481355,0.17535829544067383,9.890250205993652,4199.4951171875,0.015295900404453278,0.675000011920929,0.03870592638850212,4.220081329345703
Hopper-v5,D,0,36,148058,23.989969849819317,827.6745440086816,166.86140187167217,282.21980189115,0.1341468095779419,9.504638671875,4815.025390625,0.01245991513133049,0.675000011920929,-0.06254096329212189,4.089606285095215
Hopper-v5,D,0,37,152059,22.68775023892522,850.3622942476068,176.35067196462307,296.31661960129026,0.1823408007621765,9.507185935974121,5414.466796875,0.011540810577571392,0.675000011920929,-0.10206030309200287,4.200432777404785
Hopper-v5,D,0,38,156062,21.906987892929465,872.2692821405362,182.72708322863403,287.92993966850463,0.24985241889953613,9.572606086730957,4726.0751953125,0.01087011769413948,0.675000011920929,-0.007625664584338665,4.415102005004883
Hopper-v5,D,0,39,160063,22.481639591977,894.7509217325132,177.96744688620632,275.6047708193494,0.25985652208328247,9.381744384765625,3496.038818359375,0.012832271866500378,0.675000011920929,0.05305316299200058,4.353819370269775
Hopper-v5,D,0,40,164063,22.875256227096543,917.6261779596098,174.86142932300186,283.31491009164347,0.14852124452590942,9.625598907470703,4226.94873046875,0.010362072847783566,0.675000011920929,-0.0736575499176979,4.018878936767578
Hopper-v5,D,0,41,168063,22.007404777919874,939.6335827375297,181.75700589708867,287.7994628196377,0.10783571004867554,9.448415756225586,4844.93017578125,0.010402246378362179,0.675000011920929,-0.09472669661045074,4.133431911468506
Hopper-v5,D,0,42,172063,21.987552250968292,961.6211349884979,181.92111401685685,285.08017121579223,0.19578713178634644,9.516531944274902,4116.28271484375,0.01203262060880661,0.675000011920929,-0.04539983347058296,4.262371063232422
Hopper-v5,D,0,43,176063,21.963189099915326,983.5843240884133,182.12291401777446,280.43609123473135,0.25515443086624146,9.180283546447754,3669.921142578125,0.011143096722662449,0.675000011920929,0.022465774789452553,4.406376838684082
Hopper-v5,D,0,44,180063,22.943631238071248,1006.5279553264845,174.34031947665923,281.9023087679669,0.2317647933959961,9.64541244506836,3783.046875,0.011799033731222153,0.675000011920929,-0.04383290559053421,4.304388999938965
Hopper-v5,D,0,45,184063,21.439632921945304,1027.9675882484298,186.57035848340746,293.11262720289074,0.2663344740867615,9.49731159210205,3585.092529296875,0.008527105674147606,0.675000011920929,0.023412026464939117,4.720424652099609
Hopper-v5,D,0,46,188064,21.829369658837095,1049.796957907267,183.28518241846217,277.0218566361972,0.10478359460830688,9.757716178894043,3232.52001953125,0.012970047071576118,0.675000011920929,0.04249647632241249,4.492950916290283
Hopper-v5,D,0,47,192064,23.329959173919633,1073.1269170811865,171.4533647564873,285.71903516874835,0.3846535086631775,9.334310531616211,3575.632080078125,0.014151403680443764,0.675000011920929,0.07128312438726425,4.8258185386657715
Hopper-v5,D,0,48,196065,22.443208928918466,1095.570126010105,178.2721897154663,285.7332860719484,0.24486327171325684,9.550270080566406,3337.68212890625,0.011716208420693874,0.675000011920929,-0.03370719030499458,4.251763820648193
Hopper-v5,D,0,49,200066,22.19404866406694,1117.764174674172,180.2735526338545,299.4043034189449,0.20910662412643433,9.6468505859375,3435.6787109375,0.014728154987096786,0.675000011920929,0.05112360417842865,4.872863292694092
Hopper-v5,D,0,50,204066,22.03950823005289,1139.8036829042248,181.49225283283016,285.5810387142486,0.32143735885620117,9.582977294921875,2924.39599609375,0.010895532555878162,0.675000011920929,0.06098169833421707,4.425882339477539
Hopper-v5,D,0,51,208069,22.148138465126976,1161.9518213693518,180.7375372112137,269.88697575814837,0.2773832082748413,9.6266450881958,2950.586181640625,0.014890048652887344,0.675000011920929,-0.050377123057842255,4.211700439453125
Hopper-v5,D,0,52,212069,22.60786985605955,1184.5596912254114,176.92953938019448,273.59531850955784,0.33053821325302124,9.161431312561035,2824.880126953125,0.009725521318614483,0.675000011920929,0.015030903741717339,4.44752311706543
Hopper-v5,D,0,53,216072,22.003849170869216,1206.5635403962806,181.9227158355344,279.22306240816624,0.27503031492233276,9.436946868896484,3214.315185546875,0.00933811068534851,0.675000011920929,0.04238375276327133,4.416928291320801
Hopper-v5,D,0,54,220074,21.984613999025896,1228.5481543953065,182.03640055619454,286.84277479041623,0.2872830629348755,9.73750114440918,3412.292724609375,0.013116946443915367,0.675000011920929,-0.10067789256572723,3.976825714111328
Hopper-v5,D,0,55,224074,22.39113897504285,1250.9392933703493,178.64209607463013,292.63701264637456,0.308169424533844,9.680100440979004,2954.29638671875,0.01047032792121172,0.675000011920929,0.06306210905313492,4.412721157073975
Hopper-v5,D,0,56,228077,23.38541253702715,1274.3247059073765,171.17508590716005,274.01712007137223,0.2104717493057251,9.380651473999023,2769.76220703125,0.012551111169159412,0.675000011920929,-0.03650190681219101,4.307499885559082
Hopper-v5,D,0,57,232077,22.15287359105423,1296.4775794984307,180.5634823653433,284.0084514344919,0.22161322832107544,9.327427864074707,2994.3310546875,0.013726619072258472,0.675000011920929,0.054674480110406876,4.750570774078369
Hopper-v5,D,0,58,236080,21.836261378834024,1318.3138408772647,183.31892674082587,281.00971810577255,0.3238075375556946,9.467325210571289,2715.48388671875,0.012891394086182117,0.675000011920929,0.09082791209220886,4.476256370544434
Hopper-v5,D,0,59,240081,22.19489475991577,1340.5087356371805,180.26668039110737,297.13491884654496,0.36990565061569214,9.712456703186035,3537.837646484375,0.009405698627233505,0.675000011920929,-0.1905098855495453,3.990086317062378
Hopper-v5,D,0,60,244081,23.303618115140125,1363.8123537523206,171.6471656991856,282.0083143666694,0.39503151178359985,9.371564865112305,2342.540283203125,0.01083963830024004,0.675000011920929,0.14254583418369293,4.914298057556152
Hopper-v5,D,0,61,248081,22.722300497815013,1386.5346542501356,176.0385133708025,272.50592071293397,0.4245558977127075,9.36339282989502,2280.392578125,0.007139331661164761,0.675000011920929,-0.011500696651637554,4.6193695068359375
Hopper-v5,D,0,62,252084,22.149274646071717,1408.6839288962074,180.7282660026048,275.691129596347,0.2661839723587036,9.731423377990723,2262.380615234375,0.008921907283365726,0.675000011920929,0.07501260191202164,4.348065376281738
Hopper-v5,D,0,63,256087,23.65512049989775,1432.339049396105,169.22340344946895,283.9802731797739,0.3450050950050354,9.628677368164062,2324.563232421875,0.01321025937795639,0.675000011920929,-0.06314507126808167,3.90874981880188
Hopper-v5,D,0,64,260088,22.045643568970263,1454.3846929650754,181.4871036757347,280.26464740556224,0.3251990079879761,9.4418306350708,1995.7471923828125,0.01711932197213173,0.675000011920929,0.170068621635437,4.5668253898620605
Hopper-v5,D,0,65,264090,21.87573769199662,1476.260430657072,182.94240205047612,274.35453457093826,0.39800572395324707,9.731290817260742,1944.9603271484375,0.009022529236972332,0.675000011920929,-0.0036838948726654053,3.9781532287597656
Hopper-v5,D,0,66,268090,21.937185619026423,1498.1976162760984,182.33879538908332,283.5828100042903,0.36618268489837646,9.509573936462402,2340.568359375,0.012305657379329205,0.675000011920929,-0.005454735830426216,4.280561447143555
Hopper-v5,D,0,67,272090,23.294927363982424,1521.4925436400808,171.71120293702316,296.74035989149803,0.44840550422668457,9.307048797607422,2413.847900390625,0.01641552895307541,0.675000011920929,-0.022255955263972282,4.612638473510742
Hopper-v5,D,0,68,276090,22.16232149885036,1543.6548651389312,180.48650725545582,272.53134810896216,0.28180742263793945,9.709333419799805,1805.28125,0.012135064229369164,0.675000011920929,0.012392975389957428,4.03909158706665
Hopper-v5,D,0,69,280093,22.065858744084835,1565.720723883016,181.4114758199963,281.5130816798275,0.4873110055923462,9.614246368408203,1777.3272705078125,0.012515546754002571,0.675000011920929,0.04329533502459526,4.594446182250977
Hopper-v5,D,0,70,284093,22.012591807171702,1587.7333156901877,181.71417682386678,281.2774780063535,0.4111994504928589,9.422282218933105,1991.6241455078125,0.007095138542354107,0.675000011920929,-0.04988737031817436,4.172748565673828
Hopper-v5,D,0,71,288093,22.036877632839605,1609.7701933230273,181.51391801709488,285.0178445296191,0.37128692865371704,9.399306297302246,2104.302734375,0.010720302350819111,0.675000011920929,0.06331518292427063,4.290692329406738
Hopper-v5,D,0,72,292095,22.218716032104567,1631.988909355132,180.11841882390397,273.71756559028773,0.3080611824989319,9.500450134277344,2085.57861328125,0.01332160085439682,0.675000011920929,-0.08605804294347763,3.8703255653381348
Hopper-v5,D,0,73,296095,22.220275320112705,1654.2091846752446,180.01577128881908,270.4709240953475,0.4419208765029907,9.40288257598877,1853.7276611328125,0.008047835901379585,0.675000011920929,0.041221145540475845,4.500874996185303
Hopper-v5,D,0,74,300098,25.00685922591947,1679.216043901164,160.07608008009709,288.34262906849386,0.42222994565963745,9.334491729736328,2329.468505859375,0.010946237482130527,0.675000011920929,-0.04751778393983841,4.39664888381958
Hopper-v5,D,1,0,4002,21.39098820183426,21.39098820183426,187.0881308632965,17.831502834224775,0.12641489505767822,5.267437934875488,310.5810852050781,0.035996150225400925,0.30000001192092896,-0.05181628465652466,4.342639446258545
Hopper-v5,D,1,1,8004,21.93721156497486,43.32819976680912,182.4297490201365,54.13488576145886,0.06504017114639282,8.22718334197998,2280.998291015625,0.01894577592611313,0.30000001192092896,-0.04981491342186928,4.197887420654297
Hopper-v5,D,1,2,12004,21.056688606040552,64.38488837284967,189.96339238509307,70.49022752308278,0.0005648136138916016,9.422492027282715,1472.5205078125,0.015699254348874092,0.30000001192092896,0.09375081956386566,4.117220878601074
Hopper-v5,D,1,3,16005,20.987891770899296,85.37278014374897,190.63372556302085,98.67831397213087,-0.043976664543151855,9.57359790802002,2499.706298828125,0.015673896297812462,0.30000001192092896,-0.01770474575459957,4.1362624168396
Hopper-v5,D,1,4,20006,20.852859598118812,106.22563974186778,191.86816950328193,131.40268720978833,0.0018702149391174316,9.589770317077637,4336.12353515625,0.020555313676595688,0.45000001788139343,-0.06680896878242493,4.162842750549316
Hopper-v5,D,1,5,24008,20.683030484011397,126.90867022587918,193.49195482227162,155.81174733150638,0.021091759204864502,9.668055534362793,5396.22412109375,0.015153794549405575,0.45000001788139343,-0.03418620675802231,4.1473565101623535
Hopper-v5,D,1,6,28010,20.747394531033933,147.6560647569131,192.89169028013671,187.53229369401458,0.06519556045532227,9.611698150634766,5923.53173828125,0.02547502890229225,0.675000011920929,-0.025150958448648453,4.219444751739502
Hopper-v5,D,1,7,32011,20.990546686109155,168.64661144302227,190.60961392909925,180.206172540139,0.017483890056610107,9.452996253967285,5606.68408203125,0.01788763701915741,0.675000011920929,0.0332145020365715,4.241390228271484
Hopper-v5,D,1,8,36014,21.005048273829743,189.651659716852,190.5732349583481,189.01371994267095,-0.05742955207824707,9.801527976989746,6253.63671875,0.012339013628661633,0.675000011920929,-0.0496135912835598,4.164694786071777
Hopper-v5,D,1,9,40017,20.98950386303477,210.64116357988678,190.71436972123007,199.4959191047038,-0.018192410469055176,9.620232582092285,6398.94091796875,0.0112100038677454,0.675000011920929,-0.04485134407877922,4.1682281494140625
Hopper-v5,D,1,10,44019,20.47889010189101,231.1200536817778,195.4207469295642,204.18158209326182,-0.08784782886505127,9.44430923461914,6688.43359375,0.007518032565712929,0.675000011920929,-0.053225353360176086,4.134085655212402
Hopper-v5,D,1,11,48021,20.889141007093713,252.0091946888715,191.5827940766433,215.92044760857308,0.047759830951690674,9.769949913024902,6453.81591796875,0.009234092198312283,0.675000011920929,0.03285505622625351,4.209405899047852
Hopper-v5,D,1,12,52022,21.359343258896843,273.36853794776835,187.31849343417696,226.57130683088462,0.0913575291633606,9.652815818786621,6512.16162109375,0.015100118704140186,0.675000011920929,0.06837182492017746,4.26771354675293
Hopper-v5,D,1,13,56022,20.88081857492216,294.2493565226905,191.56337121783127,227.80871190642165,0.05931901931762695,9.603728294372559,5527.02294921875,0.013030626811087132,0.675000011920929,0.2146597057580948,4.343166828155518
Hopper-v5,D,1,14,60024,21.223080846946687,315.4724373696372,188.56828699193116,246.140105163997,0.1279885172843933,9.6367826461792,8272.583984375,0.00951995886862278,0.675000011920929,-0.1647346317768097,4.25901985168457
Hopper-v5,D,1,15,64027,20.484801976010203,335.9572393456474,195.41316555990738,257.0967673524347,0.08559882640838623,9.742470741271973,8894.2626953125,0.010261320509016514,0.675000011920929,-0.14133098721504211,4.263881206512451
Hopper-v5,D,1,16,68027,20.827938399044797,356.7851777446922,192.04973259299857,275.75051458469176,0.04991769790649414,9.86180591583252,8700.49609375,0.009666627272963524,0.675000011920929,-0.017906010150909424,4.311697006225586
Hopper-v5,D,1,17,72028,20.997593382839113,377.7827711275313,190.5456462105763,256.1033493267024,0.09365952014923096,9.781229972839355,7255.193359375,0.012709561735391617,0.675000011920929,0.037850819528102875,4.311551570892334
Hopper-v5,D,1,18,76028,20.716386473039165,398.49915760057047,193.08386649407714,273.3447221563863,0.07400035858154297,9.825568199157715,7680.3125,0.010457916185259819,0.675000011920929,0.013818345963954926,4.281649589538574
Hopper-v5,D,1,19,80030,20.738254788098857,419.2374123886693,192.97670131320035,274.5261133620446,0.025490641593933105,9.895137786865234,8568.0478515625,0.008801897056400776,0.675000011920929,-0.14188170433044434,4.180574417114258
Hopper-v5,D,1,20,84030,20.835691348882392,440.0731037375517,191.9782709880926,281.1865416312595,0.10367262363433838,9.509984970092773,8614.1494140625,0.015418373048305511,0.675000011920929,-0.1032911017537117,4.279886245727539
Hopper-v5,D,1,21,88033,20.87348763504997,460.9465913726017,191.7743728306483,301.3212367428326,0.17746078968048096,9.80068302154541,10094.1396484375,0.011238591745495796,0.675000011920929,-0.11544231325387955,4.161355495452881
Hopper-v5,D,1,22,92033,20.65175056597218,481.59834193857387,193.68818092306358,304.671857451036,0.07742422819137573,9.880860328674316,10027.76953125,0.01200290210545063,0.675000011920929,-0.11832837760448456,4.262523174285889
Hopper-v5,D,1,23,96036,20.689936044160277,502.28827798273414,193.47570681011575,312.95702019840115,0.05760645866394043,9.552201271057129,10039.666015625,0.012384803034365177,0.675000011920929,0.007990822196006775,4.349233150482178
Hopper-v5,D,1,24,100038,20.88687175884843,523.1751497415826,191.6036085348496,299.24726302988665,-0.01897406578063965,9.736178398132324,9738.4453125,0.010533669032156467,0.675000011920929,-0.020157571882009506,4.249365329742432
Hopper-v5,D,1,25,104040,20.921246307902038,544.0963960494846,191.28879518465536,294.63398209075467,0.1056780219078064,9.629490852355957,9117.6943359375,0.012006187811493874,0.675000011920929,-0.01898406445980072,4.211540699005127
Hopper-v5,D,1,26,108042,20.945812155958265,565.0422082054429,191.0644462101503,310.3745090412107,0.1228867769241333,9.491942405700684,9096.8427734375,0.010054412297904491,0.675000011920929,-0.012392179109156132,4.244543552398682
Hopper-v5,D,1,27,112045,21.073365818941966,586.1155740243848,189.95541739240682,305.288010345232,0.13549017906188965,9.800816535949707,9749.810546875,0.01917162723839283,0.675000011920929,-0.15726213157176971,4.078094959259033
Hopper-v5,D,1,28,116048,20.931083305040374,607.0466573294252,191.2466708799561,320.0302021485428,0.1444380283355713,9.809699058532715,9337.7578125,0.006415597628802061,0.675000011920929,-0.039805781096220016,4.374921798706055
Hopper-v5,D,1,29,120048,20.968402806902304,628.0150601363275,190.76321820197455,309.98505884190297,0.22465115785598755,9.58128547668457,7851.76708984375,0.014912819489836693,0.675000011920929,0.07738492637872696,4.588531494140625
Hopper-v5,D,1,30,124051,20.959971460979432,648.975031597307,190.98308446899694,313.2173184836351,0.13633334636688232,9.375347137451172,8251.689453125,0.016799097880721092,0.675000011920929,0.047681331634521484,4.662909984588623
Hopper-v5,D,1,31,128054,20.984934822889045,669.959966420196,190.75589387267382,316.9964361021369,0.09959286451339722,9.66199016571045,7888.5556640625,0.01229050662368536,0.675000011920929,0.12599895894527435,4.633972644805908
Hopper-v5,D,1,32,132054,20.86831354815513,690.8282799683511,191.67816272118557,319.50300175137727,0.22443801164627075,9.631596565246582,8625.611328125,0.015229972079396248,0.675000011920929,0.005700725130736828,4.512500762939453
Hopper-v5,D,1,33,136054,20.70359158399515,711.5318715523463,193.20319297122285,336.68268333250165,0.20536774396896362,9.762962341308594,10568.451171875,0.009310641326010227,0.675000011920929,-0.08990450948476791,4.405623435974121
Hopper-v5,D,1,34,140054,20.635942582972348,732.1678141353186,193.8365540569289,330.02754965583813,0.05079680681228638,9.717737197875977,10103.505859375,0.009846972301602364,0.675000011920929,-0.027808543294668198,4.367878437042236
Hopper-v5,D,1,35,144055,20.67966098897159,752.8474751242902,193.47512525150788,338.82240407482027,0.09949660301208496,9.79249382019043,9755.6494140625,0.008134637027978897,0.675000011920929,-0.036372918635606766,4.272336959838867
Hopper-v5,D,1,36,148056,20.661807605065405,773.5092827293556,193.64230257468486,336.1170302700338,0.10566794872283936,9.788976669311523,9540.154296875,0.008535181172192097,0.675000011920929,-0.042911872267723083,4.270662784576416
Hopper-v5,D,1,37,152056,20.9251712851692,794.4344540145248,191.15733608522558,338.6065500837928,0.16496366262435913,9.48560905456543,10311.53125,0.012589591555297375,0.675000011920929,-0.10810044407844543,4.4834418296813965
Hopper-v5,D,1,38,156058,20.858764687087387,815.2932187016122,191.86179335334452,338.6180262695569,0.12407773733139038,9.495960235595703,10022.955078125,0.012285883538424969,0.675000011920929,-0.05789889395236969,4.387843132019043
Hopper-v5,D,1,39,160060,20.819083706941456,836.1123024085537,192.22748014917013,362.61608162792226,0.09374755620956421,9.653013229370117,9311.572265625,0.013923665508627892,0.675000011920929,0.15665574371814728,4.743162631988525
Hopper-v5,D,1,40,164063,20.894436435075477,857.0067388436291,191.58209949516353,359.54842685324417,0.06728839874267578,9.788980484008789,10226.8056640625,0.009245162829756737,0.675000011920929,-0.0004712612717412412,4.563671112060547
Hopper-v5,D,1,41,168063,20.914853204973042,877.9215920486022,191.25164115657753,376.4830840161549,0.05928754806518555,9.773906707763672,10985.560546875,0.010296720080077648,0.675000011920929,0.003318188712000847,4.127510070800781
Hopper-v5,D,1,42,172063,20.869319915072992,898.7909119636752,191.6689195564526,412.35004031313844,0.08854138851165771,9.568816184997559,12686.53515625,0.014136992394924164,0.675000011920929,-0.0198660995811224,4.377286911010742
Hopper-v5,D,1,43,176063,20.879854867001995,919.6707668306772,191.5722128088879,394.7325190276857,0.09146332740783691,9.778615951538086,9762.4697265625,0.011413553729653358,0.675000011920929,0.05215920880436897,4.424221038818359
Hopper-v5,D,1,44,180063,20.799245414091274,940.4700122447684,192.31466913170038,414.2994942696841,0.12876302003860474,9.801881790161133,12258.0322265625,0.010506472550332546,0.675000011920929,-0.14622750878334045,4.145147323608398
Hopper-v5,D,1,45,184063,20.923164318781346,961.3931765635498,191.17567204734246,397.8551198104938,0.22481274604797363,9.513551712036133,10171.26953125,0.011020870879292488,0.675000011920929,-0.02202986739575863,3.984928607940674
Hopper-v5,D,1,46,188066,20.89077414991334,982.2839507134631,191.61568505189192,386.41770037832123,0.23674821853637695,9.586819648742676,9263.4609375,0.015750540420413017,0.675000011920929,0.021164467558264732,4.475708961486816
Hopper-v5,D,1,47,192066,20.593542562099174,1002.8774932755623,194.23564391304348,414.2653335932892,0.24292892217636108,9.775045394897461,11738.9990234375,0.01030647475272417,0.675000011920929,-0.13299055397510529,3.8933284282684326
Hopper-v5,D,1,48,196068,20.503322140779346,1023.3808154163416,195.18788089664582,431.94485096266385,0.14833033084869385,9.923735618591309,11628.7822265625,0.015805428847670555,0.675000011920929,-0.07625719159841537,3.9139516353607178
Hopper-v5,D,1,49,200071,21.36964361392893,1044.7504590302706,187.3217949872972,432.4016128431919,0.11653488874435425,9.677231788635254,10368.857421875,0.01232659537345171,0.675000011920929,0.05913032218813896,3.805490493774414
Hopper-v5,D,1,50,204073,20.74268751195632,1065.493146542227,192.93546208480467,429.95684013471725,0.21212387084960938,9.725346565246582,9736.4736328125,0.013380855321884155,0.675000011920929,0.05132211372256279,3.9568233489990234
Hopper-v5,D,1,51,208075,20.38997157290578,1085.8831181151327,196.2729563251507,416.23739424653826,0.220730721950531,9.552204132080078,9459.1796875,0.008951893076300621,0.675000011920929,-0.07078883051872253,3.545135021209717
Hopper-v5,D,1,52,212076,20.717603377997875,1106.6007214931305,193.12079331768015,456.8268749522846,0.2945936918258667,9.769482612609863,12434.3857421875,0.011826005764305592,0.675000011920929,-0.17284296452999115,4.264726161956787
Hopper-v5,D,1,53,216079,21.380384648917243,1127.9811061420478,187.22768863761868,441.5609920787468,0.26170653104782104,9.703612327575684,9446.009765625,0.014720600098371506,0.675000011920929,-0.05304384231567383,3.981504440307617
Hopper-v5,D,1,54,220081,20.818521063076332,1148.7996272051241,192.2326753122697,422.085049994888,0.25411713123321533,9.690658569335938,9511.755859375,0.014199364930391312,0.675000011920929,-0.10927490890026093,4.004151344299316
Hopper-v5,D,1,55,224082,20.894414794864133,1169.6940419999883,191.4865785560766,400.06547038227245,0.31405723094940186,9.3563232421875,7746.31982421875,0.017290426418185234,0.675000011920929,0.01665320433676243,4.049398422241211
Hopper-v5,D,1,56,228082,21.147144852904603,1190.8411868528929,189.15082995001057,453.1904123779829,0.2521085739135742,9.205911636352539,7621.11669921875,0.013293322175741196,0.675000011920929,0.15299341082572937,3.647564172744751
Hopper-v5,D,1,57,232085,20.750294079072773,1211.5914809319656,192.9129285949317,434.217979721753,0.20839476585388184,9.750810623168945,9291.716796875,0.012584728188812733,0.675000011920929,-0.11998540163040161,3.4423139095306396
Hopper-v5,D,1,58,236088,21.37736020796001,1232.9688411399256,187.25417736608352,434.75333969963106,0.28243958950042725,9.523880004882812,10265.6865234375,0.018272344022989273,0.675000011920929,-0.27045148611068726,3.4505743980407715
Hopper-v5,D,1,59,240088,21.759105745935813,1254.7279468858615,183.83108417712083,452.9718214728998,0.15048295259475708,9.703913688659668,9724.8515625,0.01286991871893406,0.675000011920929,-0.03689219802618027,4.068453788757324
Hopper-v5,D,1,60,244091,20.920080609852448,1275.648027495714,191.34725504426407,436.7257367284736,0.2669904828071594,9.356903076171875,7880.18359375,0.01923293061554432,0.675000011920929,-0.046511974185705185,4.183620452880859
Hopper-v5,D,1,61,248093,20.85622042301111,1296.504247918725,191.88519869997677,430.83827079052503,0.40103596448898315,9.076044082641602,7680.83056640625,0.010335823521018028,0.675000011920929,0.029593773186206818,4.049502372741699
Hopper-v5,D,1,62,252096,20.78926508780569,1317.2935130065307,192.55129910042038,426.0398992184322,0.2065076231956482,9.589229583740234,6509.8837890625,0.011490154080092907,0.675000011920929,0.09977830946445465,3.962984800338745
Hopper-v5,D,1,63,256096,20.843499242095277,1338.137012248626,191.9063566793837,462.26631900228926,0.3498573899269104,9.110246658325195,8457.1376953125,0.017296046018600464,0.675000011920929,0.022208062931895256,4.06809663772583
Hopper-v5,D,1,64,260096,20.823076330125332,1358.9600885787513,192.09457510430806,453.1668018956735,0.32471680641174316,9.6573486328125,8447.037109375,0.013994498178362846,0.675000011920929,-0.12794022262096405,3.6325643062591553
Hopper-v5,D,1,65,264096,20.896864497102797,1379.856953075854,191.41627685601213,443.80513151877085,0.3106675148010254,9.580509185791016,7182.66796875,0.014812348410487175,0.675000011920929,-0.03631561994552612,3.9465060234069824
Hopper-v5,D,1,66,268096,20.8840564340353,1400.7410095098894,191.5336712785881,458.6312263575267,0.34021955728530884,9.396997451782227,7223.130859375,0.008548330515623093,0.675000011920929,-0.027624502778053284,3.9848685264587402
Hopper-v5,D,1,67,272096,21.230964964954183,1421.9719744748436,188.4040601358805,452.3487280707707,0.2927231192588806,9.392687797546387,7259.642578125,0.015501761808991432,0.675000011920929,-0.03367668762803078,3.978884696960449
Hopper-v5,D,1,68,276096,21.094770448980853,1443.0667449238244,189.62045639104127,444.0851558285652,0.2562628984451294,9.501680374145508,7332.5751953125,0.015618346631526947,0.675000011920929,-0.04836808517575264,3.526615619659424
Hopper-v5,D,1,69,280097,20.938628447940573,1464.005373371765,191.08223874107284,452.0652336786385,0.35600000619888306,9.486723899841309,7134.27734375,0.010348684154450893,0.675000011920929,0.0013992054155096412,4.15877103805542
Hopper-v5,D,1,70,284097,20.792732304893434,1484.7981056766585,192.37490972067323,456.17848224458584,0.3720133900642395,9.14943790435791,7106.306640625,0.015464202500879765,0.675000011920929,-0.003508177353069186,3.9893059730529785
Hopper-v5,D,1,71,288097,20.774739268934354,1505.5728449455928,192.54152594740032,467.4675581384772,0.33372634649276733,9.643418312072754,7758.80712890625,0.011131858453154564,0.675000011920929,-0.07709020376205444,3.819646120071411
Hopper-v5,D,1,72,292098,20.780390666099265,1526.353235611692,192.53728499566446,456.78108267001807,0.3733048439025879,9.393888473510742,6249.8212890625,0.014995886944234371,0.675000011920929,0.04457790404558182,3.85734224319458
Hopper-v5,D,1,73,296099,20.700845855055377,1547.0540814667474,193.2771263558253,468.3438819481794,0.36713725328445435,9.437627792358398,6899.65380859375,0.014138861559331417,0.675000011920929,-0.045973602682352066,3.7178022861480713
Hopper-v5,D,1,74,300099,21.503589098108932,1568.5576705648564,186.01545917522057,470.4140719666963,0.3921821117401123,9.504255294799805,6413.185546875,0.014278373681008816,0.675000011920929,0.005257816985249519,3.9952423572540283
Hopper-v5,D,2,0,4001,22.141216268995777,22.141216268995777,180.7037134451633,12.171834552386889,0.12463510036468506,5.100312232971191,202.24508666992188,0.02858135476708412,0.30000001192092896,0.011239977553486824,4.034678936004639
Hopper-v5,D,2,1,8003,21.803346327040344,43.94456259603612,183.54980652840203,24.372216950838133,0.11141425371170044,6.731212139129639,802.213623046875,0.022737979888916016,0.45000001788139343,-0.06609946489334106,4.016172885894775
Hopper-v5,D,2,2,12004,21.46047008014284,65.40503267617896,186.4358042977859,57.82079447998084,0.06175929307937622,8.060226440429688,1522.8704833984375,0.01634669117629528,0.45000001788139343,0.12076053023338318,3.90738582611084
Hopper-v5,D,2,3,16006,22.954931011190638,88.3599636873696,174.3416261215948,99.91353505166575,-0.028798937797546387,9.591858863830566,3395.6572265625,0.017768574878573418,0.45000001788139343,-0.11323998123407364,3.8799333572387695
Hopper-v5,D,2,4,20009,22.10199960693717,110.46196329430677,181.11483445794542,113.24095489417078,-0.04725790023803711,9.351110458374023,3136.448486328125,0.023126453161239624,0.675000011920929,0.11933392286300659,3.858593702316284
Hopper-v5,D,2,5,24011,21.994550407864153,132.45651370217092,181.95416254424026,142.49476436507575,-0.00274050235748291,9.637131690979004,5052.31982421875,0.011335608549416065,0.675000011920929,-0.1390313357114792,3.8617188930511475
Hopper-v5,D,2,6,28014,21.076024166075513,153.53253786824644,189.93145806139884,159.67539819089131,-0.011443734169006348,9.613088607788086,5412.13037109375,0.016128676012158394,0.675000011920929,-0.12094440311193466,3.8270552158355713
Hopper-v5,D,2,7,32014,21.50125600514002,175.03379387338646,186.03564364071443,174.10296435888876,-0.08271586894989014,9.839014053344727,5859.9345703125,0.008541674353182316,0.675000011920929,-0.10390552133321762,3.856355905532837
Hopper-v5,D,2,8,36016,21.28614680492319,196.31994067830965,188.00960252112856,186.94572223113232,0.02098536491394043,9.477493286132812,6167.44140625,0.01254228875041008,0.675000011920929,0.0010921804932877421,3.8069493770599365
Hopper-v5,D,2,9,40019,21.634702207986265,217.95464288629591,185.02681301165896,196.7538428681192,-0.049489617347717285,9.785425186157227,5913.67138671875,0.01692788489162922,0.675000011920929,0.07974499464035034,3.8196465969085693
Hopper-v5,D,2,10,44021,21.323539915960282,239.2781828022562,187.6799075468973,216.74693386978083,-0.04725790023803711,9.849228858947754,7839.5693359375,0.009007704444229603,0.675000011920929,-0.21860241889953613,3.780587911605835
Hopper-v5,D,2,11,48023,21.41216353303753,260.6903463352937,186.90311204774721,215.53193902703137,-0.01907956600189209,9.46053409576416,6064.58837890625,0.01714666746556759,0.675000011920929,0.033374983817338943,3.8023669719696045
Hopper-v5,D,2,12,52023,21.31810887902975,282.0084552143235,187.63390424066787,223.42512941561318,-0.08527922630310059,9.692896842956543,6938.3662109375,0.010751554742455482,0.675000011920929,-0.2249947488307953,3.802623987197876
Hopper-v5,D,2,13,56025,21.223651339067146,303.2321065533906,188.56321827306752,230.2357524259398,0.07611197233200073,9.509798049926758,6129.8095703125,0.014091728255152702,0.675000011920929,-0.03075346164405346,3.8746726512908936
Hopper-v5,D,2,14,60027,21.324113473063335,324.55622002645396,187.67485949909874,227.83253706756904,0.17650020122528076,9.315694808959961,5182.20751953125,0.014862424694001675,0.675000011920929,0.07002993673086166,3.909989356994629
Hopper-v5,D,2,15,64029,22.00697246589698,346.56319249235094,181.85145667818162,232.8172073644204,0.14973801374435425,9.313557624816895,5163.2412109375,0.008346540853381157,0.675000011920929,0.01816418766975403,3.837923049926758
Hopper-v5,D,2,16,68029,22.562987450975925,369.12617994332686,177.2814884860022,238.9849427154892,0.1061524748802185,9.326700210571289,5475.88671875,0.010500648990273476,0.675000011920929,-0.0976400226354599,3.7919421195983887
Hopper-v5,D,2,17,72029,21.83935130899772,390.9655312523246,183.1556232328209,231.72981310741505,0.17828255891799927,9.782404899597168,4298.4365234375,0.014152140356600285,0.675000011920929,0.03301357105374336,3.7891886234283447
Hopper-v5,D,2,18,76032,21.274516745004803,412.2400479973294,188.15938561518175,226.83399690353278,0.07830387353897095,9.544105529785156,4046.1630859375,0.011360500007867813,0.675000011920929,0.05062592402100563,3.7658355236053467
Hopper-v5,D,2,19,80035,21.350393208907917,433.5904412062373,187.49069213066522,244.60914416215854,0.12355047464370728,9.440990447998047,4435.47607421875,0.009228340350091457,0.675000011920929,0.019028641283512115,3.7459218502044678
Hopper-v5,D,2,20,84036,21.489142070990056,455.07958327722736,186.18705143195436,261.5138813041246,0.2701791524887085,9.14417839050293,5154.78125,0.010821989737451077,0.675000011920929,-0.0055895522236824036,3.839923143386841
Hopper-v5,D,2,21,88036,21.678831388009712,476.75841466523707,184.51179071452853,256.03925498106855,0.20142370462417603,9.154648780822754,4650.34765625,0.00798183586448431,0.675000011920929,-0.018816085532307625,3.8565948009490967
Hopper-v5,D,2,22,92037,21.385307596065104,498.1437222613022,187.09106623914934,268.4832286170867,0.2628284692764282,9.649022102355957,5344.45068359375,0.01590547524392605,0.675000011920929,0.01004575565457344,3.853466510772705
Hopper-v5,D,2,23,96037,21.803789826110005,519.9475120874122,183.4543458683502,280.77113063772583,0.3448067307472229,9.029312133789062,5279.32421875,0.01457701064646244,0.675000011920929,0.019318804144859314,3.838078498840332
Hopper-v5,D,2,24,100039,20.89298428897746,540.8404963763896,191.54755226190164,285.58990426885094,0.12524741888046265,9.275679588317871,6636.00830078125,0.0094094043597579,0.675000011920929,-0.0646175816655159,3.7572951316833496
Hopper-v5,D,2,25,104042,23.612716541159898,564.4532129175495,169.52729657438076,297.41893859900745,0.21426093578338623,9.328836441040039,6032.107421875,0.01295155007392168,0.675000011920929,-0.03557950258255005,3.7277231216430664
Hopper-v5,D,2,26,108044,23.135591313941404,587.5888042314909,172.98023403397573,282.3576985328046,0.12710481882095337,9.249192237854004,4881.638671875,0.010484648868441582,0.675000011920929,0.026104936376214027,3.681931972503662
Hopper-v5,D,2,27,112046,21.46593049308285,609.0547347245738,186.43496499206492,316.40680077701296,0.20479190349578857,9.355030059814453,6406.224609375,0.014631283469498158,0.675000011920929,-0.06834858655929565,3.6877074241638184
Hopper-v5,D,2,28,116046,21.19782067183405,630.2525553964078,188.69864322019086,317.4869078567742,0.30491751432418823,9.238883018493652,5568.73681640625,0.010819877497851849,0.675000011920929,0.07686784863471985,3.8396525382995605
Hopper-v5,D,2,29,120047,21.262214033165947,651.5147694295738,188.17419454808538,318.8110194468287,0.30068689584732056,8.847331047058105,5937.31689453125,0.012740766629576683,0.675000011920929,-0.03280588239431381,3.8116064071655273
Hopper-v5,D,2,30,124049,21.503617137903348,673.0183865674771,186.1082242273499,326.65460202190854,0.2260875701904297,9.497297286987305,6740.373046875,0.01568044349551201,0.675000011920929,-0.19573868811130524,3.648995876312256
Hopper-v5,D,2,31,128051,22.929564455058426,695.9479510225356,174.53449706137485,309.1376997835813,0.1260453462600708,9.20616340637207,6196.095703125,0.01091719325631857,0.675000011920929,-0.10830574482679367,3.6670687198638916
Hopper-v5,D,2,32,132053,21.211405876092613,717.1593568986282,188.6720768711826,325.73271796232603,0.17576760053634644,9.406012535095215,5505.38330078125,0.016217894852161407,0.675000011920929,-0.011547306552529335,3.656773328781128
Hopper-v5,D,2,33,136056,21.771501627052203,738.9308585256804,183.86421242649004,338.0274239281774,0.28301548957824707,9.371109962463379,6419.9111328125,0.008590174838900566,0.675000011920929,-0.06997055560350418,3.8044323921203613
Hopper-v5,D,2,34,140056,21.22859171195887,760.1594502376392,188.4251227907242,327.1468513248785,0.15547692775726318,9.553197860717773,6653.044921875,0.013382728211581707,0.675000011920929,-0.11144328862428665,3.6322717666625977
Hopper-v5,D,2,35,144058,24.00202250597067,784.1614727436099,166.7359489811525,340.395351618676,0.29544538259506226,9.080802917480469,5616.2744140625,0.012887736782431602,0.675000011920929,0.02294323407113552,3.7374017238616943
Hopper-v5,D,2,36,148059,21.13379981997423,805.2952725635841,189.31758765967524,336.0520431111947,0.18688708543777466,9.031744003295898,5662.2255859375,0.013478292152285576,0.675000011920929,0.061930764466524124,3.881937265396118
Hopper-v5,D,2,37,152062,22.06767715397291,827.3629497175571,181.39652724071723,357.19411432271005,0.2818286418914795,9.265451431274414,6705.5595703125,0.010075285099446774,0.675000011920929,-0.09610847383737564,3.790853261947632
Hopper-v5,D,2,38,156065,21.04549241787754,848.4084421354346,190.20700112483786,354.98635229777676,0.24794834852218628,9.425276756286621,6384.04736328125,0.008200819604098797,0.675000011920929,-0.10924561321735382,3.716242790222168
Hopper-v5,D,2,39,160068,21.50858899578452,869.9170311312191,186.11169708922097,357.25513771364166,0.22468191385269165,9.355466842651367,7182.08740234375,0.008474748581647873,0.675000011920929,-0.1655159741640091,3.577897071838379
Hopper-v5,D,2,40,164071,21.18954801489599,891.1065791461151,188.91389269775553,368.5730472174113,0.3442842364311218,8.768172264099121,6040.99951171875,0.015115187503397465,0.675000011920929,-0.012138730846345425,4.04918098449707
Hopper-v5,D,2,41,168071,20.930609721923247,912.0371888680384,191.10766734187868,362.11932914661355,0.28591322898864746,9.599464416503906,5640.8154296875,0.01433790847659111,0.675000011920929,-0.012754179537296295,3.6856114864349365
Hopper-v5,D,2,42,172073,21.080208367900923,933.1173972359393,189.8463207837116,360.96047107534434,0.28402286767959595,9.056922912597656,5383.56494140625,0.008500896394252777,0.675000011920929,0.06419684737920761,3.931004524230957
Hopper-v5,D,2,43,176074,21.24360809708014,954.3610053330194,188.33900445329357,367.4118690032541,0.21068614721298218,9.186786651611328,6321.10791015625,0.014644572511315346,0.675000011920929,-0.08736421167850494,3.7721357345581055
Hopper-v5,D,2,44,180075,21.88068402907811,976.2416893620975,182.85534376726577,359.61119159879865,0.27128881216049194,9.39486312866211,5831.109375,0.012808803468942642,0.675000011920929,-0.03469480574131012,3.8691344261169434
Hopper-v5,D,2,45,184075,22.50998741714284,998.7516767792404,177.69889986494334,373.6340241149251,0.35073065757751465,8.891161918640137,5625.732421875,0.014185748063027859,0.675000011920929,0.007534042466431856,4.008781433105469
Hopper-v5,D,2,46,188075,22.522757563972846,1021.2744343432132,177.5981466140876,362.10505816123367,0.28498584032058716,9.276298522949219,5771.263671875,0.010333789512515068,0.675000011920929,-0.020346160978078842,3.865933895111084
Hopper-v5,D,2,47,192075,22.361372640822083,1043.6358069840353,178.87989544513695,377.0769501238453,0.35417675971984863,9.0954008102417,5388.154296875,0.011387435719370842,0.675000011920929,0.0771944522857666,4.024298667907715
Hopper-v5,D,2,48,196077,21.346300697885454,1064.9821076819208,187.4797913062489,355.9708093602107,0.24588078260421753,9.559762001037598,5026.82763671875,0.00936461053788662,0.675000011920929,-0.06610248237848282,3.8360888957977295
Hopper-v5,D,2,49,200077,21.056324515026063,1086.0384321969468,189.9666770972089,386.8726503335814,0.4284363389015198,8.407681465148926,5445.60986328125,0.007143259979784489,0.675000011920929,-0.023930154740810394,3.818802833557129
Hopper-v5,D,2,50,204077,21.006577997934073,1107.045010194881,190.41654477913474,373.92347174087143,0.2657136917114258,9.054405212402344,5741.8291015625,0.016447851434350014,0.675000011920929,-0.04688950628042221,3.793779134750366
Hopper-v5,D,2,51,208080,21.161220546113327,1128.2062307409942,189.16678228823758,383.50776471450195,0.2719661593437195,9.185943603515625,6355.73193359375,0.012339610606431961,0.675000011920929,-0.14359082281589508,3.560048818588257
Hopper-v5,D,2,52,212082,20.990240985993296,1149.1964717269875,190.66003113878105,360.90406396374436,0.2512776255607605,9.308927536010742,4740.78515625,0.01046853419393301,0.675000011920929,0.06795072555541992,3.7489593029022217
Hopper-v5,D,2,53,216084,21.437999167945236,1170.6344708949327,186.67786898620255,367.05851653369797,0.34483617544174194,8.650541305541992,5060.8134765625,0.009205065667629242,0.675000011920929,-0.04506875202059746,3.789060592651367
Hopper-v5,D,2,54,220084,21.128976865904406,1191.7634477608372,189.3134734060292,350.0356083582491,0.26647883653640747,9.076653480529785,4470.84521484375,0.007798879873007536,0.675000011920929,0.003974637947976589,3.8560903072357178
Hopper-v5,D,2,55,224087,21.28161665285006,1213.0450644136872,188.09661245655005,380.7639611992397,0.3914848566055298,8.766946792602539,4735.72265625,0.017345763742923737,0.675000011920929,-0.02706790901720524,3.8328192234039307
Hopper-v5,D,2,56,228090,21.39870538492687,1234.443769798614,187.06739160116157,376.30817528464576,0.18579250574111938,9.429879188537598,4692.32763671875,0.008912754245102406,0.675000011920929,-0.008838765323162079,3.6486356258392334
Hopper-v5,D,2,57,232090,21.79893325502053,1256.2427030536346,183.4952175505541,398.0302780648068,0.3249990940093994,9.287993431091309,5106.9990234375,0.015506066381931305,0.675000011920929,-0.059995755553245544,3.624647617340088
Hopper-v5,D,2,58,236093,21.165796956047416,1277.408500009682,189.12588117105022,385.19347844770954,0.3532101511955261,9.079154968261719,4801.58154296875,0.009569029323756695,0.675000011920929,-0.09383989870548248,3.7411515712738037
Hopper-v5,D,2,59,240096,22.922271030955017,1300.330771040637,174.63365626356185,383.62546330957605,0.36868494749069214,9.19095516204834,4389.4931640625,0.013779837638139725,0.675000011920929,0.028556738048791885,3.7948927879333496
Hopper-v5,D,2,60,244096,21.24542105686851,1321.5761920975056,188.27586373991048,373.9071314326987,0.4369128942489624,9.606256484985352,4569.3154296875,0.010841893032193184,0.675000011920929,-0.0674501582980156,3.5080153942108154
Hopper-v5,D,2,61,248098,22.27775080106221,1343.8539428985678,179.64111528750843,378.6850848245819,0.38786154985427856,9.346662521362305,3790.733642578125,0.009399623610079288,0.675000011920929,0.010811944492161274,3.6233954429626465
Hopper-v5,D,2,62,252101,22.857562094926834,1366.7115049934946,175.12803786229037,382.28018212412496,0.40151816606521606,9.219365119934082,3988.92431640625,0.01578250341117382,0.675000011920929,0.03585003688931465,3.6328978538513184
Hopper-v5,D,2,63,256104,21.416710116900504,1388.128215110395,186.91012663243384,366.58840892128865,0.28547245264053345,9.281594276428223,3749.56005859375,0.008527603931725025,0.675000011920929,-0.005556056741625071,3.79557466506958
Hopper-v5,D,2,64,260104,20.99410578608513,1409.1223208964802,190.5296677437529,395.14044216924265,0.5738940238952637,8.851569175720215,4447.01220703125,0.01232489850372076,0.675000011920929,-0.07318658381700516,3.8174126148223877
Hopper-v5,D,2,65,264105,21.563134642783552,1430.6854555392638,185.54816200338473,380.45423701070666,0.5075567960739136,8.605334281921387,3553.25927734375,0.007978987880051136,0.675000011920929,0.0865636095404625,4.202417373657227
Hopper-v5,D,2,66,268108,23.614025885006413,1454.2994814242702,169.51789667265848,380.85365665186947,0.3754498362541199,8.767251968383789,4002.74267578125,0.012146820314228535,0.675000011920929,-0.024548344314098358,3.837789297103882
Hopper-v5,D,2,67,272111,21.741484680911526,1476.0409661051817,184.11806087532435,374.108665874992,0.4601965546607971,8.732170104980469,4002.014892578125,0.012394126504659653,0.675000011920929,-0.061626676470041275,3.960688591003418
Hopper-v5,D,2,68,276113,21.08032331406139,1497.121289419243,189.8452855953358,375.1197987987614,0.37512385845184326,8.495862007141113,3081.6181640625,0.008681043051183224,0.675000011920929,0.12783701717853546,4.199283123016357
Hopper-v5,D,2,69,280113,22.323594466783106,1519.4448838860262,179.18261353259618,391.54003268510144,0.5528950691223145,9.094844818115234,3767.126220703125,0.015197699889540672,0.675000011920929,0.02829619310796261,3.8829102516174316
Hopper-v5,D,2,70,284115,21.344334119930863,1540.789218005957,187.49706491255782,378.74178462314444,0.3904123902320862,8.930704116821289,3346.3876953125,0.008197994902729988,0.675000011920929,-0.08445994555950165,3.3724818229675293
Hopper-v5,D,2,71,288115,20.917330312076956,1561.706548318034,191.22899243459074,391.9902589408281,0.5009573698043823,8.819517135620117,3582.9599609375,0.014168733730912209,0.675000011920929,0.02965686284005642,4.135049819946289
Hopper-v5,D,2,72,292117,21.242805464891717,1582.9493537829258,188.39319536273877,369.97660746507034,0.212421715259552,9.421021461486816,3342.458984375,0.012672661803662777,0.675000011920929,-0.004620585590600967,3.62845778465271
Hopper-v5,D,2,73,296120,21.13673102715984,1604.0860848100856,189.3859554183808,367.9572409506082,0.3576751947402954,9.376386642456055,3448.2958984375,0.015085555613040924,0.675000011920929,-0.13269151747226715,3.4529974460601807
Hopper-v5,D,2,74,300121,22.359268058091402,1626.445352868177,178.94145683145976,380.33836216717475,0.41130530834198,9.097820281982422,3109.931884765625,0.015441508032381535,0.675000011920929,0.13684478402137756,4.169040203094482
Hopper-v5,P,0,0,2049,6.038981806952506,6.038981806952506,339.2956073557044,13.074043418024416,0.4590637683868408,14.778368949890137,14.778368949890137,0.0,,0.03547389805316925,4.212179660797119
Hopper-v5,P,0,1,4098,6.351662651170045,12.390644458122551,322.5926993497603,20.56538141689677,0.2159738540649414,84.1340103149414,84.1340103149414,0.0,,-0.25800037384033203,4.134257793426514
Hopper-v5,P,0,2,6147,5.968062636908144,18.358707095030695,343.32749581554646,56.20893021791659,0.22631502151489258,83.41080474853516,83.41080474853516,0.0,,-0.03883400186896324,4.106907367706299
Hopper-v5,P,0,3,8195,5.927089710952714,24.28579680598341,345.5321413839047,76.53545392976619,0.015390217304229736,148.50184631347656,148.50184631347656,0.0,,-0.23237036168575287,4.07563591003418
Hopper-v5,P,0,4,10243,5.896291462006047,30.182088267989457,347.3369681937713,137.25968599043068,-0.09485018253326416,202.57449340820312,202.57449340820312,0.0,,-0.03017180971801281,4.0168328285217285
Hopper-v5,P,0,5,12292,5.967893201857805,36.14998146984726,343.337243260678,126.11574676939841,0.009780943393707275,315.1827392578125,315.1827392578125,0.0,,-0.00749022513628006,4.009457111358643
Hopper-v5,P,0,6,14342,5.864654047880322,42.014635517727584,349.55173540729777,181.73248941407613,0.3191024661064148,341.2489318847656,341.2489318847656,0.0,,0.31569069623947144,4.01221227645874
Hopper-v5,P,0,7,16392,5.807576204882935,47.82221172261052,352.9871890921356,182.15773798167214,0.42716509103775024,316.2533874511719,316.2533874511719,0.0,,0.020198989659547806,3.9821321964263916
Hopper-v5,P,0,8,18440,5.800165852997452,53.62237757560797,353.09335144987614,222.15526958673385,0.7098901867866516,209.17755126953125,209.17755126953125,0.0,,-0.1335502564907074,3.929628610610962
Hopper-v5,P,0,9,20488,5.92433371883817,59.54671129444614,345.69288247348027,227.9730012970624,0.3141605257987976,350.8733825683594,350.8733825683594,0.0,,-0.1741679459810257,3.9672162532806396
Hopper-v5,P,0,10,22536,5.881422508973628,65.42813380341977,348.2150783888162,261.46431333809636,0.5116128921508789,348.2757263183594,348.2757263183594,0.0,,0.4054258167743683,3.969233989715576
Hopper-v5,P,0,11,24584,5.859945109812543,71.28807891323231,349.4913282669835,289.2067529950673,0.8736871480941772,243.73802185058594,243.73802185058594,0.0,,-0.08246741443872452,3.944305658340454
Hopper-v5,P,0,12,26632,5.8967752021271735,77.18485411535949,347.3084745135298,259.4093241606779,0.6950421333312988,327.57501220703125,327.57501220703125,0.0,,0.0689217671751976,3.893747091293335
Hopper-v5,P,0,13,28682,5.861595697933808,83.0464498132933,349.7341177458926,268.141806485638,0.8261938095092773,180.04974365234375,180.04974365234375,0.0,,0.08547823131084442,3.8556196689605713
Hopper-v5,P,0,14,30730,5.821108829928562,88.86755864322186,351.82300483207655,301.7084963092101,0.8686671257019043,167.75457763671875,167.75457763671875,0.0,,-0.051027167588472366,3.8682727813720703
Hopper-v5,P,0,15,32780,5.81236181803979,94.67992046126164,352.6965567830668,278.0607561158196,0.5307536125183105,400.1971130371094,400.1971130371094,0.0,,0.15382634103298187,3.8596153259277344
Hopper-v5,P,0,16,34828,5.823009952204302,100.50293041346595,351.70814008736653,262.9423229080944,0.7799246907234192,142.09649658203125,142.09649658203125,0.0,,0.02254866436123848,3.833247184753418
Hopper-v5,P,0,17,36879,5.887514086905867,106.39044450037181,348.3643469425456,290.00713550011903,0.9278174042701721,149.909912109375,149.909912109375,0.0,,-0.1482299566268921,3.8287599086761475
Hopper-v5,P,0,18,38928,5.871227755909786,112.2616722562816,348.99003840168587,289.35878667740127,0.87169349193573,221.1655731201172,221.1655731201172,0.0,,0.09554395824670792,3.791708469390869
Hopper-v5,P,0,19,40979,5.846001703990623,118.10767396027222,350.8380776899085,284.10827493041984,0.8353959321975708,252.28294372558594,252.28294372558594,0.0,,0.0053914254531264305,3.8087291717529297
Hopper-v5,P,0,20,43027,5.78835781593807,123.8960317762103,353.8136489007112,307.1901179293447,0.8076493144035339,84.88832092285156,84.88832092285156,0.0,,0.11114901304244995,3.7842671871185303
Hopper-v5,P,0,21,45078,5.7768770039547235,129.67290878016502,355.0361204844642,320.7253544608175,0.7949196100234985,176.4682159423828,176.4682159423828,0.0,,0.10174722224473953,3.7556419372558594
Hopper-v5,P,0,22,47129,5.731413308065385,135.4043220882304,357.852398659469,321.20531403695543,0.5896064043045044,40.86125183105469,40.86125183105469,0.0,,0.04888361692428589,3.7421205043792725
Hopper-v5,P,0,23,49177,5.692727203946561,141.09704929217696,359.75727039584757,341.91865581573745,0.6325297355651855,53.45592498779297,53.45592498779297,0.0,,0.006237144581973553,3.739755392074585
Hopper-v5,P,0,24,51228,5.834263458149508,146.93131275032647,351.54394632883606,326.0340553253941,0.9606665372848511,76.5995101928711,76.5995101928711,0.0,,0.09906468540430069,3.726166009902954
Hopper-v5,P,0,25,53277,5.835344261024147,152.76665701135062,351.13609554895135,345.83773248262605,0.9633587598800659,63.31727600097656,63.31727600097656,0.0,,0.16706381738185883,3.7333931922912598
Hopper-v5,P,0,26,55326,5.88953131204471,158.65618832339533,347.9054429695585,287.41141461064075,0.8889524936676025,218.96807861328125,218.96807861328125,0.0,,0.014806721359491348,3.7219319343566895
Hopper-v5,P,0,27,57376,5.86771907703951,164.52390740043484,349.36914550352054,327.5208045565125,0.8725080490112305,298.7926330566406,298.7926330566406,0.0,,0.19684967398643494,3.7243502140045166
Hopper-v5,P,0,28,59427,5.880688734119758,170.4045961345546,348.7686719584557,267.5917181449743,0.8088644742965698,464.9296569824219,464.9296569824219,0.0,,0.08263131976127625,3.7055554389953613
Hopper-v5,P,0,29,61477,5.808995553990826,176.21359168854542,352.9009414702743,324.7141795740093,0.8198704719543457,186.54635620117188,186.54635620117188,0.0,,-0.019699571654200554,3.737934112548828
Hopper-v5,P,0,30,63528,5.835304934997112,182.04889662354253,351.4812032699736,330.785834922654,0.7819642424583435,340.7191162109375,340.7191162109375,0.0,,0.09563172608613968,3.731067180633545
Hopper-v5,P,0,31,65576,5.844347629928961,187.8932442534715,350.4240558025967,342.4116443331569,0.9797178506851196,35.65355682373047,35.65355682373047,0.0,,0.06769869476556778,3.740927219390869
Hopper-v5,P,0,32,67627,5.85964693990536,193.75289119337685,350.02108847758086,354.77698847324166,0.6623014807701111,16.233715057373047,16.233715057373047,0.0,,0.007332363165915012,3.7262988090515137
Hopper-v5,P,0,33,69676,5.845659825019538,199.5985510183964,350.516462013448,377.71724268234817,0.7905601263046265,33.11103057861328,33.11103057861328,0.0,,0.06103648990392685,3.726377487182617
Hopper-v5,P,0,34,71724,5.879258722066879,205.47780974046327,348.34323454981694,358.4542471327318,0.636285662651062,13.88620662689209,13.88620662689209,0.0,,0.0453050434589386,3.732814073562622
Hopper-v5,P,0,35,73773,5.746220746077597,211.22403048654087,356.58219385300487,356.64793067244966,0.8084077835083008,10.139721870422363,10.139721870422363,0.0,,0.10652048140764236,3.7359251976013184
Hopper-v5,P,0,36,75822,5.764101685024798,216.98813217156567,355.47603286099644,367.4803665870844,0.9935336709022522,13.267114639282227,13.267114639282227,0.0,,0.030793409794569016,3.7255265712738037
Hopper-v5,P,0,37,77871,5.834464051062241,222.8225962226279,351.1890693073947,345.4449416151741,0.6820079684257507,905.4785766601562,905.4785766601562,0.0,,0.26335635781288147,3.7079927921295166
Hopper-v5,P,0,38,79919,5.8115530838258564,228.63414930645376,352.40149585827453,366.29423840817867,0.311815083026886,5.267480373382568,5.267480373382568,0.0,,0.07694080471992493,3.7227113246917725
Hopper-v5,P,0,39,81970,5.838699422078207,234.47284872853197,351.27686009052576,354.70239773000014,0.8558323383331299,469.4466247558594,469.4466247558594,0.0,,0.1689458191394806,3.723237991333008
Hopper-v5,P,0,40,84019,5.831863865023479,240.30471259355545,351.34564993686644,373.65358983189685,0.9979599714279175,6.6865553855896,6.6865553855896,0.0,,0.10635888576507568,3.6931817531585693
Hopper-v5,P,0,41,86070,5.837731463834643,246.1424440573901,351.33510554676235,375.46450945092886,0.9927809238433838,18.110612869262695,18.110612869262695,0.0,,0.10850810259580612,3.6646647453308105
Hopper-v5,P,0,42,88118,5.748359767021611,251.8908038244117,356.27554346013505,379.9459783000764,0.9898133277893066,20.297452926635742,20.297452926635742,0.0,,0.07001122832298279,3.646951198577881
Hopper-v5,P,0,43,90166,5.860682883998379,257.7514867084101,349.4473324246435,366.3472298262678,0.9932950139045715,15.859185218811035,15.859185218811035,0.0,,-0.017032867297530174,3.637408971786499
Hopper-v5,P,0,44,92216,5.80374681786634,263.5552335262764,353.22009459290155,381.725760716476,0.954357385635376,24.957117080688477,24.957117080688477,0.0,,0.10148757696151733,3.6233606338500977
Hopper-v5,P,0,45,94266,5.851038187975064,269.4062717142515,350.3651718105547,414.69288071599755,0.9734710454940796,63.683128356933594,63.683128356933594,0.0,,0.008822894655168056,3.605782985687256
Hopper-v5,P,0,46,96314,5.76887158700265,275.17514330125414,355.00876889237287,382.7602451120682,0.944067656993866,188.1897430419922,188.1897430419922,0.0,,-0.012537244707345963,3.597057580947876
Hopper-v5,P,0,47,98364,5.885689846938476,281.0608331481926,348.30241710176693,402.05276917254326,0.9898960590362549,32.99003601074219,32.99003601074219,0.0,,-0.01691870391368866,3.5712108612060547
Hopper-v5,P,0,48,100412,5.788208215031773,286.8490413632244,353.8227934996215,470.9870960980435,0.7715244293212891,82.84881591796875,82.84881591796875,0.0,,0.018333878368139267,3.567789316177368
Hopper-v5,P,0,49,102463,5.768810333916917,292.6178516971413,355.5325762647163,438.39972479853213,0.8250309824943542,94.54044342041016,94.54044342041016,0.0,,-0.00330693949945271,3.5596468448638916
Hopper-v5,P,0,50,104511,5.867531412979588,298.4853831101209,349.0394606954488,408.57052022812474,0.6980997323989868,237.85447692871094,237.85447692871094,0.0,,0.019956624135375023,3.5520057678222656
Hopper-v5,P,0,51,106560,5.857878532959148,304.34326164308004,349.78533413954784,481.10914958019583,0.9652352929115295,102.91007995605469,102.91007995605469,0.0,,-0.05490906909108162,3.544142007827759
Hopper-v5,P,0,52,108611,5.833485618932173,310.1767472620122,351.59082133392457,536.9711581941509,0.739595890045166,105.2570571899414,105.2570571899414,0.0,,0.13815389573574066,3.5177571773529053
Hopper-v5,P,0,53,110659,5.754708740161732,315.93145600217395,355.88247685015637,499.9839440183826,0.9819653034210205,55.75836181640625,55.75836181640625,0.0,,0.17462287843227386,3.50628662109375
Hopper-v5,P,0,54,112707,5.701376896817237,321.6328328989912,359.21147418675037,494.5618356975115,0.9716866612434387,111.159423828125,111.159423828125,0.0,,0.08729580044746399,3.479473352432251
Hopper-v5,P,0,55,114755,5.621429892955348,327.25426279194653,364.3201176566319,509.0295161922047,0.72197425365448,968.50341796875,968.50341796875,0.0,,0.1928970366716385,3.4817349910736084
Hopper-v5,P,0,56,116805,5.718027085997164,332.9722898779437,358.5152656971896,462.08819830940627,0.9476456046104431,207.7343292236328,207.7343292236328,0.0,,0.025198867544531822,3.46256685256958
Hopper-v5,P,0,57,118856,5.68620739900507,338.65849727694876,360.69736048651134,556.1052897914493,0.9565176367759705,73.35295104980469,73.35295104980469,0.0,,-0.13489371538162231,3.4568536281585693
Hopper-v5,P,0,58,120904,5.702445746166632,344.3609430231154,359.14414466402104,512.2215575471218,0.9124605059623718,284.76080322265625,284.76080322265625,0.0,,0.1876528412103653,3.4374806880950928
Hopper-v5,P,0,59,122952,5.744241741951555,350.10518476506695,356.53095604298335,563.8221584661914,0.9860741496086121,44.914249420166016,44.914249420166016,0.0,,-0.0394635908305645,3.4770472049713135
Hopper-v5,P,0,60,125001,5.707152195041999,355.81233696010895,359.0231922989608,546.8312742219199,0.9803978800773621,67.2228775024414,67.2228775024414,0.0,,-0.06356891989707947,3.497109889984131
Hopper-v5,P,0,61,127049,5.758351483149454,361.5706884432584,355.657344987193,519.1110927017747,0.7395553588867188,166.1874237060547,166.1874237060547,0.0,,0.1573227345943451,3.496030807495117
Hopper-v5,P,0,62,129098,5.6975809298455715,367.268269373104,359.62630899488363,547.329968412882,0.9672046303749084,83.08195495605469,83.08195495605469,0.0,,-0.0157716553658247,3.4948556423187256
Hopper-v5,P,0,63,131149,5.759098873008043,373.027368246112,356.1321042103831,587.1807076244631,0.9877967834472656,45.990543365478516,45.990543365478516,0.0,,0.13534748554229736,3.510559320449829
Hopper-v5,P,0,64,133200,5.719266854925081,378.7466351010371,358.6123977120957,565.0276667751883,0.7165583372116089,83.06449127197266,83.06449127197266,0.0,,0.12626796960830688,3.5140554904937744
Hopper-v5,P,0,65,135250,5.663990936009213,384.4106260370463,361.9356074472124,569.1231761448047,0.9717691540718079,99.53961181640625,99.53961181640625,0.0,,0.14090687036514282,3.4935078620910645
Hopper-v5,P,0,66,137298,5.730358819011599,390.1409848560579,357.39472250940986,551.878433451595,0.976738452911377,60.222747802734375,60.222747802734375,0.0,,0.022077176719903946,3.461597442626953
Hopper-v5,P,0,67,139349,5.757036303170025,395.89802115922794,356.25969543923975,601.7638710667632,0.98879075050354,40.59381103515625,40.59381103515625,0.0,,0.13945256173610687,3.4752485752105713
Hopper-v5,P,0,68,141399,5.810473499121144,401.7084946583491,352.8111780064172,554.0832863054997,0.7876214981079102,44.570396423339844,44.570396423339844,0.0,,0.014148115180432796,3.499485492706299
Hopper-v5,P,0,69,143448,5.850170410005376,407.55866506835446,350.2462076139962,612.7079769681384,0.851527750492096,17.334217071533203,17.334217071533203,0.0,,0.08669997751712799,3.5313756465911865
Hopper-v5,P,0,70,145497,6.4103892939165235,413.969054362271,319.6373739648708,555.1190049742753,0.8384839296340942,286.5701599121094,286.5701599121094,0.0,,0.010023903101682663,3.5531251430511475
Hopper-v5,P,0,71,147548,7.355912794126198,421.3249671563972,278.82331634460826,618.4890696436054,0.9861623048782349,45.53065872192383,45.53065872192383,0.0,,0.04665699601173401,3.5619425773620605
Hopper-v5,P,0,72,149597,5.98523719701916,427.31020435341634,342.3423220420517,618.7522286433674,0.9941079020500183,27.35462760925293,27.35462760925293,0.0,,-0.01066755410283804,3.5397353172302246
Hopper-v5,P,0,73,151646,5.804505300009623,433.11470965342596,353.00165890047566,594.8558670362407,0.9971539974212646,15.467513084411621,15.467513084411621,0.0,,0.08025029301643372,3.5695950984954834
Hopper-v5,P,0,74,153697,5.770534552168101,438.88524420559406,355.4263442074703,622.5152268936644,0.8802053928375244,28.236358642578125,28.236358642578125,0.0,,0.06646495312452316,3.589024066925049
Hopper-v5,P,0,75,155747,5.782178295077756,444.6674225006718,354.5376664958811,616.4074477633433,0.9944697618484497,24.756919860839844,24.756919860839844,0.0,,0.08011961728334427,3.585754632949829
Hopper-v5,P,0,76,157797,5.715769320027903,450.3831918206997,358.65688155343406,631.7884904053419,0.9963502883911133,11.047378540039062,11.047378540039062,0.0,,0.06748305261135101,3.5805699825286865
Hopper-v5,P,0,77,159846,5.70497450302355,456.08816632372327,359.16023794919,620.9892206993133,0.990545392036438,36.373043060302734,36.373043060302734,0.0,,-0.061482787132263184,3.5714187622070312
Hopper-v5,P,0,78,161897,5.792779179988429,461.8809455037117,354.0614852168587,686.3126340255739,0.8198635578155518,36.21849822998047,36.21849822998047,0.0,,-0.05038509517908096,3.5377984046936035
Hopper-v5,P,0,79,163948,5.751028751023114,467.6319742547348,356.63184602148357,672.6382720190736,0.8046908974647522,83.05302429199219,83.05302429199219,0.0,,0.032751068472862244,3.503753900527954
Hopper-v5,P,0,80,165998,5.744702897965908,473.3766771527007,356.8504823331885,668.5592113869592,0.9129645824432373,328.1522521972656,328.1522521972656,0.0,,0.006367988884449005,3.5072760581970215
Hopper-v5,P,0,81,168049,5.798810935113579,479.1754880878143,353.6932007181965,680.0172098164148,0.995232343673706,29.974668502807617,29.974668502807617,0.0,,0.062195174396038055,3.5182764530181885
Hopper-v5,P,0,82,170099,5.765395052963868,484.94088314077817,355.56973653455685,670.7494331499661,0.9956183433532715,15.182477951049805,15.182477951049805,0.0,,0.05108433961868286,3.5115532875061035
Hopper-v5,P,0,83,172147,5.719727229094133,490.6606103698723,358.0590328822995,715.6757024390342,0.9853759407997131,55.51166915893555,55.51166915893555,0.0,,0.057886701077222824,3.4986681938171387
Hopper-v5,P,0,84,174198,5.6906105789821595,496.35122094885446,360.4182664642725,681.9125369078217,0.7865734100341797,38.0095329284668,38.0095329284668,0.0,,-0.04480414837598801,3.5105834007263184
Hopper-v5,P,0,85,176249,5.689549304079264,502.0407702529337,360.4854954907385,720.0393806021906,0.9876602292060852,51.671268463134766,51.671268463134766,0.0,,0.0761774405837059,3.4979376792907715
Hopper-v5,P,0,86,178297,5.768102502217516,507.80887275515124,355.0561036688681,764.4444396979763,0.9949080944061279,15.952631950378418,15.952631950378418,0.0,,0.08775899559259415,3.49052095413208
Hopper-v5,P,0,87,180345,5.779679232975468,513.5885519881267,354.34492425034773,779.4339466818342,0.9901877045631409,42.01858139038086,42.01858139038086,0.0,,0.15805914998054504,3.4726674556732178
Hopper-v5,P,0,88,182393,5.77649112790823,519.3650431160349,354.540490870903,758.1282714933861,0.9930796027183533,39.46210479736328,39.46210479736328,0.0,,-0.07408871501684189,3.503013849258423
Hopper-v5,P,0,89,184441,5.7165709340479225,525.0816140500829,358.25672831279024,732.686803901995,0.891156792640686,59.06666946411133,59.06666946411133,0.0,,0.22869844734668732,3.4694318771362305
Hopper-v5,P,0,90,186491,5.781484873965383,530.8630989240482,354.580189119124,790.0528555577731,0.9898973107337952,26.3854923248291,26.3854923248291,0.0,,0.0640636757016182,3.443939447402954
Hopper-v5,P,0,91,188540,5.76662759995088,536.6297265239991,355.32032621934064,842.8114271276189,0.9905184507369995,29.546833038330078,29.546833038330078,0.0,,0.07583202421665192,3.4571592807769775
Hopper-v5,P,0,92,190588,5.747448373120278,542.3771748971194,356.33203937561336,816.7452662255378,0.988893449306488,34.84196090698242,34.84196090698242,0.0,,0.04817720130085945,3.4749298095703125
Hopper-v5,P,0,93,192638,5.797830509953201,548.1750054070726,353.5805326631646,917.9938661520537,0.9976510405540466,12.604787826538086,12.604787826538086,0.0,,0.04512632638216019,3.4882540702819824
Hopper-v5,P,0,94,194686,5.998233926016837,554.1732393330894,341.43383290154316,834.2175455600848,0.6878963112831116,32.23202133178711,32.23202133178711,0.0,,0.09702181816101074,3.465301752090454
Hopper-v5,P,0,95,196737,5.957980958046392,560.1312202911358,344.24413479033984,821.6033762800602,0.9922658801078796,27.267822265625,27.267822265625,0.0,,0.07996474206447601,3.4688777923583984
Hopper-v5,P,0,96,198786,5.8150207221042365,565.9462410132401,352.3633187086123,823.770712641819,0.6797263622283936,73.31780242919922,73.31780242919922,0.0,,0.03037499263882637,3.449190139770508
Hopper-v5,P,0,97,200836,5.925422462867573,571.8716634761076,345.9668931365806,952.3577139117436,0.9930071234703064,16.707637786865234,16.707637786865234,0.0,,-0.06267998367547989,3.453373432159424
Hopper-v5,P,0,98,202884,5.891972145065665,577.7636356211733,347.5915957469577,948.9722344612762,0.9960777759552002,21.020336151123047,21.020336151123047,0.0,,0.0219385027885437,3.460963726043701
Hopper-v5,P,0,99,204934,5.906504855956882,583.6701404771302,347.0749707303661,922.2451433147882,0.985731303691864,71.36573028564453,71.36573028564453,0.0,,0.10419369488954544,3.4181618690490723
Hopper-v5,P,0,100,206982,5.922805698122829,589.592946175253,345.7820675510412,874.6643225136092,0.9911701083183289,29.436391830444336,29.436391830444336,0.0,,0.063144750893116,3.4431684017181396
Hopper-v5,P,0,101,209032,6.102556413039565,595.6955025882926,335.9247930293093,957.8269215199407,0.2685531973838806,32.81022262573242,32.81022262573242,0.0,,0.0381038635969162,3.4245455265045166
Hopper-v5,P,0,102,211082,5.884911803063005,601.5804143913556,348.34846614574695,1063.0850508569938,0.9942591786384583,26.711626052856445,26.711626052856445,0.0,,0.09534285217523575,3.4156107902526855
Hopper-v5,P,0,103,213133,5.963541419943795,607.5439558112994,343.9231583335478,1150.0641891157404,0.9872573018074036,28.7164363861084,28.7164363861084,0.0,,0.0015105251222848892,3.382631540298462
Hopper-v5,P,0,104,215184,6.030163265066221,613.5741190763656,340.1234609818606,1301.3870409856263,0.6975102424621582,22.375059127807617,22.375059127807617,0.0,,-0.05105195939540863,3.3614585399627686
Hopper-v5,P,0,105,217233,5.869155091000721,619.4432741673663,349.1132826157155,922.358367842235,0.9943427443504333,34.80973434448242,34.80973434448242,0.0,,-0.03848598152399063,3.337263345718384
Hopper-v5,P,0,106,219283,6.117721546906978,625.5609957142733,335.0920737862689,1117.4370863572574,0.9937863945960999,24.328956604003906,24.328956604003906,0.0,,0.001951778307557106,3.3585259914398193
Hopper-v5,P,0,107,221332,6.024285065941513,631.5852807802148,340.1233470149158,958.2073236871778,0.9922369122505188,33.58429718017578,33.58429718017578,0.0,,0.0032419487833976746,3.3443105220794678
Hopper-v5,P,0,108,223382,5.918402137001976,637.5036829172168,346.3772742280144,1052.9578869904199,0.6504424810409546,22.075237274169922,22.075237274169922,0.0,,0.12749144434928894,3.3389065265655518
Hopper-v5,P,0,109,225433,5.9745587289799005,643.4782416461967,343.28895120764656,1089.6487034351908,0.9936369061470032,28.228805541992188,28.228805541992188,0.0,,0.028721585869789124,3.3487436771392822
Hopper-v5,P,0,110,227483,5.876311379019171,649.3545530252159,348.85830034795913,1222.3953087018504,0.9958850145339966,19.32476043701172,19.32476043701172,0.0,,0.08031976968050003,3.3611066341400146
Hopper-v5,P,0,111,229533,5.876988023053855,655.2315410482697,348.8181347245217,1010.2503135427277,0.9819114208221436,60.99327087402344,60.99327087402344,0.0,,-0.035332322120666504,3.4017255306243896
Hopper-v5,P,0,112,231583,5.814863420790061,661.0464044690598,352.5448237822012,1092.2069248738535,0.9941858649253845,20.504281997680664,20.504281997680664,0.0,,0.06504708528518677,3.377296209335327
Hopper-v5,P,0,113,233633,5.826242254115641,666.8726467231754,351.85629271626766,1105.8456506068264,0.9898405075073242,25.333524703979492,25.333524703979492,0.0,,0.03783923387527466,3.358790874481201
Hopper-v5,P,0,114,235683,5.909280997002497,672.7819277201779,346.9119172095335,1075.0567041265824,0.7098678350448608,183.107666015625,183.107666015625,0.0,,0.0486600361764431,3.3445096015930176
Hopper-v5,P,0,115,237733,5.924625481013209,678.7065532011911,346.0134326751429,1099.8121830089424,0.9920836091041565,48.66167068481445,48.66167068481445,0.0,,0.09191564470529556,3.3192296028137207
Hopper-v5,P,0,116,239783,6.35507367295213,685.0616268741433,322.57690555579524,836.3150719942802,0.8125196099281311,21.202001571655273,21.202001571655273,0.0,,0.013009265065193176,3.3222501277923584
Hopper-v5,P,0,117,241833,6.001202073181048,691.0628289473243,341.59822898837325,1234.3724260443407,0.9951726794242859,20.87857437133789,20.87857437133789,0.0,,-0.026736333966255188,3.3098034858703613
Hopper-v5,P,0,118,243881,5.870125726098195,696.9329546734225,348.88520204852273,970.994320723163,0.5280194282531738,21.805477142333984,21.805477142333984,0.0,,-0.00010827987716766074,3.2912158966064453
Hopper-v5,P,0,119,245932,5.8529613527935,702.785916026216,350.42090257799146,1357.6387618357617,0.9960633516311646,14.202880859375,14.202880859375,0.0,,0.0052471160888671875,3.250070333480835
Hopper-v5,P,0,120,247982,5.8847679200116545,708.6706839462277,348.3569832939036,1202.8744270475493,0.9950547218322754,23.16164779663086,23.16164779663086,0.0,,0.06030280888080597,3.216697931289673
Hopper-v5,P,0,121,250030,6.070832091150805,714.7415160373785,337.3507896858625,1400.5803673517455,0.9937323927879333,18.26776695251465,18.26776695251465,0.0,,0.02809174731373787,3.198524236679077
Hopper-v5,P,0,122,252081,5.851020219968632,720.5925362573471,350.537158118212,1209.1575653075415,0.7844666242599487,16.718952178955078,16.718952178955078,0.0,,0.09093111753463745,3.200472116470337
Hopper-v5,P,0,123,254131,6.142763613956049,726.7352998713031,333.7260114230187,1324.1307735897924,0.9977006316184998,13.950254440307617,13.950254440307617,0.0,,0.029975328594446182,3.2131614685058594
Hopper-v5,P,0,124,256179,5.948647418990731,732.6839472902939,344.2799439519431,1219.1060730497418,0.9977365732192993,10.033880233764648,10.033880233764648,0.0,,0.06878527998924255,3.2199363708496094
Hopper-v5,P,0,125,258227,5.913291329983622,738.5972386202775,346.3384240203962,1753.2743368897986,0.997880220413208,8.28536319732666,8.28536319732666,0.0,,0.0028878794983029366,3.197244167327881
Hopper-v5,P,0,126,260276,5.846422804985195,744.4436614252627,350.47071830878104,1521.599322166551,0.9947586059570312,17.901165008544922,17.901165008544922,0.0,,0.04560123756527901,3.1605336666107178
Hopper-v5,P,0,127,262326,5.80512211099267,750.2487835362554,353.13641312007684,1418.7509274655895,0.7143946290016174,17.916950225830078,17.916950225830078,0.0,,0.061985667794942856,3.137948513031006
Hopper-v5,P,0,128,264375,6.089549842989072,756.3383333792444,336.47807355728,1102.8554218651605,0.993948221206665,25.993427276611328,25.993427276611328,0.0,,-0.05910065025091171,3.107360601425171
Hopper-v5,P,0,129,266426,5.715462923049927,762.0537963022944,358.85107254016276,1626.602718491788,0.9961350560188293,17.687278747558594,17.687278747558594,0.0,,0.07196813821792603,3.090125799179077
Hopper-v5,P,0,130,268474,5.805487109115347,767.8592834114097,352.7697093297101,1443.4116935082943,0.9935269951820374,26.290714263916016,26.290714263916016,0.0,,0.009846007451415062,3.1141321659088135
Hopper-v5,P,0,131,270522,5.83358733006753,773.6928707414772,351.0704278727738,1602.3739239921133,0.9804167151451111,24.839588165283203,24.839588165283203,0.0,,0.06668198853731155,3.128978729248047
Hopper-v5,P,0,132,272570,6.031603754963726,779.724474496441,339.5448512867896,1526.158856547265,0.9967527985572815,11.494680404663086,11.494680404663086,0.0,,-0.05584830790758133,3.139401912689209
Hopper-v5,P,0,133,274621,5.960505631985143,785.6849801284261,344.0983243089254,1318.3148196256939,0.6426382660865784,26.379024505615234,26.379024505615234,0.0,,-0.075444795191288,3.129901885986328
Hopper-v5,P,0,134,276669,5.981766206910834,791.6667463353369,342.37379549102263,1881.2931040460107,0.9943147301673889,14.573751449584961,14.573751449584961,0.0,,0.043372251093387604,3.1310064792633057
Hopper-v5,P,0,135,278720,5.930647897999734,797.5973942333367,345.83068077465083,1205.5615809876492,0.39875543117523193,19.587886810302734,19.587886810302734,0.0,,0.03803800418972969,3.1456074714660645
Hopper-v5,P,0,136,280771,5.942222767975181,803.5396170013119,345.1570363624857,1322.6617307602678,0.8805594444274902,369.0093688964844,369.0093688964844,0.0,,0.09116122126579285,3.118943452835083
Hopper-v5,P,0,137,282819,6.064272369956598,809.6038893712685,337.71570191110294,1603.5638760638276,0.9948732256889343,18.89764404296875,18.89764404296875,0.0,,-0.0059929508715868,3.116912603378296
Hopper-v5,P,0,138,284867,5.92003459809348,815.5239239693619,345.9439241553671,877.3373895617326,0.9776914119720459,111.52893829345703,111.52893829345703,0.0,,0.11246217787265778,3.1407055854797363
Hopper-v5,P,0,139,286916,6.0491090370342135,821.5730330063961,338.72756920986063,1105.5442612714444,0.8130698204040527,17.169946670532227,17.169946670532227,0.0,,0.03441527485847473,3.1081671714782715
Hopper-v5,P,0,140,288967,6.398587575880811,827.971620582277,320.5394902667509,1593.8280170790736,0.9874163269996643,19.139202117919922,19.139202117919922,0.0,,0.030387531965970993,3.0831167697906494
Hopper-v5,P,0,141,291016,6.1154756809119135,834.0870962631889,335.0516144468523,2235.421556769846,0.9959650039672852,12.406435012817383,12.406435012817383,0.0,,-0.06300001591444016,3.086773157119751
Hopper-v5,P,0,142,293067,5.952858570031822,840.0399548332207,344.5403541628297,1190.3242801993845,0.9936012029647827,35.105682373046875,35.105682373046875,0.0,,0.06621338427066803,3.1192286014556885
Hopper-v5,P,0,143,295118,5.795565047999844,845.8355198812205,353.8912915329693,1615.1135346697029,0.992659866809845,18.061098098754883,18.061098098754883,0.0,,-0.005358188413083553,3.0992014408111572
Hopper-v5,P,0,144,297168,6.021962721832097,851.8574826030526,340.42057294175953,1909.1547645328376,0.9958323240280151,10.286822319030762,10.286822319030762,0.0,,-0.026104558259248734,3.0762746334075928
Hopper-v5,P,0,145,299219,6.030709806131199,857.8881924091838,340.0926368426523,1750.5864007765674,0.9948304891586304,22.420949935913086,22.420949935913086,0.0,,0.06290242820978165,3.0726256370544434
Hopper-v5,P,0,146,301268,5.895737338112667,863.7839297472965,347.53922749481274,1361.1278061608575,0.9964511394500732,12.139888763427734,12.139888763427734,0.0,,0.009587373584508896,3.0377867221832275
Hopper-v5,P,1,0,2049,6.113660315051675,6.113660315051675,335.15110333418664,10.9717258617516,0.40944093465805054,4.847979545593262,4.847979545593262,0.0,,0.05505504459142685,4.237887859344482
Hopper-v5,P,1,1,4100,5.9898138688877225,12.103474183939397,342.41464674775614,14.086792219529302,0.5086455941200256,22.50227165222168,22.50227165222168,0.0,,0.005452532786875963,4.211874485015869
Hopper-v5,P,1,2,6150,5.913889868883416,18.017364052822813,346.64155833985023,30.28293123007409,0.6638392806053162,49.14365768432617,49.14365768432617,0.0,,-0.02742002159357071,4.170406341552734
Hopper-v5,P,1,3,8201,5.749512579990551,23.766876632813364,356.7258913630155,100.09174504122745,0.37842315435409546,146.51559448242188,146.51559448242188,0.0,,-0.021164819598197937,4.145089626312256
Hopper-v5,P,1,4,10250,5.847497161012143,29.614373793825507,350.40632660099294,126.57696481685609,0.1535094976425171,264.302734375,264.302734375,0.0,,-0.003890707390382886,4.134227275848389
Hopper-v5,P,1,5,12299,5.73010273091495,35.34447652474046,357.58521203211086,147.47929564831384,0.3832548260688782,213.6286163330078,213.6286163330078,0.0,,-0.09357273578643799,4.118921279907227
Hopper-v5,P,1,6,14348,5.737019813852385,41.08149633859284,357.15407415058326,158.53033510879743,0.5505488514900208,212.44862365722656,212.44862365722656,0.0,,0.2122710645198822,4.1075358390808105
Hopper-v5,P,1,7,16398,5.715539654018357,46.7970359926112,358.6712933675004,185.3992036413832,0.548883318901062,205.085205078125,205.085205078125,0.0,,-0.2102736532688141,4.088068008422852
Hopper-v5,P,1,8,18449,5.705765175865963,52.50280116847716,359.4609902060542,174.56886576441957,0.5761853456497192,213.5259246826172,213.5259246826172,0.0,,0.13510790467262268,4.091236591339111
Hopper-v5,P,1,9,20499,5.705681424122304,58.208482592599466,359.291002707069,199.0439987085923,0.6825766563415527,200.04373168945312,200.04373168945312,0.0,,0.11214671283960342,4.0772199630737305
Hopper-v5,P,1,10,22550,5.677380115957931,63.8858627085574,361.2581786157082,223.49617089222392,0.7906633615493774,146.37155151367188,146.37155151367188,0.0,,0.03816957026720047,4.058927536010742
Hopper-v5,P,1,11,24599,5.689208868891001,69.5750715774484,360.15552376782614,237.39521245410526,0.6134200096130371,161.58047485351562,161.58047485351562,0.0,,-0.13331468403339386,4.071822643280029
Hopper-v5,P,1,12,26648,5.673809959087521,75.24888153653592,361.13299789292313,252.7095548927808,0.811957836151123,177.6193389892578,177.6193389892578,0.0,,0.17433731257915497,4.065983772277832
Hopper-v5,P,1,13,28698,5.79950187006034,81.04838340659626,353.4786341880551,262.94149005357184,0.7885785102844238,133.43699645996094,133.43699645996094,0.0,,0.04209141805768013,4.080917835235596
Hopper-v5,P,1,14,30748,5.792506437981501,86.84088984457776,353.90551947566894,283.7170935092011,0.9124094247817993,139.47286987304688,139.47286987304688,0.0,,0.025793518871068954,4.077351093292236
Hopper-v5,P,1,15,32799,5.769988800864667,92.61087864544243,355.4599620180624,305.8046878906493,0.9057334065437317,150.79937744140625,150.79937744140625,0.0,,0.05731122940778732,4.0786566734313965
Hopper-v5,P,1,16,34847,5.632759015075862,98.24363766051829,363.58736358480934,303.47791502528196,0.7053219079971313,97.99083709716797,97.99083709716797,0.0,,0.15845021605491638,4.091215133666992
Hopper-v5,P,1,17,36898,5.715320913121104,103.95895857363939,358.8599889975313,314.81679203720057,0.9229538440704346,155.87049865722656,155.87049865722656,0.0,,0.02310570515692234,4.084512233734131
Hopper-v5,P,1,18,38946,5.665883207926527,109.62484178156592,361.4617394751208,336.4319567402673,0.8137937784194946,99.70349884033203,99.70349884033203,0.0,,0.13625690340995789,4.063570022583008
Hopper-v5,P,1,19,40997,5.665434194961563,115.29027597652748,362.019913994238,334.06964514437516,0.9741631150245667,89.33695983886719,89.33695983886719,0.0,,0.0010246578603982925,4.0582966804504395
Hopper-v5,P,1,20,43045,5.6603968848939985,120.95067286142148,361.81208520298884,337.4286540992807,0.9679675698280334,75.44747924804688,75.44747924804688,0.0,,0.02461925707757473,4.053920745849609
Hopper-v5,P,1,21,45093,5.658244608901441,126.60891747032292,361.94971083048017,348.48621167495907,0.8492090702056885,64.56949615478516,64.56949615478516,0.0,,0.11940772086381912,4.024670600891113
Hopper-v5,P,1,22,47141,5.675705274101347,132.28462274442427,360.8362134914179,336.07786308382333,0.9768672585487366,58.93568420410156,58.93568420410156,0.0,,0.15800583362579346,3.9838030338287354
Hopper-v5,P,1,23,49192,5.687375147128478,137.97199789155275,360.62330107334975,335.6813133854034,0.9883783459663391,35.50249481201172,35.50249481201172,0.0,,0.10926299542188644,4.010977268218994
Hopper-v5,P,1,24,51240,5.7367718098685145,143.70876970142126,356.99520006652307,345.5074391877712,0.7858000993728638,27.140485763549805,27.140485763549805,0.0,,0.07613696902990341,4.009270668029785
Hopper-v5,P,1,25,53291,5.792342573869973,149.50111227529123,354.0881731084645,334.3814321870843,0.8644956350326538,24.806049346923828,24.806049346923828,0.0,,0.08402200043201447,3.988306999206543
Hopper-v5,P,1,26,55339,5.7473652409389615,155.2484775162302,356.3371935042383,346.4424988833661,0.9936412572860718,23.635948181152344,23.635948181152344,0.0,,0.018499262630939484,3.9611973762512207
Hopper-v5,P,1,27,57387,5.771661922102794,161.020139438333,354.83713835647717,360.3465049773897,0.9920214414596558,29.243087768554688,29.243087768554688,0.0,,0.09963685274124146,3.9589688777923584
Hopper-v5,P,1,28,59436,5.790447602048516,166.8105870403815,353.8586549466599,360.8233998573736,0.8594614267349243,18.614822387695312,18.614822387695312,0.0,,0.035653006285429,3.9559459686279297
Hopper-v5,P,1,29,61485,5.762429135851562,172.57301617623307,355.5792100334788,376.10908034547134,0.9664063453674316,85.78659057617188,85.78659057617188,0.0,,0.1304653286933899,3.9515416622161865
Hopper-v5,P,1,30,63533,5.792847176082432,178.3658633523155,353.53944921174576,360.15302738872083,0.9490575790405273,147.548828125,147.548828125,0.0,,-0.01939345896244049,3.9445650577545166
Hopper-v5,P,1,31,65582,5.7619782709516585,184.12784162326716,355.60703349573436,385.579448493924,0.9860182404518127,23.987577438354492,23.987577438354492,0.0,,0.1036180853843689,3.9052984714508057
Hopper-v5,P,1,32,67630,5.732650598976761,189.86049222224392,357.25184443746735,381.64696987895394,0.8564214110374451,10.17588996887207,10.17588996887207,0.0,,0.11104416847229004,3.896691083908081
Hopper-v5,P,1,33,69678,5.65204639500007,195.512538617244,362.3466363991116,405.98366131935245,0.8312751054763794,38.93960189819336,38.93960189819336,0.0,,0.16692112386226654,3.8841440677642822
Hopper-v5,P,1,34,71729,5.650165020953864,201.16270363819785,362.99824737751624,361.15265193362507,0.975767195224762,56.50840759277344,56.50840759277344,0.0,,-0.08872903883457184,3.8615758419036865
Hopper-v5,P,1,35,73777,5.739895723061636,206.9025993612595,356.8009069871404,379.43064762752385,0.9865850210189819,31.966758728027344,31.966758728027344,0.0,,-0.00475374236702919,3.846252918243408
Hopper-v5,P,1,36,75825,5.689164268784225,212.59176363004372,359.9825744595098,364.19112326063157,0.8706828951835632,25.604507446289062,25.604507446289062,0.0,,-0.011020619422197342,3.8350636959075928
Hopper-v5,P,1,37,77874,5.666502215899527,218.25826584594324,361.5987291508951,387.413959093919,0.8365084528923035,38.071868896484375,38.071868896484375,0.0,,0.08091063797473907,3.8242104053497314
Hopper-v5,P,1,38,79924,5.753839846001938,224.01210569194518,356.283813047811,383.93557397155166,0.9853711128234863,49.0814208984375,49.0814208984375,0.0,,0.024323511868715286,3.8097918033599854
Hopper-v5,P,1,39,81973,5.79560005501844,229.80770574696362,353.5440645573465,391.75566858308713,0.9853422045707703,47.24491882324219,47.24491882324219,0.0,,0.055397771298885345,3.7896924018859863
Hopper-v5,P,1,40,84022,5.657447844045237,235.46515359100886,362.17744404956045,396.46531433156247,0.984820544719696,39.81306076049805,39.81306076049805,0.0,,-0.04022344574332237,3.785757303237915
Hopper-v5,P,1,41,86071,5.773146159015596,241.23829975002445,354.919127900511,386.4866225856158,0.9893653988838196,25.575725555419922,25.575725555419922,0.0,,0.06100238487124443,3.779752492904663
Hopper-v5,P,1,42,88119,5.9610580580774695,247.19935780810192,343.56316949889106,374.7547711214984,0.9799848794937134,53.2639274597168,53.2639274597168,0.0,,0.026107758283615112,3.807922601699829
Hopper-v5,P,1,43,90169,5.747196140931919,252.94655394903384,356.695673808618,419.12411565645743,0.9667792320251465,94.14280700683594,94.14280700683594,0.0,,0.14249999821186066,3.7729876041412354
Hopper-v5,P,1,44,92219,5.6446237491909415,258.5911776982248,363.17743946951856,457.55072715298394,0.84596848487854,62.0565299987793,62.0565299987793,0.0,,0.036581359803676605,3.7487218379974365
Hopper-v5,P,1,45,94267,5.6274059899151325,264.2185836881399,363.9332231707146,480.5671509753465,0.9837669134140015,38.091392517089844,38.091392517089844,0.0,,0.06355439126491547,3.714937686920166
Hopper-v5,P,1,46,96317,5.6500901081599295,269.86867379629984,362.8260719310237,409.2408976358621,0.9780693054199219,28.507110595703125,28.507110595703125,0.0,,0.03350124508142471,3.718170166015625
Hopper-v5,P,1,47,98366,5.762187058106065,275.6308608544059,355.5941484262526,425.7622330474364,0.6713627576828003,75.00723266601562,75.00723266601562,0.0,,0.01155808661133051,3.7297654151916504
Hopper-v5,P,1,48,100416,5.753327985992655,281.38418884039856,356.31551077759417,448.87928003204905,0.4188706874847412,143.89964294433594,143.89964294433594,0.0,,-0.09840232878923416,3.7008862495422363
Hopper-v5,P,1,49,102466,5.768207807093859,287.1523966474924,355.396349881651,450.56478360548806,0.9791449904441833,53.96159744262695,53.96159744262695,0.0,,0.1130419448018074,3.6912386417388916
Hopper-v5,P,1,50,104514,5.653663268079981,292.8060599155724,362.24301004320574,477.3360824533344,0.9874165654182434,41.363590240478516,41.363590240478516,0.0,,0.09446660429239273,3.6706395149230957
Hopper-v5,P,1,51,106565,5.669110652990639,298.47517056856304,361.785141540328,480.35445427392307,0.8466717600822449,58.32454299926758,58.32454299926758,0.0,,0.014414490200579166,3.659177780151367
Hopper-v5,P,1,52,108613,5.667278531938791,304.14244910050184,361.37274504123826,513.9590963537527,0.8749593496322632,122.6378402709961,122.6378402709961,0.0,,0.12185514718294144,3.6283211708068848
Hopper-v5,P,1,53,110661,5.728939381195232,309.87138848169707,357.4832728589152,527.8576197252477,0.9870284795761108,56.674625396728516,56.674625396728516,0.0,,0.07045779377222061,3.6179451942443848
Hopper-v5,P,1,54,112709,5.729762357892469,315.60115083958954,357.4319268545195,541.8017421739107,0.6814310550689697,43.63547134399414,43.63547134399414,0.0,,0.05689035728573799,3.6097848415374756
Hopper-v5,P,1,55,114757,5.666770681971684,321.2679215215612,361.40513088266056,523.0847773920576,0.994214653968811,30.03042221069336,30.03042221069336,0.0,,0.056662071496248245,3.617870330810547
Hopper-v5,P,1,56,116806,5.617550515802577,326.8854720373638,364.74972396527886,570.544250519337,0.9938932061195374,31.280254364013672,31.280254364013672,0.0,,-0.024741971865296364,3.6454827785491943
Hopper-v5,P,1,57,118855,5.728492844151333,332.61396488151513,357.6857047298199,567.0608676259105,0.9926437735557556,35.02788543701172,35.02788543701172,0.0,,-0.03651482239365578,3.6400294303894043
Hopper-v5,P,1,58,120903,5.6471134829334915,338.2610783644486,362.6631563522486,543.6447551155278,0.977044403553009,52.67314529418945,52.67314529418945,0.0,,0.05430609732866287,3.6333534717559814
Hopper-v5,P,1,59,122951,5.744521362008527,344.00559972645715,356.5136015586045,564.0717668594269,0.6962428092956543,34.44345474243164,34.44345474243164,0.0,,-0.06338359415531158,3.651939868927002
Hopper-v5,P,1,60,125000,5.748765121912584,349.75436484836973,356.4243722864622,550.6220767169216,0.9967895150184631,21.85079574584961,21.85079574584961,0.0,,-0.010745851323008537,3.649770975112915
Hopper-v5,P,1,61,127050,5.737367633031681,355.4917324814014,357.306718188592,562.782357503131,0.991640031337738,24.859943389892578,24.859943389892578,0.0,,0.004739164840430021,3.634675979614258
Hopper-v5,P,1,62,129099,5.630233414005488,361.1219658954069,363.92807355073586,534.132077348929,0.9828118681907654,43.25408935546875,43.25408935546875,0.0,,-0.05889610946178436,3.629729747772217
Hopper-v5,P,1,63,131147,5.606188662815839,366.72815455822274,365.31057429154447,552.3995588507664,0.8151605129241943,17.49372100830078,17.49372100830078,0.0,,0.013871897011995316,3.620084762573242
Hopper-v5,P,1,64,133198,5.626764915883541,372.3549194741063,364.50785320892373,515.5917183989769,0.9660232067108154,125.56388854980469,125.56388854980469,0.0,,-0.03405332192778587,3.5589773654937744
Hopper-v5,P,1,65,135247,5.74093760503456,378.09585707914084,356.9103413008902,558.0879351251936,0.8637226819992065,45.37872314453125,45.37872314453125,0.0,,0.1304195374250412,3.559328079223633
Hopper-v5,P,1,66,137297,5.779065735870972,383.8749228150118,354.72861768564763,566.1738611004434,0.993137001991272,22.376251220703125,22.376251220703125,0.0,,-0.005062807351350784,3.54897141456604
Hopper-v5,P,1,67,139346,5.77905967598781,389.6539824909996,354.55595112015624,557.6541598836515,0.9862909317016602,40.61157989501953,40.61157989501953,0.0,,0.008957218378782272,3.545785427093506
Hopper-v5,P,1,68,141394,5.667725707171485,395.3217081981711,361.3442332624928,569.9026065230294,0.9905562996864319,33.42868423461914,33.42868423461914,0.0,,0.08215054869651794,3.5023958683013916
Hopper-v5,P,1,69,143444,5.7619558200240135,401.0836640181951,355.7819712667385,566.6530266401361,0.795052170753479,26.512876510620117,26.512876510620117,0.0,,0.06260897219181061,3.489469528198242
Hopper-v5,P,1,70,145493,5.6838525698985904,406.7675165880937,360.49492396256113,588.023205011394,0.9962804317474365,19.315628051757812,19.315628051757812,0.0,,0.05527208000421524,3.482921838760376
Hopper-v5,P,1,71,147543,5.713976159924641,412.48149274801835,358.76943526257844,587.1434322036206,0.9173455834388733,28.144956588745117,28.144956588745117,0.0,,0.10353004187345505,3.497680902481079
Hopper-v5,P,1,72,149593,5.645299343857914,418.12679209187627,363.13397662967157,600.6404905749062,0.9927598834037781,21.296205520629883,21.296205520629883,0.0,,0.026738887652754784,3.476036310195923
Hopper-v5,P,1,73,151642,5.781207649037242,423.9079997409135,354.4242179817265,583.123382695835,0.9965460896492004,14.908432006835938,14.908432006835938,0.0,,-0.02380070835351944,3.4904818534851074
Hopper-v5,P,1,74,153693,5.775782574899495,429.683782315813,355.10339480458885,596.3779554044027,0.995335578918457,21.979829788208008,21.979829788208008,0.0,,0.1040540337562561,3.483823299407959
Hopper-v5,P,1,75,155742,5.763346663909033,435.44712897972204,355.52260162158115,586.8220638155917,0.8537402749061584,14.756570816040039,14.756570816040039,0.0,,0.03370790556073189,3.4469542503356934
Hopper-v5,P,1,76,157793,5.710793667007238,441.1579226467293,359.14447616084755,641.0718495437654,0.6781066656112671,42.9142951965332,42.9142951965332,0.0,,0.11831173300743103,3.4269187450408936
Hopper-v5,P,1,77,159843,5.791350923012942,446.9492735697422,353.97613221018395,608.2208118936235,0.8364303112030029,33.65302658081055,33.65302658081055,0.0,,0.1558193415403366,3.4014220237731934
Hopper-v5,P,1,78,161892,5.655976496171206,452.6052500659134,362.27166102742177,615.218976529903,0.9887278079986572,47.470645904541016,47.470645904541016,0.0,,0.008179722353816032,3.4227824211120605
Hopper-v5,P,1,79,163943,5.767002530163154,458.3722525960766,355.6440263850509,635.234023709176,0.7915378212928772,28.43964195251465,28.43964195251465,0.0,,0.06979833543300629,3.4370031356811523
Hopper-v5,P,1,80,165993,5.6341409829910845,464.00639357906766,363.85315990294663,647.0520250628862,0.8483494520187378,17.571386337280273,17.571386337280273,0.0,,0.08768592774868011,3.463197708129883
Hopper-v5,P,1,81,168043,5.64016781700775,469.6465613960754,363.46436249969173,650.2857855752836,0.9957467913627625,17.676815032958984,17.676815032958984,0.0,,-0.03402822092175484,3.470487356185913
Hopper-v5,P,1,82,170091,5.708963027922437,475.35552442399785,358.7341501395732,639.266081179545,0.9906387329101562,13.204689025878906,13.204689025878906,0.0,,0.01345793902873993,3.4792728424072266
Hopper-v5,P,1,83,172140,5.590150090865791,480.94567451486364,366.5375645902658,668.0808348304544,0.8582973480224609,22.818063735961914,22.818063735961914,0.0,,0.14004933834075928,3.4555509090423584
Hopper-v5,P,1,84,174191,5.760825323872268,486.7064998387359,356.0253756524897,743.518055185375,0.9937572479248047,12.400301933288574,12.400301933288574,0.0,,-0.003639310598373413,3.4726223945617676
Hopper-v5,P,1,85,176239,5.7443153348285705,492.4508151735645,356.5263883726396,732.9093289192339,0.9948887825012207,21.93939971923828,21.93939971923828,0.0,,-0.022608032450079918,3.4527854919433594
Hopper-v5,P,1,86,178287,5.645042181015015,498.0958573545795,362.7962261978628,740.3571680448963,0.7619370222091675,29.172367095947266,29.172367095947266,0.0,,0.05709270387887955,3.4609813690185547
Hopper-v5,P,1,87,180335,5.79661291022785,503.89247026480734,353.3097744695701,742.8693095568897,0.9954800009727478,21.082847595214844,21.082847595214844,0.0,,-0.0432032085955143,3.4688761234283447
Hopper-v5,P,1,88,182386,5.776417060988024,509.66888732579537,355.064389974845,687.7381422556973,0.841819703578949,26.435840606689453,26.435840606689453,0.0,,0.037449754774570465,3.484376907348633
Hopper-v5,P,1,89,184437,5.665694728028029,515.3345820538234,362.00326675804854,767.7016497788095,0.9562259316444397,216.71600341796875,216.71600341796875,0.0,,-0.020056217908859253,3.4527671337127686
Hopper-v5,P,1,90,186486,5.6484233271330595,520.9830053809565,362.7560969372315,777.7313545238954,0.6263550519943237,30.162954330444336,30.162954330444336,0.0,,-0.04058939963579178,3.4442944526672363
Hopper-v5,P,1,91,188534,5.743389827897772,526.7263952088542,356.58384009598393,774.0475163431441,0.9909146428108215,22.851116180419922,22.851116180419922,0.0,,-0.07095979154109955,3.4634644985198975
Hopper-v5,P,1,92,190582,5.7342815299052745,532.4606767387595,357.1502357042158,742.731613394647,0.9929779767990112,26.593488693237305,26.593488693237305,0.0,,-0.01241818256676197,3.4781529903411865
Hopper-v5,P,1,93,192633,5.723024419974536,538.183701158734,358.3769436386794,736.0503440591533,0.9934828281402588,23.53888511657715,23.53888511657715,0.0,,0.04343003034591675,3.463074207305908
Hopper-v5,P,1,94,194681,5.740719432942569,543.9244205916766,356.7497112378891,761.0080314234342,0.9907074570655823,37.02671813964844,37.02671813964844,0.0,,0.09898345172405243,3.4328958988189697
Hopper-v5,P,1,95,196732,5.780424598138779,549.7048451898154,354.81822575116627,800.8109883253258,0.9957367181777954,13.17767333984375,13.17767333984375,0.0,,0.0036292278673499823,3.4364945888519287
Hopper-v5,P,1,96,198781,5.724323405884206,555.4291685956996,357.94623306813355,814.9499803129764,0.9964730739593506,16.553356170654297,16.553356170654297,0.0,,0.03824315965175629,3.4501497745513916
Hopper-v5,P,1,97,200829,5.641628216020763,561.0707968117204,363.01576806926244,818.5267808814872,0.9980219602584839,14.212045669555664,14.212045669555664,0.0,,0.03091631829738617,3.433420419692993
Hopper-v5,P,1,98,202877,5.73497517593205,566.8057719876524,357.1070383346792,850.3189860172602,0.9963948130607605,18.343523025512695,18.343523025512695,0.0,,-0.002546176314353943,3.4450185298919678
Hopper-v5,P,1,99,204926,5.760272118030116,572.5660441056825,355.7123618494454,845.3289832963844,0.9935823082923889,29.242990493774414,29.242990493774414,0.0,,0.09448221325874329,3.435912609100342
Hopper-v5,P,1,100,206975,5.726051693083718,578.2920957987662,357.8381945931277,867.7617872703042,0.9869349598884583,25.668296813964844,25.668296813964844,0.0,,0.11546275019645691,3.441188335418701
Hopper-v5,P,1,101,209024,5.695570022100583,583.9876658208668,359.75328054070843,870.3245482880137,0.5568023324012756,17.208097457885742,17.208097457885742,0.0,,0.05857310816645622,3.420001745223999
Hopper-v5,P,1,102,211073,5.626993943937123,589.614659764804,364.1375875671097,891.3572204898113,0.989121675491333,19.90721321105957,19.90721321105957,0.0,,0.0790928304195404,3.434821844100952
Hopper-v5,P,1,103,213122,5.6148255879525095,595.2294853527565,364.92674044879533,906.5122682681395,0.6582754850387573,14.836732864379883,14.836732864379883,0.0,,-0.006920896004885435,3.45627760887146
Hopper-v5,P,1,104,215170,5.681641689967364,600.9111270427238,360.45919678749823,902.7954956259646,0.99750816822052,14.580291748046875,14.580291748046875,0.0,,0.03149295598268509,3.4541356563568115
Hopper-v5,P,1,105,217219,5.618515208130702,606.5296422508545,364.68709687478247,839.9708375545588,0.9970598220825195,15.008570671081543,15.008570671081543,0.0,,0.036173105239868164,3.4366917610168457
Hopper-v5,P,1,106,219269,5.624190744012594,612.1538329948671,364.4968837841054,870.7290521952642,0.9929948449134827,16.768421173095703,16.768421173095703,0.0,,0.13216252624988556,3.4357142448425293
Hopper-v5,P,1,107,221317,5.745728498091921,617.899561492959,356.43870062431824,953.4291808251786,0.9891095161437988,28.79522705078125,28.79522705078125,0.0,,0.07368959486484528,3.4531748294830322
Hopper-v5,P,1,108,223367,5.744764633011073,623.6443261259701,356.84664750581936,901.2054441730252,0.9938567876815796,22.351655960083008,22.351655960083008,0.0,,0.025634903460741043,3.4393467903137207
Hopper-v5,P,1,109,225416,5.7400403779465705,629.3843665039167,356.9661300419292,901.2812813754045,0.9967731833457947,14.934552192687988,14.934552192687988,0.0,,0.003225676715373993,3.4393975734710693
Hopper-v5,P,1,110,227464,5.740778011037037,635.1251445149537,356.7460710138209,869.1093683563436,0.9814049005508423,30.337921142578125,30.337921142578125,0.0,,0.0485943928360939,3.444256544113159
Hopper-v5,P,1,111,229513,5.738057217095047,640.8632017320488,357.0895030282267,886.3759110505771,0.8358447551727295,15.472171783447266,15.472171783447266,0.0,,0.029356282204389572,3.434713840484619
Hopper-v5,P,1,112,231563,5.734900983050466,646.5981027150992,357.4604001113162,927.284505937333,0.997540295124054,10.752837181091309,10.752837181091309,0.0,,0.09580445289611816,3.4161627292633057
Hopper-v5,P,1,113,233611,5.7352531279902905,652.3333558430895,357.0897315769647,899.2798210709709,0.9976325035095215,10.762215614318848,10.762215614318848,0.0,,-0.0002524787560105324,3.3919522762298584
Hopper-v5,P,1,114,235662,5.72892826795578,658.0622841110453,358.00762447525744,1015.7225802349619,0.9945016503334045,10.617253303527832,10.617253303527832,0.0,,0.00482777738943696,3.3758795261383057
Hopper-v5,P,1,115,237711,5.74387401714921,663.8061581281945,356.7278798041877,998.2068878394913,0.8116554021835327,23.690513610839844,23.690513610839844,0.0,,-0.0005444931448437274,3.3744454383850098
Hopper-v5,P,1,116,239762,5.731359302997589,669.5375174311921,357.8557706070348,1149.7514103335427,0.9962138533592224,12.518439292907715,12.518439292907715,0.0,,0.03704511374235153,3.369497299194336
Hopper-v5,P,1,117,241811,5.739393893862143,675.2769113250542,357.00633862945944,1038.031572237453,0.9910443425178528,37.1942138671875,37.1942138671875,0.0,,-0.08715678006410599,3.3471662998199463
Hopper-v5,P,1,118,243862,5.73127370304428,681.0081850280985,357.86111539404766,889.3539661999936,0.9945201873779297,29.04268455505371,29.04268455505371,0.0,,0.04887145757675171,3.335390329360962
Hopper-v5,P,1,119,245912,5.765268801013008,686.7734538291115,355.5775230531831,1064.5953624048996,0.9955880045890808,19.3027400970459,19.3027400970459,0.0,,0.010449192486703396,3.3390140533447266
Hopper-v5,P,1,120,247962,5.732658392051235,692.5061122211628,357.60023706322363,1173.416372672487,0.995371401309967,17.66321563720703,17.66321563720703,0.0,,0.09535448253154755,3.3298487663269043
Hopper-v5,P,1,121,250013,5.742138792062178,698.248251013225,357.18398218365303,1158.9687627442163,0.7819292545318604,17.789113998413086,17.789113998413086,0.0,,0.08022647351026535,3.348764657974243
Hopper-v5,P,1,122,252061,5.724349485943094,703.972600499168,357.76990993110013,960.895859958149,0.8637135624885559,10.903934478759766,10.903934478759766,0.0,,0.01294616237282753,3.3350813388824463
Hopper-v5,P,1,123,254109,5.667352603981271,709.6399531031493,361.3680219157876,1025.922620877705,0.9933764338493347,38.38475036621094,38.38475036621094,0.0,,-0.06469269841909409,3.289156436920166
Hopper-v5,P,1,124,256157,5.642788523808122,715.2827416269574,362.9411223474092,1047.5102237184146,0.9946971535682678,21.132125854492188,21.132125854492188,0.0,,0.01908007264137268,3.272949695587158
Hopper-v5,P,1,125,258207,5.62253723712638,720.9052788640838,364.6040770461368,966.5730936658825,0.9921231865882874,28.658306121826172,28.658306121826172,0.0,,-0.09079228341579437,3.257789373397827
Hopper-v5,P,1,126,260257,5.611203290056437,726.5164821541402,365.34053286445464,926.5284064737361,0.9937214255332947,33.22307205200195,33.22307205200195,0.0,,-0.014758139848709106,3.2654688358306885
Hopper-v5,P,1,127,262306,5.696783517953008,732.2132656720933,359.6766479791135,1017.5236928683601,0.9972706437110901,9.251687049865723,9.251687049865723,0.0,,-0.02520851604640484,3.2936131954193115
Hopper-v5,P,1,128,264356,5.680863360175863,737.8941290322691,360.86064212896997,1173.8308538632084,0.9952132701873779,20.76808738708496,20.76808738708496,0.0,,0.04932321980595589,3.317974090576172
Hopper-v5,P,1,129,266407,5.689538317965344,743.5836673502345,360.4861915638641,1013.6294875094427,0.9944536089897156,20.38724708557129,20.38724708557129,0.0,,0.021978512406349182,3.309225082397461
Hopper-v5,P,1,130,268456,5.67219935497269,749.2558667052072,361.2355405322078,1088.499965436951,0.9978717565536499,9.120683670043945,9.120683670043945,0.0,,0.02761216089129448,3.2927229404449463
Hopper-v5,P,1,131,270507,5.656019664136693,754.9118863693438,362.6225016516195,1127.7262719476535,0.9899155497550964,40.09235763549805,40.09235763549805,0.0,,0.07699532806873322,3.2619547843933105
Hopper-v5,P,1,132,272557,5.692398682003841,760.6042850513477,360.1293785835742,1096.3545105966334,0.9955222606658936,20.677175521850586,20.677175521850586,0.0,,0.1580359786748886,3.2576165199279785
Hopper-v5,P,1,133,274608,5.759982654126361,766.364267705474,356.0774611935152,1279.5739730966457,0.9943783283233643,9.044242858886719,9.044242858886719,0.0,,-0.02001667395234108,3.2710351943969727
Hopper-v5,P,1,134,276657,5.73665512399748,772.1009228294715,357.176779100535,1635.6827339035456,0.5923565626144409,23.557950973510742,23.557950973510742,0.0,,-0.06939985603094101,3.2906322479248047
Hopper-v5,P,1,135,278708,5.7544239400886,777.8553467695601,356.4214283399532,1464.0130565279444,0.9938443303108215,16.411495208740234,16.411495208740234,0.0,,-0.019600000232458115,3.294670343399048
Hopper-v5,P,1,136,280756,5.736425174865872,783.591771944426,357.01677221787975,1073.1375550831578,0.9826510548591614,80.57640075683594,80.57640075683594,0.0,,0.03782109171152115,3.276282787322998
Hopper-v5,P,1,137,282807,5.703272648854181,789.2950445932802,359.6180870665647,1541.4232934710865,0.9670683145523071,19.457054138183594,19.457054138183594,0.0,,0.0391833670437336,3.2817821502685547
Hopper-v5,P,1,138,284857,5.7411662170197815,795.0362108103,357.07030984797854,1279.4890831395155,0.9933599233627319,18.173669815063477,18.173669815063477,0.0,,0.010175840929150581,3.2508544921875
Hopper-v5,P,1,139,286905,5.750781364971772,800.7869921752717,356.12551930324565,1216.1337180301516,0.816452145576477,7.335669994354248,7.335669994354248,0.0,,0.046396683901548386,3.250281572341919
Hopper-v5,P,1,140,288953,5.72278946894221,806.509781644214,357.86743704526816,1489.5505491035028,0.9950380921363831,28.994083404541016,28.994083404541016,0.0,,0.062217049300670624,3.2499279975891113
Hopper-v5,P,1,141,291003,5.745017834939063,812.254799479153,356.8309200943924,1194.2643407949656,0.996646523475647,20.36174774169922,20.36174774169922,0.0,,-0.017069336026906967,3.2425522804260254
Hopper-v5,P,1,142,293054,5.750089298933744,818.0048887780868,356.6901126875234,1573.6993877958066,0.9978264570236206,12.187244415283203,12.187244415283203,0.0,,-0.004365874920040369,3.2215216159820557
Hopper-v5,P,1,143,295105,5.757676180219278,823.762564958306,356.2201026598701,1114.3448867219527,0.9716805815696716,32.099853515625,32.099853515625,0.0,,-0.0581526942551136,3.212169647216797
Hopper-v5,P,1,144,297153,5.723951885011047,829.4865168433171,357.794761581237,1292.573776999655,0.987746000289917,16.137163162231445,16.137163162231445,0.0,,0.009564035572111607,3.1843008995056152
Hopper-v5,P,1,145,299202,5.747745233122259,835.2342620764393,356.48761677750167,1186.6992282375973,0.9972646236419678,16.34787940979004,16.34787940979004,0.0,,0.053243380039930344,3.169609308242798
Hopper-v5,P,1,146,301252,5.763329870998859,840.9975919474382,355.6971483301039,1173.9099603475195,0.9982988834381104,6.675031661987305,6.675031661987305,0.0,,0.008388238959014416,3.179149627685547
Hopper-v5,P,2,0,2048,5.928074172930792,5.928074172930792,345.47475963639727,11.171624907290978,0.34748363494873047,9.156427383422852,9.156427383422852,0.0,,0.007481034845113754,4.258656024932861
Hopper-v5,P,2,1,4099,6.198952778009698,12.12702695094049,330.86233650234647,19.59356146958558,-0.2590453624725342,24.740446090698242,24.740446090698242,0.0,,-0.04980713874101639,4.246677875518799
Hopper-v5,P,2,2,6150,5.742442975053564,17.869469925994053,357.1650617881615,63.446151201577436,0.46703851222991943,110.10485076904297,110.10485076904297,0.0,,-0.08169826120138168,4.220615386962891
Hopper-v5,P,2,3,8201,5.715265400940552,23.584735326934606,358.86347459253074,111.83100618054662,0.1631200909614563,197.33485412597656,197.33485412597656,0.0,,0.05957787483930588,4.217605113983154
Hopper-v5,P,2,4,10250,5.72243292001076,29.307168246945366,358.0644856202433,120.68373887986063,0.267802357673645,244.10260009765625,244.10260009765625,0.0,,-0.05813933536410332,4.226536750793457
Hopper-v5,P,2,5,12299,5.6266670119948685,34.933835258940235,364.1587454228167,146.746622316922,0.3050971031188965,230.69296264648438,230.69296264648438,0.0,,0.028746511787176132,4.203003406524658
Hopper-v5,P,2,6,14348,5.71645996789448,40.650295226834714,358.4386161204414,160.21295075530114,0.4293830394744873,305.36834716796875,305.36834716796875,0.0,,0.023825768381357193,4.185822010040283
Hopper-v5,P,2,7,16396,5.748690234962851,46.398985461797565,356.25506268267986,184.36800983910447,0.6640779972076416,229.41847229003906,229.41847229003906,0.0,,-0.03921645134687424,4.206508159637451
Hopper-v5,P,2,8,18446,5.797090487089008,52.19607594888657,353.6256686980578,197.4389328188361,0.8046499490737915,160.47650146484375,160.47650146484375,0.0,,-0.09407311677932739,4.189061164855957
Hopper-v5,P,2,9,20496,5.675072821089998,57.87114876997657,361.22884492013645,169.02269336286005,0.4328206181526184,285.7471008300781,285.7471008300781,0.0,,-0.013755537569522858,4.1517229080200195
Hopper-v5,P,2,10,22544,5.651935863075778,63.52308463305235,362.3537226208863,188.15905696163773,0.6891663074493408,139.50950622558594,139.50950622558594,0.0,,-0.036886803805828094,4.125693321228027
Hopper-v5,P,2,11,24592,5.681513487128541,69.20459812018089,360.46733051672595,196.55475454241449,0.8733029961585999,136.63150024414062,136.63150024414062,0.0,,0.16952693462371826,4.120891094207764
Hopper-v5,P,2,12,26643,5.7236204240471125,74.928218544228,358.33962562977916,205.14535472330675,0.20550823211669922,181.85670471191406,181.85670471191406,0.0,,0.14397810399532318,4.130181312561035
Hopper-v5,P,2,13,28692,5.7916443520225585,80.71986289625056,353.7855357579835,210.05816732959102,0.8578992486000061,49.39304733276367,49.39304733276367,0.0,,0.15952317416667938,4.157837390899658
Hopper-v5,P,2,14,30743,5.712139267008752,86.43200216325931,359.0598730401819,212.1712285518507,0.9640047550201416,50.9882926940918,50.9882926940918,0.0,,0.00551463570445776,4.166111469268799
Hopper-v5,P,2,15,32793,5.837606622138992,92.2696087853983,351.17131603651075,214.34024671086362,0.9826958179473877,33.73963928222656,33.73963928222656,0.0,,0.1478787362575531,4.192394733428955
Hopper-v5,P,2,16,34841,5.785826653009281,98.05543543840759,353.96843404128083,191.31143052123858,0.6792649626731873,204.5343780517578,204.5343780517578,0.0,,0.16467291116714478,4.237539768218994
Hopper-v5,P,2,17,36892,5.7555748131126165,103.8110102515202,356.35015903664686,212.31476732947297,0.991106390953064,17.984222412109375,17.984222412109375,0.0,,0.09791861474514008,4.239929676055908
Hopper-v5,P,2,18,38941,5.781088388059288,109.59209863957949,354.43152957705416,207.4022814331449,0.8282395005226135,16.52455711364746,16.52455711364746,0.0,,0.012658634223043919,4.222805023193359
Hopper-v5,P,2,19,40989,5.75887875398621,115.3509773935657,355.6247817480799,221.9129228105121,0.8176206946372986,17.946504592895508,17.946504592895508,0.0,,-0.012844204902648926,4.234597682952881
Hopper-v5,P,2,20,43038,5.739772395929322,121.09074978949502,356.982796295749,222.5883144529012,0.9879032969474792,16.13490867614746,16.13490867614746,0.0,,0.09743662178516388,4.261279582977295
Hopper-v5,P,2,21,45086,5.738163879839703,126.82891366933472,356.9085935651617,238.10539244578476,0.9752342104911804,41.928958892822266,41.928958892822266,0.0,,-0.051560983061790466,4.282349109649658
Hopper-v5,P,2,22,47135,5.748660980956629,132.57757465029135,356.43082915963294,243.59458718824106,0.985002338886261,20.354093551635742,20.354093551635742,0.0,,0.1165047213435173,4.295815944671631
Hopper-v5,P,2,23,49183,5.681303453166038,138.2588781034574,360.48065675117294,278.3746074151087,0.9174202680587769,105.20183563232422,105.20183563232422,0.0,,-0.1560046672821045,4.3072509765625
Hopper-v5,P,2,24,51233,5.613523571984842,143.87240167544223,365.1895237833937,286.5133779604414,0.6171399354934692,82.48780059814453,82.48780059814453,0.0,,0.07945628464221954,4.288873672485352
Hopper-v5,P,2,25,53282,5.636160111986101,149.50856178742833,363.5453853843698,322.7139181405689,0.6903335452079773,56.265892028808594,56.265892028808594,0.0,,0.19226521253585815,4.307270526885986
Hopper-v5,P,2,26,55332,5.617346013896167,155.1259078013245,364.94102284757224,311.8954599821129,0.9252793788909912,118.96607971191406,118.96607971191406,0.0,,0.04800941050052643,4.260910511016846
Hopper-v5,P,2,27,57382,5.702759427018464,160.82866722834297,359.47509731649126,359.6214333831162,0.9740192294120789,53.96788024902344,53.96788024902344,0.0,,0.10155212879180908,4.232921123504639
Hopper-v5,P,2,28,59430,5.700485602021217,166.52915283036418,359.26763840502326,363.2347227878588,0.9776769876480103,48.98414993286133,48.98414993286133,0.0,,0.038089729845523834,4.225284099578857
Hopper-v5,P,2,29,61479,5.677401109831408,172.2065539401956,360.9045688971667,358.8767230684308,0.5911846160888672,170.30657958984375,170.30657958984375,0.0,,0.040588971227407455,4.211525917053223
Hopper-v5,P,2,30,63528,5.7304195708129555,177.93697351100855,357.5654408337355,355.6580998029837,0.7176136374473572,49.10190200805664,49.10190200805664,0.0,,0.013776740990579128,4.210855007171631
Hopper-v5,P,2,31,65577,5.668249676004052,183.6052231870126,361.4872521713765,381.6836798209677,0.8239991664886475,39.2349853515625,39.2349853515625,0.0,,0.05495312064886093,4.235445022583008
Hopper-v5,P,2,32,67627,5.677315360167995,189.2825385471806,361.08615955752356,368.2543460203761,0.8308022618293762,35.49228286743164,35.49228286743164,0.0,,0.02606015093624592,4.260024547576904
Hopper-v5,P,2,33,69676,5.710836161160842,194.99337470834143,358.7915923652588,402.37387048906197,0.9698582887649536,86.38252258300781,86.38252258300781,0.0,,0.134578138589859,4.258288860321045
Hopper-v5,P,2,34,71726,5.679621229879558,200.672995938221,360.93956216926676,387.50108294703386,0.9357178211212158,143.03440856933594,143.03440856933594,0.0,,0.2025023251771927,4.2324066162109375
Hopper-v5,P,2,35,73776,5.662283275974914,206.3352792141959,362.04476181863885,435.8550295588514,0.7759518027305603,88.53740692138672,88.53740692138672,0.0,,0.031517282128334045,4.238344192504883
Hopper-v5,P,2,36,75824,5.7015838669613,212.0368630811572,359.19843464330137,452.65652136943595,0.957184910774231,114.10449981689453,114.10449981689453,0.0,,0.20596785843372345,4.240566730499268
Hopper-v5,P,2,37,77874,5.643915056018159,217.68077813717537,363.2230428085671,397.99339423767873,0.9552746415138245,117.91960906982422,117.91960906982422,0.0,,0.011786328628659248,4.2057647705078125
Hopper-v5,P,2,38,79924,5.669899615924805,223.35067775310017,361.5584294018632,449.2715355715657,0.9783895611763,66.37051391601562,66.37051391601562,0.0,,0.0986846461892128,4.1989054679870605
Hopper-v5,P,2,39,81975,5.689742130925879,229.04041988402605,360.4732785431605,478.29271919013416,0.8182188868522644,812.4817504882812,812.4817504882812,0.0,,0.37710675597190857,4.198087692260742
Hopper-v5,P,2,40,84024,5.652805517893285,234.69322540191934,362.4748796883483,533.2233574127363,0.95798259973526,73.89630126953125,73.89630126953125,0.0,,0.09673991054296494,4.152273654937744
Hopper-v5,P,2,41,86072,5.664898282149807,240.35812368406914,361.52458490795567,437.7210737284191,0.9529706239700317,158.7193603515625,158.7193603515625,0.0,,0.12170176208019257,4.115686416625977
Hopper-v5,P,2,42,88120,5.648933589924127,246.00705727399327,362.54630496151884,515.7322941948072,0.9826954007148743,43.503517150878906,43.503517150878906,0.0,,0.007394272834062576,4.103256702423096
Hopper-v5,P,2,43,90169,5.635222512995824,251.6422797869891,363.6058727538517,570.7002529116794,0.9909133911132812,36.0438232421875,36.0438232421875,0.0,,0.05903247371315956,4.117824077606201
Hopper-v5,P,2,44,92218,5.660761679057032,257.3030414660461,361.96542376631584,545.8075043727291,0.841897189617157,36.7183723449707,36.7183723449707,0.0,,0.03310500457882881,4.114355087280273
Hopper-v5,P,2,45,94266,5.656611202051863,262.959652668098,362.0542276720582,495.43738320306153,0.9907668232917786,31.17371368408203,31.17371368408203,0.0,,-0.01548837125301361,4.085572719573975
Hopper-v5,P,2,46,96315,5.643279049079865,268.60293171717785,363.0867767090285,556.6772480794187,0.8709735870361328,41.93793869018555,41.93793869018555,0.0,,-0.029746320098638535,4.077882766723633
Hopper-v5,P,2,47,98364,5.660935819847509,274.26386753702536,361.9542890445973,567.250229473108,0.9924273490905762,26.246217727661133,26.246217727661133,0.0,,-0.004488858859986067,4.080942630767822
Hopper-v5,P,2,48,100413,5.591394633986056,279.8552621710114,366.4559799706511,575.1454135763271,0.987028956413269,46.333717346191406,46.333717346191406,0.0,,-0.02726898156106472,4.097634792327881
Hopper-v5,P,2,49,102463,5.609491067007184,285.4647532380186,365.45204823612113,528.1192362558004,0.9578445553779602,135.46163940429688,135.46163940429688,0.0,,-0.012335006147623062,4.056525707244873
Hopper-v5,P,2,50,104512,5.579440454021096,291.0441936920397,367.24112693474274,634.0125049980545,0.9956848621368408,26.564918518066406,26.564918518066406,0.0,,-0.05792409926652908,4.021556854248047
Hopper-v5,P,2,51,106562,5.5814493300858885,296.6256430221256,367.2881143881054,613.0204096228125,0.9874789714813232,38.51807403564453,38.51807403564453,0.0,,0.03024236671626568,3.995148181915283
Hopper-v5,P,2,52,108610,5.649777620099485,302.2754206422251,362.49214353394984,500.44357906296824,0.973867654800415,124.01568603515625,124.01568603515625,0.0,,0.02528497576713562,4.008979320526123
Hopper-v5,P,2,53,110660,5.64785813097842,307.9232787732035,362.96945717453127,574.3987215923158,0.6614473462104797,40.46010971069336,40.46010971069336,0.0,,0.026121443137526512,4.007941722869873
Hopper-v5,P,2,54,112709,5.64984242990613,313.5731212031096,362.66498144339283,617.391082183949,0.9938508868217468,21.307682037353516,21.307682037353516,0.0,,0.012089612893760204,4.002407073974609
Hopper-v5,P,2,55,114759,5.667326232185587,319.2404474352952,361.72260357234165,623.5692772828605,0.7502194046974182,48.61899185180664,48.61899185180664,0.0,,0.02981514111161232,4.0012736320495605
Hopper-v5,P,2,56,116810,5.700537192868069,324.9409846281633,359.7906531626532,630.3181104706997,0.991404116153717,28.29751205444336,28.29751205444336,0.0,,0.14163537323474884,4.0030293464660645
Hopper-v5,P,2,57,118861,5.579846732085571,330.52083136024885,367.5728202723233,664.6598240674342,0.937900722026825,155.74998474121094,155.74998474121094,0.0,,0.08415091782808304,3.978961944580078
Hopper-v5,P,2,58,120911,5.648690047906712,336.16952140815556,362.916000455661,695.6897427377097,0.7957874536514282,41.24003601074219,41.24003601074219,0.0,,0.12346756458282471,3.9867076873779297
Hopper-v5,P,2,59,122962,5.65474802791141,341.82426943606697,362.7040479746257,728.7457291609596,0.9890789985656738,21.08225440979004,21.08225440979004,0.0,,0.018357638269662857,3.954014301300049
Hopper-v5,P,2,60,125011,5.623557528946549,347.4478269650135,364.3601029158202,796.3471970876659,0.994116485118866,28.067424774169922,28.067424774169922,0.0,,-0.006332249380648136,3.9369335174560547
Hopper-v5,P,2,61,127061,5.642725005047396,353.0905519700609,363.29964656549504,715.0823670896636,0.6933826208114624,60.91437530517578,60.91437530517578,0.0,,0.086995430290699,3.955547332763672
Hopper-v5,P,2,62,129109,5.611618699040264,358.7021706691012,364.95708454857464,788.7981348577862,0.995051383972168,23.655473709106445,23.655473709106445,0.0,,0.03799588978290558,4.003400802612305
Hopper-v5,P,2,63,131157,5.635177214164287,364.33734788326547,363.4313389208514,667.7611234402466,0.995248019695282,15.496931076049805,15.496931076049805,0.0,,0.08454534411430359,4.001294136047363
Hopper-v5,P,2,64,133207,5.688398846890777,370.02574673015624,360.3826059279422,714.6306313937461,0.9950929880142212,33.24346923828125,33.24346923828125,0.0,,0.06404763460159302,3.981147289276123
Hopper-v5,P,2,65,135256,5.623684511054307,375.64943124121055,364.3518757093045,831.209241038132,0.9927568435668945,30.24073028564453,30.24073028564453,0.0,,-0.028204891830682755,3.999469518661499
Hopper-v5,P,2,66,137307,5.525898450985551,381.1753296921961,371.16136284303263,785.5520058102475,0.7972427606582642,22.522642135620117,22.522642135620117,0.0,,-0.01269390806555748,3.9858744144439697
Hopper-v5,P,2,67,139358,5.659959258046001,386.8352889502421,362.3700995876198,702.7282355805442,0.7999022006988525,34.900997161865234,34.900997161865234,0.0,,0.04944150522351265,4.001379489898682
Hopper-v5,P,2,68,141408,5.719105200842023,392.5543941510841,358.4476815880531,624.8629016749371,0.9942300319671631,31.54909324645996,31.54909324645996,0.0,,0.04767858609557152,3.963573694229126
Hopper-v5,P,2,69,143456,5.704252311959863,398.258646463044,359.03040188212674,751.4753741620057,0.9914812445640564,42.6009407043457,42.6009407043457,0.0,,0.16458924114704132,3.9606382846832275
Hopper-v5,P,2,70,145505,5.681798314908519,403.9404447779525,360.6252609536687,681.1508659729913,0.9785535335540771,124.45931243896484,124.45931243896484,0.0,,0.041100144386291504,3.983253240585327
Hopper-v5,P,2,71,147553,5.573063376126811,409.5135081540793,367.48191466348027,650.1656291362158,0.6891628503799438,42.35138702392578,42.35138702392578,0.0,,0.10949952155351639,3.9669454097747803
Hopper-v5,P,2,72,149603,5.740530065027997,415.2540382191073,357.10987953688243,689.6380776643227,0.8449764251708984,62.57044982910156,62.57044982910156,0.0,,0.09785487502813339,3.974977731704712
Hopper-v5,P,2,73,151651,5.647577998926863,420.9016162180342,362.6333271340662,745.8942003409693,0.8136579394340515,45.33723068237305,45.33723068237305,0.0,,0.13841672241687775,3.9743003845214844
Hopper-v5,P,2,74,153701,5.620296113193035,426.5219123312272,364.74946492371595,722.486945137163,0.9049725532531738,30.82095718383789,30.82095718383789,0.0,,0.03342803195118904,3.9780821800231934
Hopper-v5,P,2,75,155752,5.575385045958683,432.0972973771859,367.8669693829787,779.5757068903066,0.9839258193969727,50.17237854003906,50.17237854003906,0.0,,0.029766850173473358,4.001691818237305
Hopper-v5,P,2,76,157801,5.5636009350419044,437.6608983122278,368.28665893244323,765.3501819372292,0.9867101907730103,37.38249969482422,37.38249969482422,0.0,,0.03621296212077141,4.018092632293701
Hopper-v5,P,2,77,159852,5.594267318956554,443.25516563118435,366.6253117812314,777.3040023156861,0.9945661425590515,26.8344783782959,26.8344783782959,0.0,,0.006094370968639851,4.004465103149414
Hopper-v5,P,2,78,161903,5.67504479479976,448.9302104259841,361.40683891683153,708.079108981162,0.9930306077003479,41.52851104736328,41.52851104736328,0.0,,-0.08105219900608063,4.0146636962890625
Hopper-v5,P,2,79,163954,5.640034917043522,454.57024534302764,363.65023092359223,747.9118402742544,0.9897347688674927,27.678600311279297,27.678600311279297,0.0,,0.01119898445904255,4.046787738800049
Hopper-v5,P,2,80,166005,5.601060732966289,460.1713060759939,366.18063930790527,719.4054554346535,0.9936742782592773,32.18668746948242,32.18668746948242,0.0,,0.05537553131580353,4.050727367401123
Hopper-v5,P,2,81,168053,5.678374276962131,465.84968035295606,360.666609862085,811.831229438839,0.897167444229126,29.832918167114258,29.832918167114258,0.0,,0.11151336133480072,4.029312610626221
Hopper-v5,P,2,82,170104,5.569096396910027,471.4187767498661,368.2823664424237,650.6690892979018,0.9953107237815857,20.921106338500977,20.921106338500977,0.0,,0.03061976470053196,4.047801494598389
Hopper-v5,P,2,83,172155,5.529905756004155,476.94868250587024,370.8923968140153,809.1042743509821,0.9945738315582275,34.83229446411133,34.83229446411133,0.0,,0.06110670045018196,4.065891742706299
Hopper-v5,P,2,84,174203,5.535647556884214,482.48433006275445,369.9657499786229,847.2465985519184,0.8437819480895996,12.136150360107422,12.136150360107422,0.0,,0.024279551580548286,4.06922721862793
Hopper-v5,P,2,85,176251,5.61950130504556,488.1038313678,364.44515070423955,783.2994810581424,0.7482547760009766,29.360383987426758,29.360383987426758,0.0,,0.0304196085780859,4.0574188232421875
Hopper-v5,P,2,86,178299,5.665927171008661,493.7697585388087,361.4589348199141,871.8269670423629,0.9964889287948608,24.970802307128906,24.970802307128906,0.0,,-0.02598297782242298,4.050941467285156
Hopper-v5,P,2,87,180350,5.719356555026025,499.4891150938347,358.606773378665,764.8222570199056,0.9779956340789795,56.26808166503906,56.26808166503906,0.0,,0.07529734075069427,4.096134662628174
Hopper-v5,P,2,88,182398,5.603039311012253,505.09215440484695,365.51590776363935,817.5450034094125,0.9923200011253357,33.696022033691406,33.696022033691406,0.0,,0.11735686659812927,4.118510723114014
Hopper-v5,P,2,89,184449,5.594018304022029,510.686172708869,366.64163192411377,768.4639034180406,0.8622633814811707,29.486417770385742,29.486417770385742,0.0,,0.020772412419319153,4.126594066619873
Hopper-v5,P,2,90,186499,5.675094353035092,516.3612670619041,361.2274743773452,896.9263129443353,0.9952582120895386,31.467113494873047,31.467113494873047,0.0,,0.0820503830909729,4.138147830963135
Hopper-v5,P,2,91,188548,5.563459547935054,521.9247266098391,368.29601839389875,884.5134261621755,0.9947106838226318,30.10592269897461,30.10592269897461,0.0,,0.0030920319259166718,4.133854389190674
Hopper-v5,P,2,92,190598,5.635396450059488,527.5601230598986,363.7720998277521,1037.3627185470457,0.7541448473930359,28.320642471313477,28.320642471313477,0.0,,0.12791040539741516,4.132541656494141
Hopper-v5,P,2,93,192647,5.64596328814514,533.2060863480438,362.91415573004105,1020.7960000109433,0.9973157048225403,18.493223190307617,18.493223190307617,0.0,,0.010176381096243858,4.123019695281982
Hopper-v5,P,2,94,194697,5.631434720009565,538.8375210680533,364.02801451572503,917.4155445248098,0.8673052191734314,28.076597213745117,28.076597213745117,0.0,,0.028931720182299614,4.14689826965332
Hopper-v5,P,2,95,196745,5.594474875833839,544.4319959438872,366.07546650117933,934.6847031783434,0.8751646876335144,19.45534324645996,19.45534324645996,0.0,,0.04419652745127678,4.130946636199951
Hopper-v5,P,2,96,198793,5.62994584790431,550.0619417917915,363.7690406493603,864.8379603871081,0.8555986881256104,19.140369415283203,19.140369415283203,0.0,,-0.015473381616175175,4.159114837646484
Hopper-v5,P,2,97,200842,5.547812620177865,555.6097544119693,369.33475232159304,766.6814788280017,0.998520016670227,9.233712196350098,9.233712196350098,0.0,,0.011971617117524147,4.182976245880127
Hopper-v5,P,2,98,202891,5.673198403092101,561.2829528150614,361.17192708846915,894.64134737034,0.7563306093215942,23.36713218688965,23.36713218688965,0.0,,-0.003589082043617964,4.179655075073242
Hopper-v5,P,2,99,204939,5.6154368431307375,566.8983896581922,364.7089366707563,886.3251437456732,0.9956178069114685,20.643917083740234,20.643917083740234,0.0,,0.022431328892707825,4.178184509277344
Hopper-v5,P,2,100,206990,5.654296673135832,572.552686331328,362.73300086012824,763.8832232899299,0.8845565915107727,28.685678482055664,28.685678482055664,0.0,,0.06997845321893692,4.167933940887451
Hopper-v5,P,2,101,209041,5.629210921004415,578.1818972523324,364.34946723119805,744.75377220039,0.9939501285552979,25.59571075439453,25.59571075439453,0.0,,-0.03454191982746124,4.157944202423096
Hopper-v5,P,2,102,211091,5.6645962570328265,583.8464935093652,361.8969308633147,977.6732316309732,0.6401748657226562,13.952009201049805,13.952009201049805,0.0,,-0.017827317118644714,4.167125225067139
Hopper-v5,P,2,103,213141,5.55913312593475,589.4056266353,368.76253069678006,858.304080880829,0.780646800994873,9.045433044433594,9.045433044433594,0.0,,0.009661247953772545,4.1600422859191895
Hopper-v5,P,2,104,215189,5.6477861849125475,595.0534128202125,362.6199599182794,1105.2205620246832,0.9975636005401611,15.093093872070312,15.093093872070312,0.0,,0.0699935182929039,4.179982662200928
Hopper-v5,P,2,105,217238,5.6929687089286745,600.7463815291412,359.91766418571956,842.0244170157246,0.9931687116622925,25.904441833496094,25.904441833496094,0.0,,0.0374935157597065,4.183639049530029
Hopper-v5,P,2,106,219288,5.605142951011658,606.3515244801529,365.7355428606867,1063.9669962891758,0.9960910677909851,23.28824234008789,23.28824234008789,0.0,,-0.06373877078294754,4.136484146118164
Hopper-v5,P,2,107,221339,5.524539885111153,611.876064365264,371.2526368987802,1267.4956754615748,0.981521487236023,13.35617446899414,13.35617446899414,0.0,,0.021501189097762108,4.097838878631592
Hopper-v5,P,2,108,223389,5.543754362035543,617.4198187272996,369.78550385253465,1106.2901739402082,0.9973124265670776,18.075334548950195,18.075334548950195,0.0,,0.001176951453089714,4.115910053253174
Hopper-v5,P,2,109,225440,5.639915375038981,623.0597341023386,363.65793874803023,1158.5774725308468,0.997725248336792,15.08733081817627,15.08733081817627,0.0,,0.015214011073112488,4.098106861114502
Hopper-v5,P,2,110,227490,5.607374884886667,628.6671089872252,365.5899671565179,1227.3967314421022,0.994732141494751,21.394075393676758,21.394075393676758,0.0,,-0.072621189057827,4.0972065925598145
Hopper-v5,P,2,111,229541,5.569463160121813,634.236572147347,368.25811411869387,1526.3642655082429,0.9976857304573059,11.015542984008789,11.015542984008789,0.0,,-0.02906041219830513,4.0770792961120605
Hopper-v5,P,2,112,231589,5.6166491790208966,639.8532213263679,364.6302154048743,1060.0033653550909,0.9933488368988037,17.7512149810791,17.7512149810791,0.0,,0.00949433259665966,4.082362651824951
Hopper-v5,P,2,113,233637,5.632352839922532,645.4855741662905,363.613583560253,1099.6379280469494,0.9891699552536011,51.877197265625,51.877197265625,0.0,,-0.08503229916095734,4.099464416503906
Hopper-v5,P,2,114,235688,5.621582610998303,651.1071567772888,364.843877947704,1171.3059587248379,0.9615506529808044,20.29878044128418,20.29878044128418,0.0,,0.08281885087490082,4.122165679931641
Hopper-v5,P,2,115,237737,5.58710566512309,656.6942624424119,366.73729168765567,996.6593273802284,0.7878708839416504,25.192419052124023,25.192419052124023,0.0,,0.054724402725696564,4.1232805252075195
Hopper-v5,P,2,116,239786,5.551004788139835,662.2452672305517,369.12236220329913,922.4836970063097,0.8758294582366943,25.328411102294922,25.328411102294922,0.0,,0.045523591339588165,4.158931732177734
Hopper-v5,P,2,117,241835,5.651984152151272,667.897251382703,362.52755578235383,1097.9497429257349,0.9695168137550354,20.321083068847656,20.321083068847656,0.0,,0.05356570705771446,4.167781352996826
Hopper-v5,P,2,118,243885,5.593355193035677,673.4906065757386,366.5063149489359,1099.4029911694963,0.9943129420280457,26.43009376525879,26.43009376525879,0.0,,0.03540049493312836,4.183700084686279
Hopper-v5,P,2,119,245935,5.626719109946862,679.1173256856855,364.3330971286676,1165.2977649043569,0.8583924770355225,16.925992965698242,16.925992965698242,0.0,,0.008687770925462246,4.163639545440674
Hopper-v5,P,2,120,247983,5.624407107010484,684.741732792696,364.12726906757723,1324.4831207621555,0.6923048496246338,20.389427185058594,20.389427185058594,0.0,,0.05904320999979973,4.154148101806641
Hopper-v5,P,2,121,250032,5.589033679105341,690.3307664718013,366.61078061851856,1220.760569803572,0.9957655668258667,19.896970748901367,19.896970748901367,0.0,,0.04346716031432152,4.151184558868408
Hopper-v5,P,2,122,252082,5.577104333089665,695.907870804891,367.5742603266521,1088.7936061638693,0.9940927624702454,31.918169021606445,31.918169021606445,0.0,,0.17137935757637024,4.120670795440674
Hopper-v5,P,2,123,254132,5.66910788603127,701.5769786909223,361.6089235223795,1079.4531437067546,0.9977964162826538,16.928499221801758,16.928499221801758,0.0,,0.048739757388830185,4.105431079864502
Hopper-v5,P,2,124,256182,5.674405599012971,707.2513842899352,361.27131982891484,1066.1280012666955,0.9924224615097046,27.39872932434082,27.39872932434082,0.0,,0.03752385452389717,4.052127838134766
Hopper-v5,P,2,125,258231,5.6212588511407375,712.872643141076,364.5090991645387,1081.442382490341,0.9958200454711914,17.571075439453125,17.571075439453125,0.0,,0.036619145423173904,4.0341267585754395
Hopper-v5,P,2,126,260281,5.621571070980281,718.4942142120562,364.66674068794157,1045.7433765481774,0.9927327632904053,31.962705612182617,31.962705612182617,0.0,,-0.07949923723936081,4.046360492706299
Hopper-v5,P,2,127,262331,5.675322161056101,724.1695363731124,361.21297466900495,1087.2755367954878,0.9917702078819275,24.96170997619629,24.96170997619629,0.0,,0.08751723915338516,3.9983978271484375
Hopper-v5,P,2,128,264379,5.66104178596288,729.8305781590752,361.7708678777502,1520.501133415112,0.9950273036956787,12.661213874816895,12.661213874816895,0.0,,0.01251355279237032,3.9912893772125244
Hopper-v5,P,2,129,266429,5.573140077991411,735.4037182370666,367.8357212113769,1253.5116463354168,0.9926781058311462,38.38378143310547,38.38378143310547,0.0,,-0.0011421497911214828,3.9939000606536865
Hopper-v5,P,2,130,268479,5.508987168082967,740.9127054051496,372.11921855199466,1129.9601561887819,0.9958829879760742,25.594860076904297,25.594860076904297,0.0,,0.01586325466632843,3.9923384189605713
Hopper-v5,P,2,131,270528,5.653604280902073,746.5663096860517,362.4236678399195,1027.1365948946607,0.9784408211708069,20.807920455932617,20.807920455932617,0.0,,0.04173016548156738,3.9607527256011963
Hopper-v5,P,2,132,272577,5.629599775886163,752.1959094619378,363.9690353791561,1434.2651495462612,0.8725989460945129,16.67691993713379,16.67691993713379,0.0,,0.012999451719224453,3.9457740783691406
Hopper-v5,P,2,133,274626,5.61132834199816,757.807237803936,365.1541801010282,987.2741736907512,0.9978253245353699,12.41774845123291,12.41774845123291,0.0,,0.0769914835691452,3.939171314239502
Hopper-v5,P,2,134,276677,5.632398787885904,763.4396365918219,364.14325001476567,1287.06616831904,0.8510291576385498,36.7156867980957,36.7156867980957,0.0,,0.051608890295028687,3.9501404762268066
Hopper-v5,P,2,135,278726,5.658702797954902,769.0983393897768,362.09712246073855,1176.376255212835,0.8507651090621948,15.085265159606934,15.085265159606934,0.0,,0.08402874320745468,3.947263717651367
Hopper-v5,P,2,136,280777,5.627182755153626,774.7255221449304,364.480787143727,1187.167815183462,0.993747889995575,30.161094665527344,30.161094665527344,0.0,,0.03919178992509842,3.9100630283355713
Hopper-v5,P,2,137,282828,5.6555939458776265,780.3811160908081,362.6497976388453,1186.0928777755532,0.9724369645118713,14.471749305725098,14.471749305725098,0.0,,-0.047340430319309235,3.922091007232666
Hopper-v5,P,2,138,284876,5.580765543039888,785.961881633848,366.97474283867473,1535.5140712337113,0.9943130612373352,20.44525146484375,20.44525146484375,0.0,,0.0734306126832962,3.9174442291259766
Hopper-v5,P,2,139,286926,5.623145689954981,791.5850273238029,364.5646250393367,1325.0810917059787,0.7211891412734985,15.0425443649292,15.0425443649292,0.0,,-0.01702515035867691,3.912780523300171
Hopper-v5,P,2,140,288977,5.605921429116279,797.1909487529192,365.86313702996745,1322.0311384005297,0.9954443573951721,17.46509552001953,17.46509552001953,0.0,,-0.001179613173007965,3.9081265926361084
Hopper-v5,P,2,141,291028,5.642651963047683,802.8336007159669,363.4815709761095,1159.6171032360126,0.6172518730163574,14.370851516723633,14.370851516723633,0.0,,0.03232945501804352,3.910463571548462
Hopper-v5,P,2,142,293076,5.635796016082168,808.4693967320491,363.3914347069834,1665.1961817218564,0.9918740391731262,33.709510803222656,33.709510803222656,0.0,,0.09421825408935547,3.9157299995422363
Hopper-v5,P,2,143,295124,5.56733753788285,814.0367342699319,367.8598586962656,1434.9272136367654,0.9958603978157043,17.957895278930664,17.957895278930664,0.0,,-0.0016406290233135223,3.8890817165374756
Hopper-v5,P,2,144,297173,5.71039181179367,819.7471260817256,358.8195114332087,1859.1050163891068,0.9959928393363953,14.157673835754395,14.157673835754395,0.0,,-0.020513061434030533,3.9189696311950684
Hopper-v5,P,2,145,299221,5.653299252036959,825.4004253337625,362.2663348772981,2131.0492259786024,0.9963215589523315,16.475502014160156,16.475502014160156,0.0,,-0.06884631514549255,3.916086435317993
Hopper-v5,P,2,146,301271,5.620288528036326,831.0207138617989,364.7499571905875,1385.5668577956749,0.9968416094779968,20.720182418823242,20.720182418823242,0.0,,0.0441041961312294,3.9204657077789307
Walker2d-v5,D,0,0,4002,22.129092248156667,22.129092248156667,180.84790623679393,-1.5465799216441232,0.19353699684143066,4.6523847579956055,23.31040382385254,0.0376245453953743,0.30000001192092896,-0.004048417322337627,8.839533805847168
Walker2d-v5,D,0,1,8004,22.516532832058147,44.64562508021481,177.73606753088163,4.940635051812359,0.06373041868209839,5.5813188552856445,63.44525146484375,0.02868257276713848,0.45000001788139343,-0.03834369033575058,8.720656394958496
Walker2d-v5,D,0,2,12004,23.157531169010326,67.80315624922514,172.72998450512057,9.081382886821736,0.22541093826293945,5.547332763671875,56.598609924316406,0.022066399455070496,0.675000011920929,0.16403016448020935,8.692418098449707
Walker2d-v5,D,0,3,16005,22.646533177001402,90.44968942622654,176.67163308082846,19.500673597469117,0.10781627893447876,7.30226993560791,386.8559875488281,0.014998223632574081,0.675000011920929,-0.04541315138339996,8.688234329223633
Walker2d-v5,D,0,4,20005,22.61914964998141,113.06883907620795,176.84130756008716,36.66709104028283,0.08075004816055298,8.030765533447266,1015.808349609375,0.015374764800071716,0.675000011920929,-0.1351463347673416,8.505188941955566
Walker2d-v5,D,0,5,24005,21.95624262909405,135.025081705302,182.18053369020575,67.4465218337551,0.10478359460830688,8.294522285461426,1374.372802734375,0.016391199082136154,0.675000011920929,0.021585524082183838,8.454166412353516
Walker2d-v5,D,0,6,28006,23.92075018188916,158.94583188719116,167.26064063949093,86.75952345867125,0.04305821657180786,9.142234802246094,2905.906005859375,0.017613371834158897,0.675000011920929,-0.06846118718385696,8.177624702453613
Walker2d-v5,D,0,7,32008,21.24409383907914,180.1899257262703,188.3817700258037,91.78098173673008,0.09346872568130493,8.69898796081543,2661.52880859375,0.014783180318772793,0.675000011920929,-0.05787911266088486,8.279263496398926
Walker2d-v5,D,0,8,36010,21.164406741969287,201.3543324682396,189.09105503363736,124.28820213308174,0.1055859923362732,8.969247817993164,3306.6318359375,0.014959863387048244,0.675000011920929,-0.058689627796411514,8.344130516052246
Walker2d-v5,D,0,9,40012,21.023573014885187,222.37790548312478,190.35774733279112,120.37963555791347,0.140830397605896,8.985452651977539,2999.031005859375,0.01481994055211544,0.675000011920929,-0.043039239943027496,8.45659065246582
Walker2d-v5,D,0,10,44013,21.167911499971524,243.5458169830963,189.01250602854148,176.34541175781106,0.11960577964782715,9.402482032775879,5076.5087890625,0.014860991388559341,0.675000011920929,-0.14041708409786224,8.10018253326416
Walker2d-v5,D,0,11,48013,21.05908036697656,264.60489735007286,189.94181751034733,242.68798680388835,0.084026038646698,9.570887565612793,5406.1396484375,0.014586576260626316,0.675000011920929,-0.011419960297644138,8.25504207611084
Walker2d-v5,D,0,12,52015,21.144275750033557,285.7491731001064,189.2710843970926,211.96766781191002,0.1270763874053955,9.40953540802002,5244.244140625,0.015485139563679695,0.675000011920929,-0.06904786825180054,8.383843421936035
Walker2d-v5,D,0,13,56015,21.03250670991838,306.7816798100248,190.18180073199287,230.32052385966236,0.05054289102554321,9.504366874694824,6491.4833984375,0.018618635833263397,0.675000011920929,-0.09572871029376984,7.966026782989502
Walker2d-v5,D,0,14,60018,21.20138546312228,327.9830652731471,188.80841570296545,252.07574721047712,0.13583141565322876,9.571627616882324,4889.76806640625,0.01635567843914032,0.675000011920929,-0.14550001919269562,8.215869903564453
Walker2d-v5,D,0,15,64018,21.580193164991215,349.5632584381383,185.35515272815346,253.84080225014463,0.06739765405654907,9.597137451171875,6147.72509765625,0.016802163794636726,0.675000011920929,0.0439954437315464,8.362208366394043
Walker2d-v5,D,0,16,68021,22.77233908791095,372.33559752604924,175.78343553320153,267.93067526599077,0.12441051006317139,9.641950607299805,6704.90966796875,0.01648310385644436,0.675000011920929,-2.2706085474055726e-06,8.111838340759277
Walker2d-v5,D,0,17,72023,21.024902340956032,393.3604998670053,190.34571172319764,292.14363849945516,0.01655501127243042,9.685480117797852,6386.39111328125,0.016695234924554825,0.675000011920929,0.029770521447062492,8.188618659973145
Walker2d-v5,D,0,18,76023,21.093972373055294,414.45447224006057,189.62763055049132,245.8572287060093,0.140092134475708,9.045703887939453,5695.96240234375,0.014736018143594265,0.675000011920929,-0.07174830883741379,8.37164306640625
Walker2d-v5,D,0,19,80024,21.034372688969597,435.48884492903017,190.21247075735803,265.6796912943496,0.10986959934234619,9.345390319824219,5987.68115234375,0.012546191923320293,0.675000011920929,-0.06960618495941162,8.325469017028809
Walker2d-v5,D,0,20,84027,21.060700396075845,456.549545325106,190.069652229888,277.4843546042172,0.09866821765899658,9.590344429016113,5931.08837890625,0.015211865305900574,0.675000011920929,-0.011367186903953552,8.000864028930664
Walker2d-v5,D,0,21,88027,21.136845096945763,477.6863904220518,189.24300110322486,274.44432231250636,0.0592079758644104,9.631536483764648,6471.08935546875,0.01582234539091587,0.675000011920929,-0.10435596108436584,8.190017700195312
Walker2d-v5,D,0,22,92029,21.08134110807441,498.7677315301262,189.8361199832389,270.2862751234032,0.060596764087677,9.203795433044434,5810.5634765625,0.02114061266183853,1.0125000476837158,-0.025089766830205917,8.4685640335083
Walker2d-v5,D,0,23,96029,21.595841250149533,520.3635727802757,185.22084662815826,278.2082050286977,0.0793381929397583,9.617770195007324,6653.84228515625,0.011537552811205387,1.0125000476837158,-0.09345605224370956,8.212753295898438
Walker2d-v5,D,0,24,100032,20.946753962896764,541.3103267431725,191.10359567360948,263.7679411274428,0.11829280853271484,9.158300399780273,4885.1435546875,0.01229324471205473,1.0125000476837158,0.0961417406797409,8.344841957092285
Walker2d-v5,D,0,25,104032,21.46664318512194,562.7769699282944,186.33560755192096,285.0638106043922,-0.11581873893737793,9.719289779663086,5779.328125,0.010619936510920525,1.0125000476837158,-0.13943599164485931,8.139036178588867
Walker2d-v5,D,0,26,108035,21.67267129314132,584.4496412214357,184.70265828591312,312.0971473007673,-0.1357177495956421,9.591756820678711,5226.888671875,0.013931836001574993,1.0125000476837158,0.04951935261487961,8.224603652954102
Walker2d-v5,D,0,27,112036,21.199244269169867,605.6488854906056,188.73314299315226,292.07120737466886,0.056697964668273926,9.641836166381836,5584.8359375,0.01719101145863533,1.0125000476837158,-0.08554776757955551,8.313305854797363
Walker2d-v5,D,0,28,116037,21.006890687160194,626.6557761777658,190.46131384143806,257.4989836878647,0.218034029006958,9.386987686157227,4182.25634765625,0.011371415108442307,1.0125000476837158,-0.12307862937450409,8.243348121643066
Walker2d-v5,D,0,29,120037,20.99742822512053,647.6532044028863,190.49952008953892,302.75071001756817,0.054180681705474854,9.42978572845459,4909.263671875,0.013682286255061626,1.0125000476837158,-0.06112447381019592,8.226276397705078
Walker2d-v5,D,0,30,124040,21.501665165880695,669.154869568767,186.17162759803583,332.10497732155625,-0.08690595626831055,9.601580619812012,5011.439453125,0.009610632434487343,1.0125000476837158,-0.0989498570561409,8.36013412475586
Walker2d-v5,D,0,31,128042,21.47481531603262,690.6296848847996,186.35783084067765,327.46928133519043,0.21207010746002197,9.193119049072266,3966.20654296875,0.01221107691526413,1.0125000476837158,0.06326840817928314,8.390142440795898
Walker2d-v5,D,0,32,132043,20.94838584214449,711.5780707269441,190.99323595380258,284.26799578058046,0.20830100774765015,9.279816627502441,3986.7958984375,0.011835651472210884,1.0125000476837158,-0.0075157517567276955,8.350192070007324
Walker2d-v5,D,0,33,136046,20.95927081000991,732.537341536954,190.98946887447116,277.0296770268614,0.16572266817092896,9.309064865112305,3766.04638671875,0.013847535476088524,1.0125000476837158,0.005856442730873823,8.292814254760742
Walker2d-v5,D,0,34,140049,21.378425360890105,753.9157668978442,187.2448476641842,303.74198952694184,0.2745274305343628,9.166808128356934,3447.570556640625,0.013859091326594353,1.0125000476837158,0.15949368476867676,8.776952743530273
Walker2d-v5,D,0,35,144052,21.080599643057212,774.9963665409014,189.89023404362067,293.97639271046637,0.12858843803405762,9.552536010742188,4370.32958984375,0.012082172557711601,1.0125000476837158,-0.06918202340602875,8.220702171325684
Walker2d-v5,D,0,36,148054,21.77911572600715,796.7754822669085,183.7540169374775,283.4624248139281,0.16084569692611694,9.53903865814209,3206.088134765625,0.010115142911672592,1.0125000476837158,-0.11053389310836792,8.082801818847656
Walker2d-v5,D,0,37,152055,21.23895869590342,818.0144409628119,188.380233573867,389.02751270300524,0.3010024428367615,9.752695083618164,3460.794189453125,0.01155089121311903,1.0125000476837158,-0.20566733181476593,7.97316837310791
Walker2d-v5,D,0,38,156058,21.370232346933335,839.3846733097453,187.3166344199546,339.1467002001125,0.31454890966415405,9.5744047164917,3331.24560546875,0.011100875213742256,1.0125000476837158,0.014380568638443947,8.160022735595703
Walker2d-v5,D,0,39,160058,21.198343254160136,860.5830165639054,188.69399141440016,271.882337380378,0.25910311937332153,9.678858757019043,3146.40087890625,0.010985450819134712,1.0125000476837158,-0.019721699878573418,8.620704650878906
Walker2d-v5,D,0,40,164061,20.923987813061103,881.5070043769665,191.3115241589493,290.1969729212643,0.21456283330917358,9.529321670532227,2670.309326171875,0.012713415548205376,1.0125000476837158,0.016159914433956146,8.236018180847168
Walker2d-v5,D,0,41,168061,21.02449706196785,902.5315014389344,190.25425379786031,290.67507613079226,0.2398497462272644,9.76430892944336,3271.25439453125,0.011317367665469646,1.0125000476837158,-0.16837665438652039,8.170124053955078
Walker2d-v5,D,0,42,172061,20.82277496298775,923.3542764019221,192.09735528093424,316.1769279498849,0.25823354721069336,9.269625663757324,3123.137939453125,0.011372248642146587,1.0125000476837158,-0.1427387297153473,8.298452377319336
Walker2d-v5,D,0,43,176061,20.714444939047098,944.0687213409692,193.10196395655905,303.00706068874655,0.39906954765319824,9.32874870300293,2626.87744140625,0.009030272252857685,1.0125000476837158,-0.031181052327156067,8.381057739257812
Walker2d-v5,D,0,44,180064,20.751344102900475,964.8200654438697,192.90316714667603,312.89968449591186,0.39789390563964844,9.585212707519531,2499.55517578125,0.012751176953315735,1.0125000476837158,0.04660122096538544,8.643321990966797
Walker2d-v5,D,0,45,184066,20.925750674912706,985.7458161187824,191.2476193648759,299.84095277938985,0.3827650547027588,9.232114791870117,2337.826416015625,0.013585815206170082,1.0125000476837158,0.14034996926784515,8.593345642089844
Walker2d-v5,D,0,46,188067,20.4747008101549,1006.2205169289373,195.41189085486474,293.85455888316363,0.2927212119102478,9.583080291748047,2604.092529296875,0.010261762887239456,1.0125000476837158,-0.044306039810180664,8.122498512268066
Walker2d-v5,D,0,47,192070,20.876326585887,1027.0968435148243,191.7482936249016,309.1739765163828,0.43025898933410645,9.368782997131348,2669.79345703125,0.010312599129974842,1.0125000476837158,-0.05245266482234001,8.444018363952637
Walker2d-v5,D,0,48,196072,21.555137171875685,1048.6519806867,185.66339745782994,269.4134384113591,0.44843441247940063,9.289043426513672,2145.8876953125,0.012644886039197445,1.0125000476837158,0.03050876222550869,8.78141975402832
Walker2d-v5,D,0,49,200072,21.17243813490495,1069.824418821605,188.92486422740265,305.35854559724874,0.47758108377456665,9.369396209716797,2224.591796875,0.012317548505961895,1.0125000476837158,-0.05862998962402344,8.937590599060059
Walker2d-v5,D,0,50,204075,21.194383878959343,1091.0188027005643,188.8707887363485,331.33966616617596,0.2995927333831787,9.773870468139648,2521.978271484375,0.010619906708598137,1.0125000476837158,-0.11423094570636749,8.176342964172363
Walker2d-v5,D,0,51,208075,21.246660890989006,1112.2654635915533,188.26487703281666,297.5823188891415,0.4823789596557617,9.479957580566406,1924.8052978515625,0.01051262766122818,1.0125000476837158,-0.08511824905872345,8.261543273925781
Walker2d-v5,D,0,52,212078,21.74104414600879,1134.006507737562,184.12179162677745,321.3093078540951,0.5067330002784729,9.523656845092773,2112.528564453125,0.013034695759415627,1.0125000476837158,-0.1093015968799591,8.398606300354004
Walker2d-v5,D,0,53,216079,21.190745453117415,1155.1972531906795,188.80883680339826,325.0491348884487,0.45758503675460815,9.573702812194824,1803.93798828125,0.012139638885855675,1.0125000476837158,0.008217515423893929,8.438336372375488
Walker2d-v5,D,0,54,220080,21.218870738055557,1176.416123928735,188.5585736108142,311.1006190210746,0.4731898307800293,9.30569076538086,1336.5970458984375,0.013387491926550865,1.0125000476837158,0.13689203560352325,8.758755683898926
Walker2d-v5,D,0,55,224080,21.213080771965906,1197.629204700701,188.56289866609993,311.3254482367593,0.6135947704315186,9.530117988586426,1481.289794921875,0.01167073380202055,1.0125000476837158,-0.11150158196687698,8.98894214630127
Walker2d-v5,D,0,56,228081,21.01042720489204,1218.639631905593,190.42925500669557,298.77923234443443,0.4107201099395752,9.169902801513672,1088.3284912109375,0.011095396243035793,1.0125000476837158,-0.08964583277702332,8.35864543914795
Walker2d-v5,D,0,57,232084,21.117386230966076,1239.757018136559,189.55944434686182,283.90336192964077,0.5589768290519714,9.248682975769043,1113.458251953125,0.008881236426532269,1.0125000476837158,-0.0024206957314163446,8.784951210021973
Walker2d-v5,D,0,58,236085,21.528244050918147,1261.2852621874772,185.84887789904832,311.7573229280757,0.5484538674354553,9.287923812866211,878.9779663085938,0.01092224009335041,1.0125000476837158,-0.002974658040329814,8.382386207580566
Walker2d-v5,D,0,59,240087,21.324101942125708,1282.609364129603,187.67496098365856,290.2625540364619,0.6554861664772034,9.209617614746094,788.5363159179688,0.011286383494734764,1.0125000476837158,0.038005199283361435,8.995376586914062
Walker2d-v5,D,0,60,244087,21.042134515941143,1303.651498645544,190.09478325355596,292.2544306189636,0.5233632326126099,9.327407836914062,921.4113159179688,0.01181841641664505,1.0125000476837158,-0.037936437875032425,8.966106414794922
Walker2d-v5,D,0,61,248088,20.85804880503565,1324.5095474505797,191.8204352381254,320.07263969440646,0.4522706866264343,9.738433837890625,752.908203125,0.009688426740467548,1.0125000476837158,0.0004791762912645936,8.169036865234375
Walker2d-v5,D,0,62,252088,21.154543553944677,1345.6640910045244,189.0846753464516,311.44295032661694,0.7662378549575806,9.434907913208008,353.3398742675781,0.012658732943236828,1.0125000476837158,-0.12640367448329926,8.417125701904297
Walker2d-v5,D,0,63,256090,21.175082833971828,1366.8391738384962,188.99571875957292,286.09285805305313,0.6322320699691772,8.94599437713623,314.4976806640625,0.01129237376153469,1.0125000476837158,0.12628386914730072,8.752365112304688
Walker2d-v5,D,0,64,260093,21.311304901028052,1388.1504787395243,187.83457974959086,318.7923469117984,0.881740391254425,8.998767852783203,199.2702178955078,0.008864588104188442,1.0125000476837158,-0.015825804322957993,8.674237251281738
Walker2d-v5,D,0,65,264095,21.168849762994796,1409.319328502519,189.05136768441167,297.2076166201778,0.8253642320632935,8.213456153869629,113.07011413574219,0.00730576366186142,1.0125000476837158,0.09718510508537292,8.956714630126953
Walker2d-v5,D,0,66,268095,21.157062544953078,1430.4763910474721,189.0621626466847,303.66491889481824,0.6764269471168518,8.554503440856934,441.61773681640625,0.009343408979475498,1.0125000476837158,0.1207171231508255,8.6879243850708
Walker2d-v5,D,0,67,272098,21.1991286969278,1451.6755197444,188.8285154181888,295.1760065619856,0.526266872882843,8.286225318908691,597.536865234375,0.00989177729934454,1.0125000476837158,0.02279750257730484,8.810831069946289
Walker2d-v5,D,0,68,276099,22.035408250056207,1473.7109279944561,181.57140337936758,275.55967117950894,0.46925902366638184,7.980563163757324,421.73046875,0.008125984109938145,1.0125000476837158,-0.13077041506767273,8.595027923583984
Walker2d-v5,D,0,69,280100,21.501649691956118,1495.2125776864123,186.07874546001906,293.89741503654193,0.7643274664878845,7.644964218139648,135.69430541992188,0.009236223064363003,1.0125000476837158,0.09679052978754044,8.28470516204834
Walker2d-v5,D,0,70,284101,21.57430954510346,1516.7868872315157,185.45205312992616,300.4306667771732,0.7788360118865967,7.88962984085083,199.6063232421875,0.009332338348031044,1.0125000476837158,0.043586019426584244,9.314067840576172
Walker2d-v5,D,0,71,288104,21.083239077124745,1537.8701263086405,189.86646147475716,309.0646698237345,0.8336708545684814,6.738244533538818,105.17601776123047,0.007566129323095083,1.0125000476837158,0.0915551483631134,9.23616886138916
Walker2d-v5,D,0,72,292105,21.138523162109777,1559.0086494707502,189.27528518982265,290.8847892538132,0.6020572185516357,7.328094959259033,627.8366088867188,0.009315313771367073,1.0125000476837158,0.07832245528697968,9.020146369934082
Walker2d-v5,D,0,73,296105,21.266979730920866,1580.275629201671,188.08500551605118,319.7472995469126,0.7829426527023315,6.784546375274658,77.18659210205078,0.005781424231827259,1.0125000476837158,-0.015511172823607922,8.170852661132812
Walker2d-v5,D,0,74,300107,21.168297535041347,1601.4439267367125,189.05629956189026,308.2497168987261,0.7668959498405457,7.370881080627441,114.11158752441406,0.00898981373757124,1.0125000476837158,0.030137160792946815,9.307974815368652
Walker2d-v5,D,1,0,4003,22.020739602157846,22.020739602157846,181.7831767833874,0.5954488825420515,0.14061450958251953,3.2846179008483887,13.621373176574707,0.04160717502236366,0.30000001192092896,0.08530474454164505,8.485637664794922
Walker2d-v5,D,1,1,8006,21.451021063141525,43.47176066529937,186.61116355333795,3.4395613603188377,0.11389768123626709,4.408727645874023,27.824554443359375,0.032361213117837906,0.45000001788139343,0.11018109321594238,8.434772491455078
Walker2d-v5,D,1,2,12008,21.34168545086868,64.81344611616805,187.52033475580555,9.150158716933547,0.09544718265533447,6.4225897789001465,122.16902160644531,0.02592387981712818,0.675000011920929,-0.15584300458431244,8.310317039489746
Walker2d-v5,D,1,3,16010,21.058191319927573,85.87163743609563,190.04481150348693,20.61129200760653,0.07435762882232666,7.9087653160095215,697.49169921875,0.01720963791012764,0.675000011920929,-0.2776831388473511,8.227677345275879
Walker2d-v5,D,1,4,20012,21.008828832069412,106.88046626816504,190.49134209190447,35.73923683928602,0.04122239351272583,8.09940242767334,816.0484008789062,0.01631937362253666,0.675000011920929,-0.0644715428352356,8.2794189453125
Walker2d-v5,D,1,5,24013,21.239571986021474,128.1200382541865,188.3747941170002,62.585880036370106,0.10094678401947021,8.4010591506958,1593.706787109375,0.018614856526255608,0.675000011920929,-0.04657842963933945,8.206199645996094
Walker2d-v5,D,1,6,28016,21.112711821915582,149.2327500761021,189.6014132985406,91.95033251048714,0.09094125032424927,8.81788158416748,2915.977783203125,0.015828359872102737,0.675000011920929,-0.04942898079752922,8.22066879272461
Walker2d-v5,D,1,7,32016,20.98575255391188,170.21850263001397,190.6055067467368,165.02843265894876,0.07838183641433716,9.22507095336914,4908.240234375,0.015654105693101883,0.675000011920929,-5.627435530186631e-05,8.181090354919434
Walker2d-v5,D,1,8,36016,20.95481934491545,191.17332197492942,190.88687590955413,184.95859886877207,0.03495299816131592,9.312240600585938,6043.5244140625,0.01652171090245247,0.675000011920929,0.009771613404154778,8.204459190368652
Walker2d-v5,D,1,9,40016,21.164134369930252,212.33745634485967,188.99898904833793,247.6519166963824,0.029257237911224365,9.922985076904297,8332.3935546875,0.014165506698191166,0.675000011920929,-0.1964087337255478,8.091532707214355
Walker2d-v5,D,1,10,44019,20.968090978916734,233.3055473237764,190.90912968781888,233.16621597468878,0.06188666820526123,8.746399879455566,6315.8564453125,0.018817387521266937,0.675000011920929,0.14023098349571228,8.287190437316895
Walker2d-v5,D,1,11,48021,21.148920404026285,254.4544677278027,189.22951732505967,250.499968789224,0.007778644561767578,9.594698905944824,7567.17822265625,0.01765875332057476,0.675000011920929,-0.11889251321554184,8.136999130249023
Walker2d-v5,D,1,12,52023,20.92806951608509,275.3825372438878,191.22642902748893,271.60936162178905,0.017758488655090332,9.59652042388916,7165.1533203125,0.019114242866635323,0.675000011920929,0.09349316358566284,8.352363586425781
Walker2d-v5,D,1,13,56024,20.93300071498379,296.3155379588716,191.13361024901192,258.22536131659393,0.05219578742980957,9.41285228729248,7358.7890625,0.015974678099155426,0.675000011920929,0.008402290754020214,8.306808471679688
Walker2d-v5,D,1,14,60025,21.01775872404687,317.33329668291844,190.36282852663874,254.70714471393856,0.059878528118133545,9.637484550476074,7341.6796875,0.015594691969454288,0.675000011920929,-0.1567046344280243,8.177565574645996
Walker2d-v5,D,1,15,64028,21.007247770903632,338.3405444538221,190.55328159381298,303.1312784873237,0.11076974868774414,9.593114852905273,7165.892578125,0.015582751482725143,0.675000011920929,0.026630301028490067,8.241540908813477
Walker2d-v5,D,1,16,68030,21.01334185199812,359.3538863058202,190.45043040688253,291.2970604699426,0.13876652717590332,9.544248580932617,6866.93505859375,0.017854731529951096,0.675000011920929,-0.06855692714452744,8.44982624053955
Walker2d-v5,D,1,17,72032,20.94386924803257,380.29775555385277,191.08217075867873,323.30519888690196,0.08801919221878052,9.72442626953125,7016.18505859375,0.017627999186515808,0.675000011920929,0.003236294724047184,8.357803344726562
Walker2d-v5,D,1,18,76032,21.042689799098298,401.34044535295106,190.08976695419443,272.45247899779974,0.12106680870056152,9.427358627319336,7816.390625,0.01524403691291809,0.675000011920929,0.03414147347211838,8.439682960510254
Walker2d-v5,D,1,19,80035,20.889083239017054,422.2295285919681,191.63119578762152,319.50330941230754,0.14145636558532715,9.534276008605957,7278.37841796875,0.019369296729564667,0.675000011920929,0.05619663745164871,8.548715591430664
Walker2d-v5,D,1,20,84036,20.666301291203126,442.89582988317125,193.60019694008218,351.042322012242,-0.015935301780700684,9.732854843139648,8415.966796875,0.015835966914892197,0.675000011920929,-0.0003238775534555316,8.113787651062012
Walker2d-v5,D,1,21,88037,20.939654247136787,463.83548413030803,191.07287793670625,280.75029237707747,0.10547763109207153,9.731440544128418,6548.3369140625,0.01807752437889576,0.675000011920929,-0.04752572625875473,8.371416091918945
Walker2d-v5,D,1,22,92038,22.3254218371585,486.16090596746653,179.2127391447862,338.11588136789464,0.07414448261260986,9.921077728271484,7771.47216796875,0.014075789600610733,0.675000011920929,-0.1642213612794876,8.10702896118164
Walker2d-v5,D,1,23,96041,21.644168488914147,507.8050744563807,184.94588979245302,280.7051186766085,0.05754762887954712,9.540218353271484,6780.00927734375,0.016010893508791924,0.675000011920929,-0.12235141545534134,8.083803176879883
Walker2d-v5,D,1,24,100044,21.0458553340286,528.8509297904093,190.20372118246166,302.09570596725706,0.11593884229660034,9.691629409790039,6730.99951171875,0.016502147540450096,0.675000011920929,-0.0005518803372979164,8.285634994506836
Walker2d-v5,D,1,25,104047,21.10995417414233,549.9608839645516,189.6261814202937,351.6370210644294,-0.05683743953704834,9.94250202178955,7343.44091796875,0.017819371074438095,0.675000011920929,-0.03536287322640419,8.016741752624512
Walker2d-v5,D,1,26,108047,21.06152776791714,571.0224117324688,189.91974580747976,320.25518270591397,0.10579836368560791,9.423686981201172,6243.00390625,0.01712469756603241,0.675000011920929,0.06891418248414993,8.27110767364502
Walker2d-v5,D,1,27,112048,21.006948680849746,592.0293604133185,190.46078803664486,325.11998559493304,0.058165669441223145,9.59951400756836,6306.3251953125,0.014058309607207775,0.675000011920929,-0.10370670258998871,8.250155448913574
Walker2d-v5,D,1,28,116050,20.915416207863018,612.9447766211815,191.3421162757198,347.4900225191026,0.010576069355010986,9.626708984375,6241.64501953125,0.015880722552537918,0.675000011920929,0.12139895558357239,8.39680004119873
Walker2d-v5,D,1,29,120052,20.9139672878664,633.8587439090479,191.35537246067273,350.94426142987345,0.059458374977111816,9.78506088256836,6654.63720703125,0.01644206792116165,0.675000011920929,-0.08940930664539337,8.138479232788086
Walker2d-v5,D,1,30,124053,21.04483811603859,654.9035820250865,190.11787964055551,280.10722772103145,0.16377127170562744,9.60184383392334,5004.513671875,0.017509816214442253,0.675000011920929,-0.06651878356933594,8.363519668579102
Walker2d-v5,D,1,31,128055,21.101520512951538,676.005102538038,189.65457951448008,331.1025721801166,0.015129506587982178,9.66748332977295,6919.71728515625,0.018572797998785973,0.675000011920929,-0.07293499261140823,8.255171775817871
Walker2d-v5,D,1,32,132057,20.6607684250921,696.6658709631301,193.70044316162262,339.91615207133117,-0.04207491874694824,9.740663528442383,6496.4423828125,0.013238203711807728,0.675000011920929,-0.03582892566919327,7.907254695892334
Walker2d-v5,D,1,33,136060,20.82405983400531,717.4899307971355,192.2295667563908,322.47254740888,-0.05353856086730957,9.716669082641602,5811.138671875,0.01635758765041828,0.675000011920929,-0.001815947936847806,8.604928970336914
Walker2d-v5,D,1,34,140063,21.47315925802104,738.9630900551565,186.41877293881325,312.19484892897896,0.0940733551979065,9.703817367553711,5399.34765625,0.022754279896616936,1.0125000476837158,0.12356901913881302,8.940115928649902
Walker2d-v5,D,1,35,144063,21.418580850819126,760.3816709059756,186.75373629373885,310.9662969881366,0.16340774297714233,9.844043731689453,5565.4462890625,0.013194040395319462,1.0125000476837158,-0.054868586361408234,8.214875221252441
Walker2d-v5,D,1,36,148065,20.986596534959972,781.3682674409356,190.6931404210003,317.35972675446175,0.14968419075012207,9.465865135192871,5582.14404296875,0.010756325908005238,1.0125000476837158,-0.0838988646864891,8.320630073547363
Walker2d-v5,D,1,37,152065,21.12697416706942,802.495241608005,189.3314190838929,290.01005499105565,0.10515326261520386,9.74729061126709,5183.64404296875,0.009425453841686249,1.0125000476837158,-0.04540310427546501,8.591641426086426
Walker2d-v5,D,1,38,156068,21.10348704503849,823.5987286530435,189.6842920535789,328.8969443189094,0.21721595525741577,9.612174034118652,4808.97021484375,0.009012381546199322,1.0125000476837158,-0.03971277177333832,8.455880165100098
Walker2d-v5,D,1,39,160071,21.072573245037347,844.6713018980809,189.96256192597258,323.5394727134677,0.11328494548797607,9.743305206298828,5416.1025390625,0.010183200240135193,1.0125000476837158,-0.11927022784948349,8.201518058776855
Walker2d-v5,D,1,40,164071,22.01194423204288,866.6832461301237,181.71952272063197,328.24777400238037,0.1896911859512329,9.562019348144531,5541.7900390625,0.012573061510920525,1.0125000476837158,0.034441642463207245,9.024186134338379
Walker2d-v5,D,1,41,168072,21.38692366401665,888.0701697941404,187.07692900833862,274.542536408438,0.19341212511062622,9.132246017456055,4241.62353515625,0.014511645771563053,1.0125000476837158,0.16950739920139313,9.320541381835938
Walker2d-v5,D,1,42,172073,21.501208871835843,909.5713786659762,186.0825604666749,290.26266308525965,0.17714768648147583,9.631996154785156,4900.79443359375,0.013926665298640728,1.0125000476837158,-0.21577554941177368,8.574329376220703
Walker2d-v5,D,1,43,176075,20.895152910146862,930.4665315761231,191.5276723367071,315.09190290441813,0.0603066086769104,9.864999771118164,5122.7705078125,0.008991186507046223,1.0125000476837158,-0.016784533858299255,8.451292037963867
Walker2d-v5,D,1,44,180078,21.129170885076746,951.5957024611998,189.45371883130852,307.2654622630001,0.26562976837158203,9.552175521850586,5143.26416015625,0.010883782990276814,1.0125000476837158,-0.12589578330516815,8.413830757141113
Walker2d-v5,D,1,45,184078,21.024866285035387,972.6205687462352,190.25091269412883,277.99710609871454,0.16969293355941772,9.611579895019531,4287.2265625,0.011518601328134537,1.0125000476837158,-0.009139470756053925,8.530927658081055
Walker2d-v5,D,1,46,188078,20.987535546999425,993.6081042932346,190.5893138831099,291.96388298311723,0.19219732284545898,9.684104919433594,4659.30859375,0.01263708621263504,1.0125000476837158,-0.04354814067482948,9.009511947631836
Walker2d-v5,D,1,47,192079,21.03161381999962,1014.6397181132343,190.23742230352877,306.46686203701887,0.037261247634887695,9.761470794677734,4814.33056640625,0.009141131304204464,1.0125000476837158,-0.23530873656272888,8.027442932128906
Walker2d-v5,D,1,48,196079,20.903440337162465,1035.5431584503967,191.35606079582686,325.1203274887453,0.21039384603500366,9.379180908203125,4309.2626953125,0.011064312420785427,1.0125000476837158,0.01666998863220215,9.08936595916748
Walker2d-v5,D,1,49,200081,21.06601994903758,1056.6091783994343,189.9741863760475,294.86292584998824,0.12640380859375,9.45337963104248,3890.06884765625,0.011440571397542953,1.0125000476837158,-0.01880752667784691,8.723033905029297
Walker2d-v5,D,1,50,204084,21.006885457085446,1077.6160638565198,190.55656813941553,288.49491028291294,0.27014976739883423,9.664923667907715,3970.12890625,0.01175504457205534,1.0125000476837158,-0.09016160666942596,8.500633239746094
Walker2d-v5,D,1,51,208085,20.982315741013736,1098.5983795975335,190.68438628913208,296.89314745057123,0.17385756969451904,9.497889518737793,3590.76904296875,0.012049014680087566,1.0125000476837158,-0.048123255372047424,8.900529861450195
Walker2d-v5,D,1,52,212087,20.89703222294338,1119.4954118204769,191.51044786187882,306.43939433592436,0.194366455078125,9.590103149414062,4230.4365234375,0.0152159184217453,1.0125000476837158,-0.12183704972267151,8.488859176635742
Walker2d-v5,D,1,53,216088,21.175361647969112,1140.670773468446,188.94600557548108,298.1597106689053,0.3363879919052124,9.55237102508545,3200.934814453125,0.01140462327748537,1.0125000476837158,0.04742773622274399,9.008278846740723
Walker2d-v5,D,1,54,220088,21.51892596599646,1162.1896994344424,185.88288311046176,305.6961939911625,0.2960192561149597,9.64956283569336,3285.143310546875,0.011157161556184292,1.0125000476837158,0.011024519801139832,8.758011817932129
Walker2d-v5,D,1,55,224088,22.607744683045894,1184.7974441174883,176.9305189915604,286.1320210934314,0.15269392728805542,9.603337287902832,3789.216552734375,0.010678526945412159,1.0125000476837158,-0.10916446894407272,8.9843168258667
Walker2d-v5,D,1,56,228090,22.635588011005893,1207.4330321284942,176.80123874202624,301.6052057700456,0.30913060903549194,9.627089500427246,3235.70751953125,0.012186938896775246,1.0125000476837158,-0.09066513180732727,8.624444007873535
Walker2d-v5,D,1,57,232092,20.940020174952224,1228.3730523034465,191.11729437524914,287.48898327008123,0.3286580443382263,9.578926086425781,2928.027587890625,0.01313660480082035,1.0125000476837158,0.03440263122320175,8.788333892822266
Walker2d-v5,D,1,58,236092,21.61360331508331,1249.9866556185298,185.06863208729996,308.39089421369073,0.29837244749069214,9.516416549682617,3433.259765625,0.013094095513224602,1.0125000476837158,-0.01248672790825367,9.0357027053833
Walker2d-v5,D,1,59,240093,22.305961448000744,1272.2926170665305,179.36908970846468,302.25568855553223,0.3173275589942932,9.25199031829834,2948.014892578125,0.011242292821407318,1.0125000476837158,-0.006747851148247719,8.762243270874023
Walker2d-v5,D,1,60,244093,22.611627259058878,1294.9042443255894,176.90013877251948,303.3672263300177,0.3634531497955322,9.582121849060059,2323.538818359375,0.011157069355249405,1.0125000476837158,0.015091605484485626,8.893552780151367
Walker2d-v5,D,1,61,248094,20.79946028906852,1315.703704614658,192.36076053871398,298.3309595354196,0.3475281596183777,9.301787376403809,2723.133056640625,0.013634905219078064,1.0125000476837158,0.040618348866701126,8.63094711303711
Walker2d-v5,D,1,62,252097,21.008080951170996,1336.711785565829,190.54572425268915,297.71821477264433,0.33205097913742065,9.636932373046875,2837.843505859375,0.011150441132485867,1.0125000476837158,-0.07661927491426468,9.200088500976562
Walker2d-v5,D,1,63,256098,20.999335011001676,1357.7111205768306,190.52984286901716,313.20191696564575,0.4397732615470886,9.309144973754883,2702.3701171875,0.012474503368139267,1.0125000476837158,0.005789842456579208,9.153203010559082
Walker2d-v5,D,1,64,260101,20.86806201096624,1378.5791825877968,191.82423350555547,311.9761278850081,0.36966413259506226,9.549482345581055,2051.27099609375,0.012038773857057095,1.0125000476837158,-0.022634077817201614,8.487913131713867
Walker2d-v5,D,1,65,264101,20.979357493808493,1399.5585400816053,190.66360831977315,306.43065609647897,0.2859845757484436,9.57957649230957,2271.192138671875,0.012407471425831318,1.0125000476837158,-0.13253098726272583,8.136123657226562
Walker2d-v5,D,1,66,268101,20.988390119979158,1420.5469302015845,190.58155376063556,285.9879597474373,0.4890443682670593,9.510660171508789,1626.547119140625,0.011384448036551476,1.0125000476837158,-0.01343534141778946,8.098017692565918
Walker2d-v5,D,1,67,272101,21.136163332965225,1441.6830935345497,189.24910528872383,335.1331673248965,0.5576848983764648,9.825922012329102,2250.541259765625,0.011807471513748169,1.0125000476837158,-0.09805339574813843,8.272945404052734
Walker2d-v5,D,1,68,276104,20.96845395094715,1462.6515474854968,190.90582497710488,317.90015112387425,0.3491949439048767,9.534915924072266,2195.8173828125,0.010702080093324184,1.0125000476837158,-0.005977966822683811,8.414873123168945
Walker2d-v5,D,1,69,280106,20.93476884579286,1483.5863163312897,191.16523470973308,303.0475739377546,0.5067081451416016,9.44478988647461,1805.635009765625,0.01178097166121006,1.0125000476837158,-0.07953637838363647,7.952374458312988
Walker2d-v5,D,1,70,284108,20.963776315096766,1504.5500926463865,190.90072035914716,328.7704091845095,0.5721482634544373,9.521468162536621,1927.7489013671875,0.013258541002869606,1.0125000476837158,-0.17911185324192047,8.815388679504395
Walker2d-v5,D,1,71,288110,21.017085358966142,1525.5671780053526,190.4165078861755,320.12769924303495,0.4782576560974121,9.496430397033691,1548.2535400390625,0.01287822611629963,1.0125000476837158,-0.07438430190086365,8.24891471862793
Walker2d-v5,D,1,72,292113,21.24787878803909,1546.8150567933917,188.39527653242163,335.4681969954723,0.639507532119751,9.263216972351074,1625.209716796875,0.011221164837479591,1.0125000476837158,-0.026124132797122,9.039791107177734
Walker2d-v5,D,1,73,296116,21.06877237302251,1567.8838291664142,189.9968317625206,340.00532468903367,0.6252428293228149,9.185771942138672,1580.5711669921875,0.011766757816076279,1.0125000476837158,0.011793836951255798,9.395181655883789
Walker2d-v5,D,1,74,300118,21.21927169105038,1589.1031008574646,188.60213763547395,328.508625456726,0.5086115598678589,9.465900421142578,1611.51416015625,0.01357298344373703,1.0125000476837158,-0.03582412004470825,8.137118339538574
Walker2d-v5,D,2,0,4001,23.297005001921207,23.297005001921207,171.738813623041,-2.259591204903677,0.17115044593811035,4.565783977508545,15.245155334472656,0.03321687504649162,0.30000001192092896,0.08746553212404251,8.492048263549805
Walker2d-v5,D,2,1,8004,24.025079565122724,47.32208456704393,166.617554341471,4.634133198151522,0.11829304695129395,5.7024827003479,90.00696563720703,0.028669850900769234,0.45000001788139343,-0.14784491062164307,8.245240211486816
Walker2d-v5,D,2,2,12007,21.81648502498865,69.13856959203258,183.4851029125432,12.990769024873861,0.09091168642044067,6.226574420928955,208.44146728515625,0.025235356763005257,0.675000011920929,-0.11623726785182953,8.113036155700684
Walker2d-v5,D,2,3,16007,22.969001197023317,92.1075707890559,174.1477553024109,30.088701627990126,0.10132795572280884,7.8268327713012695,529.354736328125,0.01500331424176693,0.675000011920929,0.06749042868614197,8.084484100341797
Walker2d-v5,D,2,4,20009,21.62708838097751,113.73465917003341,185.0457134821731,54.18335690195297,0.0949661135673523,8.085197448730469,2052.835693359375,0.016486922279000282,0.675000011920929,-0.10647649317979813,7.9423298835754395
Walker2d-v5,D,2,5,24009,21.291245826985687,135.0259049970191,187.87064094343327,90.9075508089512,0.09903818368911743,8.830572128295898,3614.62939453125,0.015784913673996925,0.675000011920929,-0.12014240771532059,7.968424320220947
Walker2d-v5,D,2,6,28009,21.111693885875866,156.13759888289496,189.46845391103733,106.72121163281827,0.11888259649276733,9.169515609741211,3478.309814453125,0.018405964598059654,0.675000011920929,-0.09052358567714691,8.157524108886719
Walker2d-v5,D,2,7,32009,21.488631682936102,177.62623056583107,186.144937426442,121.18480754050668,0.12421190738677979,8.909802436828613,3315.62548828125,0.015442298725247383,0.675000011920929,0.03372745215892792,8.101068496704102
Walker2d-v5,D,2,8,36012,21.68143161991611,199.30766218574718,184.62802965109222,148.2084231367505,0.09107381105422974,8.946791648864746,4067.12939453125,0.014356119558215141,0.675000011920929,-0.1061880886554718,8.023436546325684
Walker2d-v5,D,2,9,40013,21.49376347195357,220.80142565770075,186.14701912118645,158.44221663338124,0.12798213958740234,8.593259811401367,5232.396484375,0.016894686967134476,0.675000011920929,-0.06634867191314697,7.981805324554443
Walker2d-v5,D,2,10,44013,21.95902070403099,242.76044636173174,182.15748570544062,169.55814001906325,0.0923035740852356,9.214305877685547,5249.810546875,0.016201689839363098,0.675000011920929,-0.06895660609006882,7.848799228668213
Walker2d-v5,D,2,11,48014,21.33692153193988,264.0973678936716,187.51533551879933,207.16173877293951,0.1535136103630066,9.271121978759766,4157.22119140625,0.01688811369240284,0.675000011920929,-0.030126772820949554,7.977108001708984
Walker2d-v5,D,2,12,52017,21.33070663595572,285.42807452962734,187.6637313670807,168.2925574366901,0.08582228422164917,9.244592666625977,4778.775390625,0.01605118066072464,0.675000011920929,-0.11261571198701859,7.910388469696045
Walker2d-v5,D,2,13,56017,21.283456549979746,306.7115310796071,187.93939746614168,220.18348554421542,0.13227641582489014,9.132538795471191,5800.8701171875,0.021167613565921783,1.0125000476837158,0.06896153837442398,7.985119819641113
Walker2d-v5,D,2,14,60018,21.488660973962396,328.2001920535695,186.19121986465203,252.3344584889171,0.06575953960418701,9.536759376525879,6652.18115234375,0.010248536244034767,1.0125000476837158,-0.12362047284841537,8.01071548461914
Walker2d-v5,D,2,15,64018,21.97700661001727,350.17719866358675,182.0084086509203,234.58281718767714,0.03994607925415039,9.38386058807373,6966.8125,0.012567714788019657,1.0125000476837158,-0.12171878665685654,7.689250946044922
Walker2d-v5,D,2,16,68021,21.359627719968557,371.5368263835553,187.40963337379236,298.5904528569293,-0.07165646553039551,9.739334106445312,7584.67431640625,0.012758155353367329,1.0125000476837158,-0.08713391423225403,7.582315444946289
Walker2d-v5,D,2,17,72024,21.34486068598926,392.88168706954457,187.5392891473667,294.1630897826869,-0.03851795196533203,9.846159934997559,8233.23828125,0.010096142068505287,1.0125000476837158,-0.12704715132713318,7.734255790710449
Walker2d-v5,D,2,18,76024,21.368571548955515,414.2502586185001,187.19079985463594,226.02224553630467,0.09360390901565552,9.116063117980957,6012.5234375,0.01091429777443409,1.0125000476837158,-0.00023405664251185954,7.684833526611328
Walker2d-v5,D,2,19,80027,21.27037303103134,435.5206316495314,188.19604123350467,282.4644863530331,0.04779946804046631,9.534948348999023,6505.642578125,0.011716343462467194,1.0125000476837158,-0.07398169487714767,7.882946968078613
Walker2d-v5,D,2,20,84027,21.319614646025002,456.8402462955564,187.62065198705605,261.749293476412,0.0838513970375061,9.391468048095703,6095.90966796875,0.011252335272729397,1.0125000476837158,-0.10455521941184998,7.855693817138672
Walker2d-v5,D,2,21,88027,21.24705622298643,478.08730251854286,188.26137409438127,265.30577796084265,0.20873534679412842,9.159981727600098,5802.783203125,0.01062643714249134,1.0125000476837158,-0.06623026728630066,8.37531852722168
Walker2d-v5,D,2,22,92028,21.61672571511008,499.70402823365293,185.08816056278604,287.1193004393251,0.04466003179550171,9.652283668518066,5675.62939453125,0.01029006764292717,1.0125000476837158,-0.08152559399604797,7.8839430809021
Walker2d-v5,D,2,23,96030,22.866186128929257,522.5702143625822,175.0182552278297,240.47513481406313,0.13174831867218018,9.540897369384766,5042.32763671875,0.01135412510484457,1.0125000476837158,-0.062529556453228,8.141951560974121
Walker2d-v5,D,2,24,100032,21.45072326506488,544.0209376276471,186.567135781279,267.6753246416478,0.072651207447052,9.58802318572998,5701.3505859375,0.01041901670396328,1.0125000476837158,-0.09723743796348572,7.941851615905762
Walker2d-v5,D,2,25,104032,21.48900355002843,565.5099411776755,186.14171618928827,256.2492417595717,0.17669135332107544,9.304736137390137,5208.41455078125,0.014238759875297546,1.0125000476837158,0.056507740169763565,7.999502182006836
Walker2d-v5,D,2,26,108033,21.36338167102076,586.8733228486963,187.28308381192858,264.70079953662815,0.20147019624710083,9.54416275024414,4868.615234375,0.012456555850803852,1.0125000476837158,-0.06196483224630356,8.136959075927734
Walker2d-v5,D,2,27,112033,21.53001237194985,608.4033352206461,185.78716681144863,275.55438307429785,0.10445725917816162,9.742712020874023,5400.8994140625,0.011807896196842194,1.0125000476837158,0.027412857860326767,8.012796401977539
Walker2d-v5,D,2,28,116036,22.256186272017658,630.6595214926638,179.86010500967575,284.9682927270207,0.03224825859069824,9.593591690063477,5482.76513671875,0.010942189022898674,1.0125000476837158,-0.02050129510462284,7.765429973602295
Walker2d-v5,D,2,29,120036,21.37398398993537,652.0335054825991,187.14339834274833,242.34481373703244,0.1808895468711853,9.281266212463379,4573.20947265625,0.009967141784727573,1.0125000476837158,-0.05611233413219452,8.15523624420166
Walker2d-v5,D,2,30,124036,21.553954019909725,673.5874595025089,185.58079859988277,261.1933669400742,0.21455460786819458,9.018648147583008,5220.11181640625,0.0098688630387187,1.0125000476837158,-0.029602427035570145,8.26156234741211
Walker2d-v5,D,2,31,128037,21.741600604960695,695.3290601074696,184.02508962873264,283.5843817425673,0.1836569905281067,9.520297050476074,5352.61083984375,0.013685952872037888,1.0125000476837158,-0.02698906511068344,8.106668472290039
Walker2d-v5,D,2,32,132040,21.56290700403042,716.8919671115,185.64287270041007,317.8486477136246,0.10117733478546143,9.600765228271484,4866.9541015625,0.010987075977027416,1.0125000476837158,-0.019377542659640312,8.018157958984375
Walker2d-v5,D,2,33,136041,22.215077358996496,739.1070444704965,180.1029064785005,309.8680940273699,0.18940848112106323,9.566325187683105,4214.81640625,0.012044142931699753,1.0125000476837158,0.07730721682310104,8.023346900939941
Walker2d-v5,D,2,34,140042,21.388634392991662,760.4956788634881,187.0619660183164,303.2352788726158,0.057090163230895996,9.74362564086914,4825.71240234375,0.013372689485549927,1.0125000476837158,-0.01737908646464348,8.03658390045166
Walker2d-v5,D,2,35,144042,22.232015627902,782.7276944913901,179.9207083580785,287.1070858466732,0.22491687536239624,9.662967681884766,4573.689453125,0.012369929812848568,1.0125000476837158,-0.07624394446611404,8.292210578918457
Walker2d-v5,D,2,36,148042,21.60956779308617,804.3372622844763,185.1031930994831,305.38123817215103,0.12962675094604492,9.906614303588867,5667.09716796875,0.011271738447248936,1.0125000476837158,-0.12255838513374329,7.764810562133789
Walker2d-v5,D,2,37,152042,21.503258527023718,825.8405208115,186.01831880378006,260.14388301674165,0.16250115633010864,9.700520515441895,4117.45068359375,0.010155193507671356,1.0125000476837158,-0.12388020008802414,8.099452018737793
Walker2d-v5,D,2,38,156044,22.002534996951,847.843055808451,181.88813246085405,277.5652136208127,0.12242156267166138,9.417989730834961,4038.25830078125,0.011936142109334469,1.0125000476837158,-0.04539727419614792,8.131706237792969
Walker2d-v5,D,2,39,160044,21.77492031804286,869.6179761264939,183.69757232523926,293.7518632401516,0.1864718794822693,9.04224967956543,4548.26416015625,0.01242122333496809,1.0125000476837158,-0.03247201442718506,8.195090293884277
Walker2d-v5,D,2,40,164045,21.354709489969537,890.9726856164634,187.35913976630303,280.54162157407967,0.1893441081047058,9.140427589416504,3966.35888671875,0.016646312549710274,1.0125000476837158,0.16380099952220917,8.857378959655762
Walker2d-v5,D,2,41,168047,26.304494936950505,917.2771805534139,152.14129788815305,299.6360337396973,0.2122233510017395,9.420056343078613,4669.3037109375,0.010929839685559273,1.0125000476837158,-0.04674053192138672,8.06493854522705
Walker2d-v5,D,2,42,172049,25.207032951060683,942.4842135044746,158.76521476247765,320.6400129301038,0.2217845916748047,9.281332015991211,4507.56689453125,0.011514387093484402,1.0125000476837158,-0.0717652440071106,8.330940246582031
Walker2d-v5,D,2,43,176049,33.97137208003551,976.4555855845101,117.74620084747013,331.92112867784715,0.06750524044036865,9.831256866455078,4639.14697265625,0.012466279789805412,1.0125000476837158,-0.22167302668094635,8.1764554977417
Walker2d-v5,D,2,44,180051,25.831788124050945,1002.2873737085611,154.92539582553707,292.24299076587744,0.2785055637359619,9.614656448364258,3357.61376953125,0.011389991268515587,1.0125000476837158,0.0044426703825592995,8.383440017700195
Walker2d-v5,D,2,45,184051,38.0182738408912,1040.3056475494523,105.2125621678734,308.15775435866016,0.3282667398452759,9.217147827148438,3484.75341796875,0.014901221729815006,1.0125000476837158,-0.05087845399975777,8.60187816619873
Walker2d-v5,D,2,46,188051,23.665542953880504,1063.9711905033328,169.02210981574413,313.8729982798071,0.34126824140548706,9.482189178466797,3448.1123046875,0.012537571601569653,1.0125000476837158,0.021501420065760612,8.549113273620605
Walker2d-v5,D,2,47,192054,22.277531078085303,1086.248721581418,179.6877753629442,330.1234172772841,0.29517775774002075,9.359238624572754,3452.414306640625,0.011085288599133492,1.0125000476837158,-0.05669567734003067,8.474913597106934
Walker2d-v5,D,2,48,196055,22.747538497904316,1108.9962600793224,175.88716248875033,336.28874096846874,0.21722137928009033,9.488341331481934,3237.964599609375,0.01291811466217041,1.0125000476837158,0.09014527499675751,8.044984817504883
Walker2d-v5,D,2,49,200057,22.50400911294855,1131.500269192271,177.83497953248227,306.82797687664277,0.23776954412460327,9.61446475982666,2604.802001953125,0.012506088241934776,1.0125000476837158,-0.0758681371808052,8.047039031982422
Walker2d-v5,D,2,50,204057,23.839374802075326,1155.3396439943463,167.7896351397513,339.5030380848028,0.3799276351928711,9.485361099243164,2900.67822265625,0.01339658536016941,1.0125000476837158,0.07071011513471603,8.726446151733398
Walker2d-v5,D,2,51,208060,23.30016831518151,1178.6398123095278,171.80133404408915,305.0070315341371,0.26172852516174316,9.404616355895996,2910.181396484375,0.01216422114521265,1.0125000476837158,-0.028693675994873047,8.266519546508789
Walker2d-v5,D,2,52,212061,22.286036870907992,1200.9258491804358,179.5294525974186,311.98225080329246,0.2971648573875427,9.641931533813477,2757.62548828125,0.011595130898058414,1.0125000476837158,-0.036543503403663635,8.082521438598633
Walker2d-v5,D,2,53,216063,34.53267154097557,1235.4585207214113,115.89025179390859,306.5251209011299,0.40026581287384033,9.421468734741211,2646.843017578125,0.01255689188838005,1.0125000476837158,0.02761179953813553,8.51105785369873
Walker2d-v5,D,2,54,220063,24.04576115682721,1259.5042818782385,166.34948562916657,285.81799320568734,0.460795521736145,9.347565650939941,2587.36083984375,0.009563399478793144,1.0125000476837158,-0.11309660226106644,8.663509368896484
Walker2d-v5,D,2,55,224064,22.321383839007467,1281.825665717246,179.24515920953343,340.50339449319125,0.3339664936065674,9.509865760803223,2321.177734375,0.014014572836458683,1.0125000476837158,0.023290596902370453,8.438576698303223
Walker2d-v5,D,2,56,228067,21.763271761825308,1303.5889374790713,183.93374138816822,286.06931281198223,0.23740285634994507,9.281095504760742,2198.031494140625,0.011974923312664032,1.0125000476837158,-0.012421634048223495,8.058412551879883
Walker2d-v5,D,2,57,232070,21.95284333312884,1325.5417808122002,182.3454000584566,306.4555728130487,0.37454140186309814,9.630707740783691,2172.4150390625,0.009333627298474312,1.0125000476837158,-0.017764706164598465,8.863407135009766
Walker2d-v5,D,2,58,236070,23.256177122006193,1348.7979579342064,171.99731404758668,302.41246995208024,0.28227072954177856,9.800073623657227,2132.40478515625,0.012920075096189976,1.0125000476837158,-0.047151610255241394,8.199406623840332
Walker2d-v5,D,2,59,240073,23.087037237128243,1371.8849951713346,173.38734108170593,331.1675024973726,0.4344583749771118,9.249678611755371,2333.98046875,0.012573452666401863,1.0125000476837158,-0.013691481202840805,8.83940601348877
Walker2d-v5,D,2,60,244073,22.404585961950943,1394.2895811332855,178.53487704673873,320.64514807876833,0.17379319667816162,9.5224027633667,2156.40234375,0.010689591988921165,1.0125000476837158,-0.21590900421142578,7.334872722625732
Walker2d-v5,D,2,61,248073,23.175972024910152,1417.4655531581957,172.59254523178979,317.40445501512374,0.5613999366760254,9.156525611877441,1864.08203125,0.009553944692015648,1.0125000476837158,-0.08109847456216812,8.444465637207031
Walker2d-v5,D,2,62,252076,22.844819199992344,1440.310372358188,175.22572470178892,309.91871816433405,0.47395968437194824,9.732057571411133,1847.23828125,0.010716063901782036,1.0125000476837158,-0.15776968002319336,7.864649295806885
Walker2d-v5,D,2,63,256076,22.382703434908763,1462.6930757930968,178.70942228370302,322.0958556982181,0.4854893684387207,9.728981971740723,1931.895263671875,0.009786734357476234,1.0125000476837158,-0.2415020763874054,7.88015079498291
Walker2d-v5,D,2,64,260077,22.355979803949594,1485.0490555970464,178.96777663456064,327.0083883636204,0.5301184058189392,9.662569046020508,1831.632080078125,0.009295286610722542,1.0125000476837158,-0.059056565165519714,8.490511894226074
Walker2d-v5,D,2,65,264077,22.54187601013109,1507.5909316071775,177.4475202597274,327.1809560762049,0.5584738254547119,9.088078498840332,1255.2825927734375,0.013621291145682335,1.0125000476837158,0.12205140292644501,8.60519027709961
Walker2d-v5,D,2,66,268077,21.823457509977743,1529.4143891171552,183.28901358417608,333.3437868343854,0.5410208702087402,9.570318222045898,1494.261474609375,0.008704720064997673,1.0125000476837158,-0.09862665086984634,7.904506683349609
Walker2d-v5,D,2,67,272079,21.693695655092597,1551.1080847722478,184.47755807160178,339.18375939296897,0.47236526012420654,9.41126823425293,1444.6890869140625,0.011262345127761364,1.0125000476837158,-0.07040119916200638,8.237166404724121
Walker2d-v5,D,2,68,276080,22.85786687186919,1573.965951644117,175.03820555206602,327.5825447033601,0.6327285766601562,9.301215171813965,1570.9569091796875,0.013826694339513779,1.0125000476837158,-0.14043112099170685,8.329361915588379
Walker2d-v5,D,2,69,280081,23.690542771015316,1597.6564944151323,168.88595751782884,336.9559343969401,0.36140722036361694,9.318573951721191,1409.689453125,0.009836342185735703,1.0125000476837158,-0.14693553745746613,7.770434379577637
Walker2d-v5,D,2,70,284082,22.353510973975062,1620.0100053891074,178.987542702269,330.6938045045603,0.5871721506118774,9.685979843139648,1152.3900146484375,0.014423906803131104,1.0125000476837158,-0.022366944700479507,8.336183547973633
Walker2d-v5,D,2,71,288082,23.29815026000142,1643.3081556491088,171.6874496627852,329.1552369167586,0.6191990375518799,9.659841537475586,1163.7047119140625,0.010949919000267982,1.0125000476837158,-0.14174190163612366,8.205198287963867
Walker2d-v5,D,2,72,292082,22.509187910938635,1665.8173435600474,177.70521157078917,309.37557477704917,0.5159934759140015,9.18690299987793,1085.217041015625,0.010198408737778664,1.0125000476837158,-0.0634528398513794,8.454004287719727
Walker2d-v5,D,2,73,296082,22.256602820940316,1688.0739463809878,179.7219473331557,294.42149704225756,0.5037111043930054,9.522078514099121,1093.6483154296875,0.01015812624245882,1.0125000476837158,-0.015038828365504742,7.996788501739502
Walker2d-v5,D,2,74,300082,21.97329107299447,1710.0472374539822,182.03918505935894,317.64873994674724,0.5616610050201416,9.221214294433594,959.316162109375,0.00859946757555008,1.0125000476837158,-0.037425506860017776,8.608844757080078
Walker2d-v5,P,0,0,2049,6.026042612968013,6.026042612968013,340.0241471227838,-1.4103977356932274,0.42645084857940674,3.456104278564453,3.456104278564453,0.0,,0.08424175530672073,8.48501968383789
Walker2d-v5,P,0,1,4100,5.9953420700039715,12.021384682971984,342.09891213073706,2.4268955968601555,0.3781290650367737,14.09834098815918,14.09834098815918,0.0,,-0.15309500694274902,8.440747261047363
Walker2d-v5,P,0,2,6150,5.947441901778802,17.968826584750786,344.68600683377366,5.603874349105614,0.44623351097106934,12.902681350708008,12.902681350708008,0.0,,-0.027170047163963318,8.407209396362305
Walker2d-v5,P,0,3,8201,5.877935071010143,23.84676165576093,348.93206121236193,11.3464262760205,0.6220927238464355,23.316247940063477,23.316247940063477,0.0,,0.18695923686027527,8.34864616394043
Walker2d-v5,P,0,4,10249,5.782801110995933,29.629562766756862,354.1536291306561,19.8182555524,0.6160110235214233,31.837841033935547,31.837841033935547,0.0,,0.0360095277428627,8.290275573730469
Walker2d-v5,P,0,5,12297,5.741298479028046,35.37086124578491,356.713730784244,36.366657799986484,0.6655633449554443,59.8621711730957,59.8621711730957,0.0,,-0.18772822618484497,8.261765480041504
Walker2d-v5,P,0,6,14346,5.73443177388981,41.10529301967472,357.315263445904,89.4364286266294,0.6719046831130981,95.39749145507812,95.39749145507812,0.0,,-0.10287371277809143,8.209712982177734
Walker2d-v5,P,0,7,16397,5.859598087146878,46.9648911068216,350.0240066804072,134.17357967237467,0.6235942840576172,152.85931396484375,152.85931396484375,0.0,,-0.1787148267030716,8.161908149719238
Walker2d-v5,P,0,8,18447,5.828605398070067,52.793496504891664,351.71363645217497,219.9984905989972,0.8567460179328918,103.04368591308594,103.04368591308594,0.0,,-0.02026113122701645,8.152739524841309
Walker2d-v5,P,0,9,20495,5.833349829073995,58.62684633396566,351.0847214738544,283.99608455210745,0.7102441787719727,82.91211700439453,82.91211700439453,0.0,,-0.14599111676216125,8.144108772277832
Walker2d-v5,P,0,10,22545,5.821480319835246,64.4483266538009,352.14410895028453,297.25525721433036,0.8260776400566101,118.77336120605469,118.77336120605469,0.0,,-0.09336680173873901,8.120747566223145
Walker2d-v5,P,0,11,24596,5.828948718961328,70.27727537276223,351.86447829403306,237.66354784159827,0.8124487996101379,122.84245300292969,122.84245300292969,0.0,,-0.1927124410867691,8.169699668884277
Walker2d-v5,P,0,12,26645,5.824012066004798,76.10128743876703,351.81932605534405,259.50128597107545,0.8563560247421265,128.10472106933594,128.10472106933594,0.0,,-0.0698624774813652,8.156803131103516
Walker2d-v5,P,0,13,28693,5.814704280113801,81.91599171888083,352.21051687944447,267.12315463157995,0.7929294109344482,113.53143310546875,113.53143310546875,0.0,,-0.11700582504272461,8.154495239257812
Walker2d-v5,P,0,14,30741,5.749965447001159,87.66595716588199,356.1760533827408,360.8016637690637,0.8420940637588501,95.60694122314453,95.60694122314453,0.0,,-0.008366521447896957,8.100356101989746
Walker2d-v5,P,0,15,32792,5.829109888989478,93.49506705487147,351.8547495345909,277.42863368166144,0.8976702094078064,137.80667114257812,137.80667114257812,0.0,,-0.10591287910938263,8.06524658203125
Walker2d-v5,P,0,16,34841,5.822304910048842,99.31737196492031,351.9224828750529,251.61823903813368,0.8918825387954712,92.09825897216797,92.09825897216797,0.0,,-0.2452990561723709,8.04001522064209
Walker2d-v5,P,0,17,36891,5.739620537031442,105.05699250195175,357.16646889347663,346.46479339411275,0.6995127201080322,94.2358627319336,94.2358627319336,0.0,,-0.14965008199214935,8.007129669189453
Walker2d-v5,P,0,18,38941,5.711720686871558,110.76871318882331,358.9111079454469,336.7748292290315,0.4962567090988159,69.14881134033203,69.14881134033203,0.0,,0.04763146862387657,8.010659217834473
Walker2d-v5,P,0,19,40989,5.781662942143157,116.55037613096647,354.2233472435603,344.91185150789687,0.8218121528625488,75.66451263427734,75.66451263427734,0.0,,0.013787448406219482,7.968834400177002
Walker2d-v5,P,0,20,43039,5.9317832451779395,122.48215937614441,345.5959051886268,271.9764471204932,0.929641604423523,83.03551483154297,83.03551483154297,0.0,,-0.10185009986162186,7.922446250915527
Walker2d-v5,P,0,21,45090,6.591969930101186,129.0741293062456,311.13612800847795,395.02237868500174,0.8321846127510071,50.33473205566406,50.33473205566406,0.0,,-0.01794208027422428,7.910111904144287
Walker2d-v5,P,0,22,47141,6.353670915821567,135.42780022206716,322.8055130920789,360.10292187412443,0.8092449307441711,56.829166412353516,56.829166412353516,0.0,,-0.04564259946346283,7.875959873199463
Walker2d-v5,P,0,23,49190,6.285225999075919,141.71302622114308,326.00259724968566,303.36099779755165,0.9288352727890015,93.04385375976562,93.04385375976562,0.0,,0.12290409207344055,7.858789920806885
Walker2d-v5,P,0,24,51238,5.754969253903255,147.46799547504634,355.8663668986525,307.1224307902828,0.959903359413147,65.46420288085938,65.46420288085938,0.0,,-0.05292303115129471,7.825244426727295
Walker2d-v5,P,0,25,53288,5.8073689269367605,153.2753644019831,352.99978799199914,310.036543653301,0.976409912109375,35.99961471557617,35.99961471557617,0.0,,-0.015117143280804157,7.833918571472168
Walker2d-v5,P,0,26,55339,5.913980053039268,159.18934445502236,346.8053631574164,366.9169492140282,0.8327682018280029,45.16846466064453,45.16846466064453,0.0,,0.13779403269290924,7.818285942077637
Walker2d-v5,P,0,27,57390,5.80042182514444,164.9897662801668,353.5949732326453,366.1509054143889,0.9383934140205383,42.265052795410156,42.265052795410156,0.0,,-0.06067408621311188,7.823291778564453
Walker2d-v5,P,0,28,59439,7.851697072852403,172.8414633530192,260.9626913759205,360.544920483811,0.949577271938324,46.50483703613281,46.50483703613281,0.0,,-0.08705393970012665,7.796309947967529
Walker2d-v5,P,0,29,61488,6.496274594916031,179.33773794793524,315.41154396452737,365.752072964975,0.8192203044891357,58.69999694824219,58.69999694824219,0.0,,0.1365034431219101,7.819806098937988
Walker2d-v5,P,0,30,63537,5.961222972953692,185.29896092088893,343.7214157726351,452.55938344476635,0.942569375038147,22.26936149597168,22.26936149597168,0.0,,0.05037248134613037,7.776508808135986
Walker2d-v5,P,0,31,65588,5.940361580811441,191.23932250170037,345.2651782385,399.7317681039051,0.9226690530776978,56.47517395019531,56.47517395019531,0.0,,0.18497589230537415,7.73414945602417
Walker2d-v5,P,0,32,67638,5.894946311833337,197.1342688135337,347.75549963617004,376.6804657201884,0.9553948640823364,36.37421798706055,36.37421798706055,0.0,,0.01097051240503788,7.704716205596924
Walker2d-v5,P,0,33,69689,5.852759574074298,202.987028387608,350.43298362796605,393.06311570664343,0.9605865478515625,48.46915054321289,48.46915054321289,0.0,,-0.16331875324249268,7.699074745178223
Walker2d-v5,P,0,34,71740,5.80697773094289,208.7940061185509,353.1957749848259,354.3499590422724,0.9538359642028809,50.30655288696289,50.30655288696289,0.0,,0.14979784190654755,7.701365947723389
Walker2d-v5,P,0,35,73788,6.17887046886608,214.97287658741698,331.45216594511976,431.32281640686676,0.9806908369064331,30.868579864501953,30.868579864501953,0.0,,-0.19055448472499847,7.716483116149902
Walker2d-v5,P,0,36,75837,5.877870769938454,220.85074735735543,348.59561909379215,381.38426305947127,0.7619078159332275,39.51629638671875,39.51629638671875,0.0,,-0.09878137707710266,7.708827495574951
Walker2d-v5,P,0,37,77888,5.981561250053346,226.83230860740878,342.8870681515981,367.34300934073525,0.9727174639701843,34.56638717651367,34.56638717651367,0.0,,0.012215983122587204,7.706913471221924
Walker2d-v5,P,0,38,79938,5.8356359919998795,232.66794459940866,351.28990273045844,337.2129924712687,0.8426812887191772,18.80617332458496,18.80617332458496,0.0,,-0.02527252584695816,7.676059246063232
Walker2d-v5,P,0,39,81987,6.013075014110655,238.6810196135193,340.75743196146556,363.10611019802224,0.9777086973190308,36.319583892822266,36.319583892822266,0.0,,-0.08451319485902786,7.672497749328613
Walker2d-v5,P,0,40,84036,6.02082008915022,244.70183970266953,340.3190877090626,367.837932246222,0.9657607078552246,54.208099365234375,54.208099365234375,0.0,,0.16621387004852295,7.634159088134766
Walker2d-v5,P,0,41,86084,5.973391784122214,250.67523148679174,342.85378793397734,400.4780187507431,0.9719364047050476,26.47696304321289,26.47696304321289,0.0,,0.05390775948762894,7.618782043457031
Walker2d-v5,P,0,42,88134,6.021402433980256,256.696633920772,340.4522488700216,416.35444618962066,0.8852236866950989,25.343040466308594,25.343040466308594,0.0,,0.06566175818443298,7.606481075286865
Walker2d-v5,P,0,43,90183,6.172598659992218,262.8692325807642,331.95095175725925,391.6639109210195,0.826290488243103,62.05640411376953,62.05640411376953,0.0,,0.037583719938993454,7.623538970947266
Walker2d-v5,P,0,44,92233,6.4699391920585185,269.33917177282274,316.8499639867185,400.132919643985,0.7150910496711731,42.447689056396484,42.447689056396484,0.0,,0.10711473971605301,7.626123905181885
Walker2d-v5,P,0,45,94284,6.417611800134182,275.7567835729569,319.5892902024889,401.60352547738455,0.9848341941833496,23.530292510986328,23.530292510986328,0.0,,-0.030085165053606033,7.638831615447998
Walker2d-v5,P,0,46,96335,6.054288015002385,281.8110715879593,338.7681581909664,416.9926269615671,0.9852862358093262,15.574498176574707,15.574498176574707,0.0,,0.0457884818315506,7.6276445388793945
Walker2d-v5,P,0,47,98384,5.917633387958631,287.72870497591794,346.253284998926,370.55618915693026,0.9779706597328186,36.68321228027344,36.68321228027344,0.0,,-0.02297951467335224,7.564591407775879
Walker2d-v5,P,0,48,100433,5.834543153876439,293.5632481297944,351.1843080016737,380.55669121782415,0.8922247290611267,90.11858367919922,90.11858367919922,0.0,,0.12071097642183304,7.545372009277344
Walker2d-v5,P,0,49,102484,5.839604191016406,299.4028523208108,351.2224344169147,371.80753271364574,0.9845512509346008,40.285133361816406,40.285133361816406,0.0,,0.09335675835609436,7.5348968505859375
Walker2d-v5,P,0,50,104533,5.825141707900912,305.2279940287117,351.7510994146023,417.44815489861685,0.9602215886116028,57.16558837890625,57.16558837890625,0.0,,-0.021097227931022644,7.502094745635986
Walker2d-v5,P,0,51,106583,5.831332321977243,311.05932635068893,351.549163520302,434.1412791513746,0.9828729033470154,29.800193786621094,29.800193786621094,0.0,,0.06289854645729065,7.44687557220459
Walker2d-v5,P,0,52,108632,5.893105898983777,316.9524322496727,347.69441362887017,375.89344423386916,0.9878383278846741,32.81187057495117,32.81187057495117,0.0,,-0.004113641567528248,7.424460411071777
Walker2d-v5,P,0,53,110681,5.861706614028662,322.8141388637014,349.55690124377503,408.7478686420555,0.9770858287811279,41.931190490722656,41.931190490722656,0.0,,0.0834709107875824,7.429320812225342
Walker2d-v5,P,0,54,112732,5.966629587812349,328.7807684515137,343.7451529066671,424.5935883385047,0.9588586688041687,76.58014678955078,76.58014678955078,0.0,,0.12926627695560455,7.402382850646973
Walker2d-v5,P,0,55,114783,5.89366649906151,334.67443495057523,348.0006885911504,522.8104776904133,0.9776861667633057,35.48540115356445,35.48540115356445,0.0,,-0.07211542874574661,7.362964153289795
Walker2d-v5,P,0,56,116831,5.774825209053233,340.44926015962847,354.64276854463685,469.0641433170688,0.7590363621711731,149.55874633789062,149.55874633789062,0.0,,-0.06817292422056198,7.332764148712158
Walker2d-v5,P,0,57,118879,5.926276677986607,346.3755368376151,345.5795453505197,437.264162882814,0.9376028776168823,126.97370910644531,126.97370910644531,0.0,,-0.06252224743366241,7.314754486083984
Walker2d-v5,P,0,58,120929,5.85896585509181,352.2345026927069,349.89109865155143,458.79581212436386,0.906475305557251,95.98768615722656,95.98768615722656,0.0,,-0.18605412542819977,7.322567462921143
Walker2d-v5,P,0,59,122977,5.777741280850023,358.0122439735569,354.4637775298062,483.43666639769697,0.9393404722213745,83.12841033935547,83.12841033935547,0.0,,-0.14070504903793335,7.339804649353027
Walker2d-v5,P,0,60,125026,5.793729332974181,363.8059733065311,353.6582194715949,435.04679818643945,0.7960074543952942,113.47518920898438,113.47518920898438,0.0,,-0.18094579875469208,7.302535057067871
Walker2d-v5,P,0,61,127075,5.8988460120745,369.7048193186056,347.35607537573435,469.79198520900775,0.9553187489509583,134.66392517089844,134.66392517089844,0.0,,0.23502209782600403,7.302031993865967
Walker2d-v5,P,0,62,129126,5.78135727904737,375.48617659765296,354.76098448943395,514.458312091964,0.9810153841972351,46.42533874511719,46.42533874511719,0.0,,0.07073284685611725,7.2738566398620605
Walker2d-v5,P,0,63,131177,5.837074958020821,381.3232515556738,351.37462080758223,490.58475447795394,0.8227880597114563,87.59823608398438,87.59823608398438,0.0,,-0.0011084926081821322,7.276423931121826
Walker2d-v5,P,0,64,133228,5.836651760851964,387.15990331652574,351.4000978706017,500.2338562254848,0.9676051139831543,31.879240036010742,31.879240036010742,0.0,,0.027188286185264587,7.241776466369629
Walker2d-v5,P,0,65,135278,5.845599784050137,393.0055031005759,350.6911310612601,435.21963875168285,0.9720000624656677,92.89958190917969,92.89958190917969,0.0,,0.06795650720596313,7.212920188903809
Walker2d-v5,P,0,66,137329,5.916400983929634,398.9219040845055,346.663453942863,512.5891140055611,0.96604323387146,92.16671752929688,92.16671752929688,0.0,,0.1332271546125412,7.188338279724121
Walker2d-v5,P,0,67,139380,5.846011772984639,404.76791585749015,350.8374734170056,566.8126138975541,0.9802062511444092,42.28446960449219,42.28446960449219,0.0,,0.06157006323337555,7.126919269561768
Walker2d-v5,P,0,68,141428,5.813408149871975,410.5813240073621,352.2890440859725,514.9763765687742,0.8254954814910889,34.602561950683594,34.602561950683594,0.0,,-0.02646876499056816,7.079883098602295
Walker2d-v5,P,0,69,143476,5.811677194200456,416.3930012015626,352.3939702025646,604.4769526879909,0.9561868906021118,81.2622299194336,81.2622299194336,0.0,,0.016478396952152252,7.056426048278809
Walker2d-v5,P,0,70,145527,5.770856985123828,422.1638581866864,355.4064856029335,567.7920049907809,0.9506581425666809,110.47442626953125,110.47442626953125,0.0,,0.023087888956069946,7.027763843536377
Walker2d-v5,P,0,71,147578,5.81975451298058,427.983612699667,352.42036333755647,545.9523588919717,0.9027546048164368,60.85943603515625,60.85943603515625,0.0,,-0.055317413061857224,7.001453399658203
Walker2d-v5,P,0,72,149629,5.8569841319695115,433.8405968316365,350.180221388156,602.3369408458861,0.8992359638214111,74.27257537841797,74.27257537841797,0.0,,0.10484684258699417,6.987732410430908
Walker2d-v5,P,0,73,151677,5.76097940094769,439.6015762325842,355.4951089849585,563.7296629138231,0.8404194116592407,99.56047821044922,99.56047821044922,0.0,,0.03533463925123215,6.958832263946533
Walker2d-v5,P,0,74,153728,5.857346771052107,445.4589230036363,350.15854108832207,653.9797505292316,0.936337411403656,151.9401397705078,151.9401397705078,0.0,,-0.021000027656555176,6.953651428222656
Walker2d-v5,P,0,75,155776,5.850499501917511,451.3094225055538,350.0555806096154,608.9215966200226,0.8028651475906372,134.0906219482422,134.0906219482422,0.0,,0.11085555702447891,6.9515380859375
Walker2d-v5,P,0,76,157826,5.871721021831036,457.18114352738485,349.1310285992996,592.4419721599944,0.9709913730621338,96.36390686035156,96.36390686035156,0.0,,-0.0706413984298706,6.956832408905029
Walker2d-v5,P,0,77,159874,5.788306344067678,462.9694498714525,353.8167951492331,627.1622119566471,0.9640622138977051,115.00462341308594,115.00462341308594,0.0,,-0.08516564965248108,6.9230427742004395
Walker2d-v5,P,0,78,161925,5.809878595871851,468.7793284673244,353.0194247875191,610.136734838054,0.9795268774032593,87.70711517333984,87.70711517333984,0.0,,-0.003287062980234623,6.899735450744629
Walker2d-v5,P,0,79,163974,5.873483824077994,474.65281229140237,348.855987582744,650.3991850258742,0.9795269966125488,76.12815856933594,76.12815856933594,0.0,,-0.04953108727931976,6.899574279785156
Walker2d-v5,P,0,80,166024,5.902467511128634,480.555279802531,347.3123733650186,664.7978385180189,0.9269157648086548,42.89495849609375,42.89495849609375,0.0,,0.1467037945985794,6.871860980987549
Walker2d-v5,P,0,81,168073,5.736495575867593,486.2917753783986,357.18671319468547,646.3729315965248,0.846794605255127,113.0663070678711,113.0663070678711,0.0,,-0.011463873088359833,6.857910633087158
Walker2d-v5,P,0,82,170121,5.787786533124745,492.07956191152334,353.84857203679786,694.752922728253,0.7402027249336243,97.6578598022461,97.6578598022461,0.0,,-0.012638536281883717,6.829437732696533
Walker2d-v5,P,0,83,172169,5.957587312208489,498.03714922373183,343.7633210684415,681.0147928963988,0.8142783641815186,41.89493179321289,41.89493179321289,0.0,,0.04728974029421806,6.810154438018799
Walker2d-v5,P,0,84,174217,5.887994475895539,503.92514369962737,347.8264132862502,761.6473542717615,0.9659274220466614,49.95857238769531,49.95857238769531,0.0,,0.030935602262616158,6.796355724334717
Walker2d-v5,P,0,85,176267,5.856456711189821,509.7816004108172,350.0410062082596,777.3531681845146,0.9753768444061279,61.14192581176758,61.14192581176758,0.0,,-0.08999937772750854,6.7691731452941895
Walker2d-v5,P,0,86,178315,5.818107787054032,515.5997081978712,352.00447894022153,826.5132458758233,0.9833780527114868,52.62730026245117,52.62730026245117,0.0,,0.11226607859134674,6.77298641204834
Walker2d-v5,P,0,87,180364,5.792186449049041,521.3918946469203,353.75242458508984,696.5364194458319,0.9836195707321167,54.61778259277344,54.61778259277344,0.0,,0.10782992839813232,6.709773063659668
Walker2d-v5,P,0,88,182412,5.7857310611288995,527.1776257080492,353.97428230969285,842.9639573157824,0.9818407297134399,89.43919372558594,89.43919372558594,0.0,,-0.006909102201461792,6.707501411437988
Walker2d-v5,P,0,89,184462,5.808115501189604,532.9857412092388,352.95441345478133,813.2055005161828,0.8768481612205505,99.79203033447266,99.79203033447266,0.0,,-0.0024320425000041723,6.695190906524658
Walker2d-v5,P,0,90,186511,5.8037345570046455,538.7894757662434,353.04853794993437,652.7204424934858,0.9849717020988464,109.84955596923828,109.84955596923828,0.0,,0.025110412389039993,6.646656036376953
Walker2d-v5,P,0,91,188560,5.746633977862075,544.5361097441055,356.55655256510545,820.4049097138037,0.9026414155960083,97.06979370117188,97.06979370117188,0.0,,0.1170320138335228,6.645617961883545
Walker2d-v5,P,0,92,190610,5.85755691700615,550.3936666611116,349.97525914742175,1028.876817112864,0.8718814849853516,283.18359375,283.18359375,0.0,,0.0834544450044632,6.63985013961792
Walker2d-v5,P,0,93,192659,5.85305785597302,556.2467245170847,350.07342322936455,862.3449337237989,0.8700774908065796,124.40390014648438,124.40390014648438,0.0,,0.045900486409664154,6.644412994384766
Walker2d-v5,P,0,94,194709,5.888982466189191,562.1357069832738,348.1076759473818,857.3386996992384,0.9839040637016296,75.66673278808594,75.66673278808594,0.0,,0.13501109182834625,6.590075969696045
Walker2d-v5,P,0,95,196758,6.102049359120429,568.2377563423943,335.7888275579846,900.2628218604311,0.9710564613342285,150.51605224609375,150.51605224609375,0.0,,0.03208499029278755,6.562690734863281
Walker2d-v5,P,0,96,198809,5.997659323038533,574.2354156654328,341.96673894457257,1114.9082111818323,0.9868183732032776,90.20458221435547,90.20458221435547,0.0,,0.010428164154291153,6.574844837188721
Walker2d-v5,P,0,97,200859,5.732836504932493,579.9682521703653,357.58912681989,952.4398483541754,0.9940521121025085,39.00129699707031,39.00129699707031,0.0,,0.03510194271802902,6.568592071533203
Walker2d-v5,P,0,98,202909,5.78573126392439,585.7539834342897,354.31994790050277,1066.7904069233398,0.8915416598320007,91.41389465332031,91.41389465332031,0.0,,0.1500605046749115,6.561401844024658
Walker2d-v5,P,0,99,204960,5.818400267045945,591.5723837013356,352.5023899810371,1222.9611624842096,0.9839423298835754,62.751224517822266,62.751224517822266,0.0,,-0.10470931977033615,6.596412658691406
Walker2d-v5,P,0,100,207011,5.890335491159931,597.4627191924956,348.19748435010024,998.7939676575752,0.9682058691978455,98.7491683959961,98.7491683959961,0.0,,-0.19159850478172302,6.604964256286621
Walker2d-v5,P,0,101,209061,5.853113549062982,603.3158327415586,350.2409414777511,1069.9988983548485,0.9759349226951599,76.5458984375,76.5458984375,0.0,,0.050021156668663025,6.635680675506592
Walker2d-v5,P,0,102,211111,6.002490394050255,609.3183231356088,341.5249113987731,1004.5026458729199,0.9884318709373474,76.04684448242188,76.04684448242188,0.0,,-0.08781173825263977,6.6054301261901855
Walker2d-v5,P,0,103,213160,6.251809993991628,615.5701331296004,327.7450853383603,1303.6366397963811,0.9288710355758667,151.74044799804688,151.74044799804688,0.0,,0.06319516897201538,6.626782417297363
Walker2d-v5,P,0,104,215211,6.593560782959685,622.1636939125601,311.06105904120557,1377.6828818995202,0.9918238520622253,50.07399368286133,50.07399368286133,0.0,,-0.05818910151720047,6.607280254364014
Walker2d-v5,P,0,105,217262,6.4809451040346175,628.6446390165947,316.46618927896486,1081.471080933863,0.9466301798820496,130.9976806640625,130.9976806640625,0.0,,0.12065383046865463,6.567016124725342
Walker2d-v5,P,0,106,219312,6.088644959963858,634.7332839765586,336.69232045551377,1246.1489502756517,0.9885738492012024,38.851829528808594,38.851829528808594,0.0,,0.04418535158038139,6.568602561950684
Walker2d-v5,P,0,107,221363,5.861876440932974,640.5951604174916,349.8879617588056,1380.202378721333,0.8083314895629883,95.43693542480469,95.43693542480469,0.0,,0.1080927774310112,6.5532402992248535
Walker2d-v5,P,0,108,223414,5.857079830951989,646.4522402484436,350.1744997842445,1175.4558995397429,0.6948219537734985,157.06239318847656,157.06239318847656,0.0,,0.0042099254205822945,6.519722938537598
Walker2d-v5,P,0,109,225465,5.9843929330818355,652.4366331815254,342.72482153737496,979.2696881939946,0.9520665407180786,147.4390106201172,147.4390106201172,0.0,,-1.5912344679236412e-05,6.498996257781982
Walker2d-v5,P,0,110,227514,6.464012942044064,658.9006461235695,316.9857514784091,1364.39296770939,0.9874738454818726,43.361270904541016,43.361270904541016,0.0,,0.03146146610379219,6.481071472167969
Walker2d-v5,P,0,111,229562,5.781968730036169,664.6826148536056,354.204613622528,1675.6195435999812,0.980617344379425,58.97407531738281,58.97407531738281,0.0,,-0.134659543633461,6.479414939880371
Walker2d-v5,P,0,112,231611,5.869389604078606,670.5520044576842,349.09933369837324,1404.6354380670618,0.9867367148399353,74.70757293701172,74.70757293701172,0.0,,-0.04802298918366432,6.486835956573486
Walker2d-v5,P,0,113,233659,5.890026523033157,676.4420309807174,347.70641388306547,1122.6685634591734,0.9787877798080444,78.57699584960938,78.57699584960938,0.0,,-0.023062292486429214,6.497321605682373
Walker2d-v5,P,0,114,235710,5.831970125902444,682.2740011066198,351.68218556034293,1156.3729104825659,0.9716175198554993,133.7073211669922,133.7073211669922,0.0,,-0.05601855739951134,6.489639759063721
Walker2d-v5,P,0,115,237761,5.746237110812217,688.020238217432,356.9292321997649,1202.2780562198557,0.9712194204330444,125.29466247558594,125.29466247558594,0.0,,0.018672799691557884,6.477692127227783
Walker2d-v5,P,0,116,239812,5.918609381886199,693.9388475993183,346.534104155792,889.5835997234976,0.996146023273468,38.89841079711914,38.89841079711914,0.0,,0.09176115691661835,6.430747032165527
Walker2d-v5,P,0,117,241863,5.698220384074375,699.6370679833926,359.9369385101743,972.2910237558924,0.953993022441864,81.02796173095703,81.02796173095703,0.0,,-0.0418802909553051,6.41761589050293
Walker2d-v5,P,0,118,243914,5.855367303825915,705.4924352872185,350.27691578970126,1767.2046640024994,0.9906684756278992,30.433242797851562,30.433242797851562,0.0,,0.025282958522439003,6.414908409118652
Walker2d-v5,P,0,119,245965,5.891845916165039,711.3842812033836,348.10822095208175,1407.7096000418064,0.8242106437683105,81.04125213623047,81.04125213623047,0.0,,0.11797839403152466,6.423291206359863
Walker2d-v5,P,0,120,248016,5.891643519047648,717.2759247224312,348.12017960169,961.6484700661422,0.9733378887176514,126.7044448852539,126.7044448852539,0.0,,-0.014097288250923157,6.417492389678955
Walker2d-v5,P,0,121,250066,5.716045901877806,722.991970624309,358.6395272519671,1350.6584632722877,0.993415117263794,57.80975341796875,57.80975341796875,0.0,,0.04489772394299507,6.414970397949219
Walker2d-v5,P,0,122,252114,5.824992515845224,728.8169631401543,351.58843456519514,1445.4721969360337,0.8846977353096008,41.15516662597656,41.15516662597656,0.0,,-0.11019524931907654,6.421159744262695
Walker2d-v5,P,0,123,254165,5.931515075033531,734.7484782151878,345.7801209395739,1076.6416573531553,0.871622622013092,86.34784698486328,86.34784698486328,0.0,,0.1416085809469223,6.422241687774658
Walker2d-v5,P,0,124,256214,5.822219284018502,740.5706974992063,351.92765851748857,1243.122797700474,0.9622361063957214,123.5044174194336,123.5044174194336,0.0,,-0.03845887631177902,6.434013843536377
Walker2d-v5,P,0,125,258264,5.777969368966296,746.3486668681726,354.79592726999067,1582.110788600595,0.6822654008865356,89.62836456298828,89.62836456298828,0.0,,0.004941638559103012,6.432101726531982
Walker2d-v5,P,0,126,260314,5.745922424830496,752.0945892930031,356.77474362360095,996.2514389301465,0.7726689577102661,58.812862396240234,58.812862396240234,0.0,,-0.10650979727506638,6.450344085693359
Walker2d-v5,P,0,127,262362,5.823776711942628,757.9183660049457,351.6618341153488,1438.1482558501993,0.7757904529571533,72.47908020019531,72.47908020019531,0.0,,-0.12601152062416077,6.4411845207214355
Walker2d-v5,P,0,128,264410,5.8686261551920325,763.7869921601377,348.974350357641,1234.5720183240105,0.9887641072273254,50.840274810791016,50.840274810791016,0.0,,0.09301456809043884,6.458507061004639
Walker2d-v5,P,0,129,266460,5.857781355036423,769.6447735151742,349.96185001637934,1192.1806557975463,0.9849464893341064,93.81614685058594,93.81614685058594,0.0,,-0.1561347097158432,6.44740629196167
Walker2d-v5,P,0,130,268510,5.9071558909490705,775.5519294061232,347.0367191664952,1192.3694023268956,0.9773560166358948,82.69464111328125,82.69464111328125,0.0,,-0.018989156931638718,6.442081928253174
Walker2d-v5,P,0,131,270561,6.05354386405088,781.6054732701741,338.8098023341194,1154.840656047163,0.9839088320732117,75.06309509277344,75.06309509277344,0.0,,0.03963448107242584,6.416581153869629
Walker2d-v5,P,0,132,272611,6.399271737085655,788.0047450072598,320.3489528534394,1225.1948071428374,0.769079327583313,23.412643432617188,23.412643432617188,0.0,,-0.0366358757019043,6.408463001251221
Walker2d-v5,P,0,133,274662,6.573716312181205,794.578461319441,312.00007767287786,1338.9823034111773,0.9928135871887207,39.16184997558594,39.16184997558594,0.0,,-0.053310394287109375,6.4148664474487305
Walker2d-v5,P,0,134,276710,5.980477893026546,800.5589392124675,342.447549616067,1439.7469472083267,0.990349292755127,41.4438362121582,41.4438362121582,0.0,,0.05995377153158188,6.413628101348877
Walker2d-v5,P,0,135,278761,5.888967156875879,806.4479063693434,348.27838997289706,1113.6363375682981,0.9619026780128479,274.2203369140625,274.2203369140625,0.0,,0.09312857687473297,6.427673816680908
Walker2d-v5,P,0,136,280811,5.971082149073482,812.4189885184169,343.3213526158058,1097.7547718542655,0.772592306137085,163.67251586914062,163.67251586914062,0.0,,0.07015477120876312,6.455493450164795
Walker2d-v5,P,0,137,282861,5.77658847393468,818.1955769923516,354.88074133203014,1075.5397767611191,0.9708032608032227,173.2196807861328,173.2196807861328,0.0,,0.0733492374420166,6.4464945793151855
Walker2d-v5,P,0,138,284909,5.786922364961356,823.9824993573129,353.90141267493505,1559.8051631168373,0.9908066987991333,51.820377349853516,51.820377349853516,0.0,,0.016040993854403496,6.464535236358643
Walker2d-v5,P,0,139,286960,5.831408771919087,829.813908129232,351.7160398489826,1358.8667886546004,0.9210518002510071,75.95703887939453,75.95703887939453,0.0,,-0.06955937296152115,6.429975986480713
Walker2d-v5,P,0,140,289010,5.788220712915063,835.6021288421471,354.16755885377756,1230.9601610097377,0.867483913898468,126.1594009399414,126.1594009399414,0.0,,-0.0473485067486763,6.432608604431152
Walker2d-v5,P,0,141,291058,5.876152835087851,841.4782816772349,348.5273541169529,1161.0500069957548,0.9694276452064514,50.91678237915039,50.91678237915039,0.0,,-0.12550108134746552,6.3725128173828125
Walker2d-v5,P,0,142,293106,5.876314167166129,847.354595844401,348.5177854246099,1480.3545636848355,0.9901643395423889,56.214019775390625,56.214019775390625,0.0,,0.05370816960930824,6.361127853393555
Walker2d-v5,P,0,143,295155,5.872215972980484,853.2268118173815,348.93130794711146,1240.4380278511537,0.9884734749794006,77.06303405761719,77.06303405761719,0.0,,0.10211041569709778,6.361884593963623
Walker2d-v5,P,0,144,297206,5.799802582943812,859.0266144003253,353.6327264020376,1251.9879181998112,0.8801233172416687,21.80340576171875,21.80340576171875,0.0,,0.11314599961042404,6.378726959228516
Walker2d-v5,P,0,145,299257,5.842889386927709,864.869503787253,351.02495771847066,983.3845395162592,0.8947510123252869,83.26499938964844,83.26499938964844,0.0,,0.028767909854650497,6.403977870941162
Walker2d-v5,P,0,146,301307,5.8858042461797595,870.7553080334328,348.2956473332549,1113.509550124442,0.9637532234191895,193.79061889648438,193.79061889648438,0.0,,0.1533491462469101,6.3971099853515625
Walker2d-v5,P,1,0,2051,5.904042093083262,5.904042093083262,347.38912217492475,0.9054299087084975,0.22413158416748047,9.70145320892334,9.70145320892334,0.0,,-0.09487304091453552,8.493241310119629
Walker2d-v5,P,1,1,4100,5.834556110901758,11.73859820398502,351.18352811304396,5.2421798559204085,0.2645578384399414,24.250606536865234,24.250606536865234,0.0,,0.012481436133384705,8.458596229553223
Walker2d-v5,P,1,2,6149,5.770717428997159,17.50931563298218,355.0685032166056,15.612385565353899,0.5129960775375366,44.911808013916016,44.911808013916016,0.0,,0.08287933468818665,8.392290115356445
Walker2d-v5,P,1,3,8200,5.770096777006984,23.279412409989163,355.4533102759981,25.73881543715289,0.44577842950820923,80.40377807617188,80.40377807617188,0.0,,-0.09816993027925491,8.329423904418945
Walker2d-v5,P,1,4,10251,5.721254258882254,29.000666668871418,358.487825779779,27.82568668155537,0.7835924029350281,31.809223175048828,31.809223175048828,0.0,,0.10780002176761627,8.330643653869629
Walker2d-v5,P,1,5,12300,5.780757531989366,34.78142420086078,354.45181512307187,44.905574447584144,0.7534478306770325,52.33768844604492,52.33768844604492,0.0,,-0.10010910034179688,8.312263488769531
Walker2d-v5,P,1,6,14348,5.797615885036066,40.57904008589685,353.24865265496277,89.22320508329769,0.8281416893005371,72.29838562011719,72.29838562011719,0.0,,0.04053889587521553,8.267813682556152
Walker2d-v5,P,1,7,16398,5.725765271112323,46.30480535700917,358.0307440024963,162.25083750196356,0.6735438108444214,115.30123901367188,115.30123901367188,0.0,,-0.009760941378772259,8.24544906616211
Walker2d-v5,P,1,8,18446,5.823891839012504,52.128697196021676,351.65488244150805,215.9192713454695,0.7248086333274841,101.42902374267578,101.42902374267578,0.0,,0.08135424554347992,8.194062232971191
Walker2d-v5,P,1,9,20494,5.791370585095137,57.92006778111681,353.62958904249723,176.40945735075925,0.632746696472168,85.07377624511719,85.07377624511719,0.0,,-0.15872825682163239,8.172248840332031
Walker2d-v5,P,1,10,22542,5.824059094069526,63.74412687518634,351.64478363301987,231.52764724508336,0.8196717500686646,102.07121276855469,102.07121276855469,0.0,,-0.08689356595277786,8.16897201538086
Walker2d-v5,P,1,11,24591,5.812279701931402,69.55640657711774,352.5294901618592,379.4517418428391,0.6515688896179199,97.87628936767578,97.87628936767578,0.0,,-0.04245363548398018,8.180336952209473
Walker2d-v5,P,1,12,26640,5.817865753080696,75.37427233019844,352.1910073148399,407.8800738941056,-0.03039705753326416,62.53638458251953,62.53638458251953,0.0,,-0.11731363832950592,8.186227798461914
Walker2d-v5,P,1,13,28691,5.814410554012284,81.18868288421072,352.74426890696424,287.7729173394332,0.9479460120201111,64.2293930053711,64.2293930053711,0.0,,-0.06094161421060562,8.182137489318848
Walker2d-v5,P,1,14,30742,5.831425762036815,87.02010864624754,351.71501510869297,320.5693131721162,0.7988475561141968,59.584835052490234,59.584835052490234,0.0,,-0.27869945764541626,8.138184547424316
Walker2d-v5,P,1,15,32790,5.805308751063421,92.82541739731096,352.7805475677492,319.0718297404808,0.9493858814239502,58.73124694824219,58.73124694824219,0.0,,-0.02384060062468052,8.099810600280762
Walker2d-v5,P,1,16,34840,5.816065804101527,98.64148320141248,352.47194049185737,267.88189859941554,0.9232391715049744,83.31690216064453,83.31690216064453,0.0,,-0.06258145719766617,8.155915260314941
Walker2d-v5,P,1,17,36890,5.82344668218866,104.46492988360114,352.0252029215002,264.40823398579033,0.947769045829773,82.12684631347656,82.12684631347656,0.0,,-0.0849519893527031,8.127937316894531
Walker2d-v5,P,1,18,38941,5.8234154840465635,110.28834536764771,352.1988093789257,270.00315519209187,0.890076220035553,87.99925231933594,87.99925231933594,0.0,,0.02199685573577881,8.1204195022583
Walker2d-v5,P,1,19,40991,5.819966029142961,116.10831139679067,352.23573294668864,359.1778065127157,0.8863369226455688,75.72101593017578,75.72101593017578,0.0,,-0.017117425799369812,8.111583709716797
Walker2d-v5,P,1,20,43040,5.717307928018272,121.82561932480894,358.3854544476534,311.571269691579,0.8835698366165161,50.767662048339844,50.767662048339844,0.0,,-0.12833651900291443,8.096508026123047
Walker2d-v5,P,1,21,45089,5.754566803108901,127.58018612791784,356.0650297591522,436.2960445239946,0.8526906967163086,39.37684631347656,39.37684631347656,0.0,,-0.10938341915607452,8.056105613708496
Walker2d-v5,P,1,22,47140,5.717644391115755,133.2978305190336,358.7141591363927,268.0362319819075,0.9053134918212891,100.23615264892578,100.23615264892578,0.0,,-0.09612490236759186,7.979304790496826
Walker2d-v5,P,1,23,49191,5.711030879989266,139.00886139902286,359.1295587608265,285.3816494362531,0.9513433575630188,83.04898071289062,83.04898071289062,0.0,,-0.18366804718971252,7.95037841796875
Walker2d-v5,P,1,24,51240,5.766973169986159,144.77583456900902,355.2990346242443,336.09620142911115,0.9512414932250977,46.02239990234375,46.02239990234375,0.0,,0.0942755714058876,7.949368476867676
Walker2d-v5,P,1,25,53289,5.723337283125147,150.49917185213417,358.00790668782196,335.18788920846936,0.9393821358680725,54.239715576171875,54.239715576171875,0.0,,0.032367147505283356,7.943950653076172
Walker2d-v5,P,1,26,55340,5.771881157066673,156.27105300920084,355.34342170037655,325.9298789223062,0.924041748046875,106.8543701171875,106.8543701171875,0.0,,0.14176395535469055,7.926547527313232
Walker2d-v5,P,1,27,57390,5.724253104068339,161.99530611326918,358.12532442757026,322.72666619411626,0.8667768239974976,141.0709228515625,141.0709228515625,0.0,,-0.08103567361831665,7.907875061035156
Walker2d-v5,P,1,28,59441,5.746311771217734,167.7416178844869,356.9245947066602,370.28598037715795,0.9116550087928772,64.48655700683594,64.48655700683594,0.0,,-0.05981354042887688,7.848685264587402
Walker2d-v5,P,1,29,61492,5.741931119933724,173.48354900442064,357.19690068725055,306.9757716852125,0.9601584672927856,70.89508819580078,70.89508819580078,0.0,,0.03222660720348358,7.839541912078857
Walker2d-v5,P,1,30,63542,5.748674697941169,179.2322237023618,356.60393181304676,372.7406549506317,0.8230512142181396,35.30064010620117,35.30064010620117,0.0,,0.011817618273198605,7.865954875946045
Walker2d-v5,P,1,31,65591,5.723182958783582,184.9554066611454,358.01756029052393,332.6454314591394,0.9629353880882263,53.38198471069336,53.38198471069336,0.0,,0.1313987672328949,7.848361492156982
Walker2d-v5,P,1,32,67639,5.722491764929146,190.67789842607453,357.88605455954865,342.31708936951725,0.9571926593780518,55.31978225708008,55.31978225708008,0.0,,-0.012806542217731476,7.815354347229004
Walker2d-v5,P,1,33,69687,5.849704330088571,196.5276027561631,350.1031649524398,329.93787976822347,0.9369240403175354,57.42512512207031,57.42512512207031,0.0,,-0.048747677356004715,7.801390647888184
Walker2d-v5,P,1,34,71737,5.830190831096843,202.35779358725995,351.6179931994319,317.6186215829831,0.9695696830749512,29.633562088012695,29.633562088012695,0.0,,-0.07172434777021408,7.770572662353516
Walker2d-v5,P,1,35,73787,5.734230461064726,208.09202404832467,357.50219910403774,376.149416897493,0.8581176996231079,48.633968353271484,48.633968353271484,0.0,,0.15884631872177124,7.77960205078125
Walker2d-v5,P,1,36,75836,5.716452556895092,213.80847660521977,358.43908081219524,426.9879565017871,0.9697697758674622,30.39809226989746,30.39809226989746,0.0,,-0.03792225942015648,7.785073280334473
Walker2d-v5,P,1,37,77886,5.726181594887748,219.53465820010751,358.0047132682991,332.82460519183934,0.7580649256706238,25.56527328491211,25.56527328491211,0.0,,-0.06693726778030396,7.766932010650635
Walker2d-v5,P,1,38,79936,5.7140069080051035,225.24866510811262,358.7675046608762,390.58846150987404,0.9499629735946655,50.19533920288086,50.19533920288086,0.0,,-0.004706209525465965,7.766472816467285
Walker2d-v5,P,1,39,81985,5.774807621957734,231.02347273007035,354.81701454590836,336.61029774689774,0.9817191362380981,22.93840789794922,22.93840789794922,0.0,,-0.020916005596518517,7.770279884338379
Walker2d-v5,P,1,40,84036,5.749847462866455,236.7733201929368,356.70511491752177,353.7668106503594,0.8122272491455078,43.51416015625,43.51416015625,0.0,,0.0744781419634819,7.791107654571533
Walker2d-v5,P,1,41,86084,5.746018452104181,242.519338645041,356.420714112052,373.185386259723,0.972307026386261,35.12945556640625,35.12945556640625,0.0,,0.10466545075178146,7.79376220703125
Walker2d-v5,P,1,42,88132,5.720914663048461,248.24025330808945,357.9847140926758,376.8713093023445,0.7645958662033081,24.638708114624023,24.638708114624023,0.0,,-0.003640386275947094,7.8144145011901855
Walker2d-v5,P,1,43,90182,5.730664809932932,253.97091811802238,357.72463893661086,364.3691406794668,0.9677528738975525,37.787071228027344,37.787071228027344,0.0,,0.11088713258504868,7.80169677734375
Walker2d-v5,P,1,44,92230,5.817692785989493,259.7886109040119,352.0295889346569,335.1925790750067,0.9576923847198486,40.80097198486328,40.80097198486328,0.0,,0.059951797127723694,7.814436912536621
Walker2d-v5,P,1,45,94278,5.839206137927249,265.6278170419391,350.73260844443854,363.0469129321323,0.9532476663589478,57.98259353637695,57.98259353637695,0.0,,0.00658189132809639,7.797305583953857
Walker2d-v5,P,1,46,96329,5.723903991980478,271.3517210339196,358.32187312602906,394.92075996773843,0.557115912437439,64.28433990478516,64.28433990478516,0.0,,0.021858301013708115,7.766300201416016
Walker2d-v5,P,1,47,98377,5.719001908088103,277.0707229420077,358.10444425689286,342.0738837791795,0.9664254188537598,38.280330657958984,38.280330657958984,0.0,,-0.000355646014213562,7.703426837921143
Walker2d-v5,P,1,48,100427,5.844885817961767,282.9156087599695,350.73396878005695,383.8255866450375,0.9534191489219666,55.478492736816406,55.478492736816406,0.0,,0.08216312527656555,7.6971211433410645
Walker2d-v5,P,1,49,102475,5.737632915144786,288.65324167511426,356.9416221442462,404.97209136932327,0.9815376400947571,20.015941619873047,20.015941619873047,0.0,,-0.044162310659885406,7.680511474609375
Walker2d-v5,P,1,50,104525,5.742285732878372,294.39552740799263,357.0006954308105,374.55699582536005,0.9873864650726318,24.627561569213867,24.627561569213867,0.0,,-0.06879476457834244,7.702915191650391
Walker2d-v5,P,1,51,106576,6.1474905021023005,300.54301791009493,333.6320730058233,395.2679265816964,0.9879926443099976,19.21481704711914,19.21481704711914,0.0,,0.0056399088352918625,7.692779541015625
Walker2d-v5,P,1,52,108627,5.741128565976396,306.2841464760713,357.24683334123966,443.11949250495013,0.9793007373809814,32.534122467041016,32.534122467041016,0.0,,0.06893139332532883,7.7561421394348145
Walker2d-v5,P,1,53,110678,5.8412000180687755,312.1253464941401,351.1264797739462,426.536635231266,0.8757244348526001,37.773136138916016,37.773136138916016,0.0,,0.026325587183237076,7.790408611297607
Walker2d-v5,P,1,54,112726,5.708641487173736,317.83398798131384,358.7543559359049,437.33739495443064,0.9378495812416077,50.06352233886719,50.06352233886719,0.0,,0.059572286903858185,7.828028678894043
Walker2d-v5,P,1,55,114777,5.710733252111822,323.54472123342566,359.1482756161904,449.033528248487,0.9526563286781311,112.4166030883789,112.4166030883789,0.0,,-0.03474624454975128,7.838512420654297
Walker2d-v5,P,1,56,116825,5.711401992011815,329.2561232254375,358.58095838191934,511.8442001967143,0.9652876853942871,54.9117317199707,54.9117317199707,0.0,,0.23678475618362427,7.799025535583496
Walker2d-v5,P,1,57,118873,5.788413736969233,335.0445369624067,353.810230758024,477.4283149040845,0.6841068267822266,52.39287567138672,52.39287567138672,0.0,,0.05601247772574425,7.801857948303223
Walker2d-v5,P,1,58,120922,5.850297305965796,340.8948342683725,350.23861059343903,477.93341250339387,0.9643523693084717,70.59700775146484,70.59700775146484,0.0,,0.08752654492855072,7.760361194610596
Walker2d-v5,P,1,59,122972,5.82958693895489,346.7244212073274,351.6544176228578,481.0530441255415,0.860553503036499,98.47269439697266,98.47269439697266,0.0,,0.09057779610157013,7.760737419128418
Walker2d-v5,P,1,60,125020,5.835947996005416,352.5603692033328,350.9284183823799,430.4453959333002,0.851763129234314,53.97130584716797,53.97130584716797,0.0,,0.0019286435563117266,7.790955066680908
Walker2d-v5,P,1,61,127069,5.775639124913141,358.33600832824595,354.76593251154947,534.1560116549869,0.9668580293655396,47.35277557373047,47.35277557373047,0.0,,0.09812416136264801,7.750087261199951
Walker2d-v5,P,1,62,129117,5.746873184107244,364.0828815123532,356.3677036868788,522.7445975097792,0.9584460258483887,52.94377136230469,52.94377136230469,0.0,,-0.07529430091381073,7.784691333770752
Walker2d-v5,P,1,63,131168,5.723539676982909,369.8064211893361,358.34468104555157,544.9996577761599,0.9295595288276672,94.57723236083984,94.57723236083984,0.0,,0.06261704117059708,7.802424907684326
Walker2d-v5,P,1,64,133216,5.730221886187792,375.5366430755239,357.4032630283529,541.2163031507832,0.9713084697723389,55.29887390136719,55.29887390136719,0.0,,0.046949706971645355,7.775203227996826
Walker2d-v5,P,1,65,135267,5.843177903909236,381.37982097943313,351.0076252560834,520.5900723835321,0.9639249444007874,61.60069274902344,61.60069274902344,0.0,,-0.0551881305873394,7.7911176681518555
Walker2d-v5,P,1,66,137315,5.819573474116623,387.19939445354976,351.91582494984726,585.597965935958,0.9560939073562622,72.94964599609375,72.94964599609375,0.0,,-0.09973955154418945,7.802577972412109
Walker2d-v5,P,1,67,139363,5.835043752100319,393.0344382056501,350.98280098805157,531.5498673613155,0.9649826288223267,80.14741516113281,80.14741516113281,0.0,,0.06567832827568054,7.818809986114502
Walker2d-v5,P,1,68,141411,5.699641379062086,398.73407958471216,359.32085262827746,507.756410489636,0.9260245561599731,87.21060180664062,87.21060180664062,0.0,,0.040292635560035706,7.7642598152160645
Walker2d-v5,P,1,69,143462,5.702287413878366,404.43636699859053,359.6802214858946,513.3536481743404,0.9499793648719788,67.44940948486328,67.44940948486328,0.0,,-0.09065012633800507,7.790122985839844
Walker2d-v5,P,1,70,145510,5.69770139711909,410.1340683957096,359.4431959940062,593.3664087875952,0.6187663078308105,70.23432159423828,70.23432159423828,0.0,,0.055378884077072144,7.786909580230713
Walker2d-v5,P,1,71,147561,5.8350882201921195,415.96915661590174,351.4942572594851,563.696150901653,0.9723973274230957,79.4803695678711,79.4803695678711,0.0,,0.04050769656896591,7.736900329589844
Walker2d-v5,P,1,72,149610,5.815378404920921,421.78453502082266,352.34164611990764,585.5416508605421,0.8246264457702637,46.01829528808594,46.01829528808594,0.0,,-0.008539402857422829,7.759224891662598
Walker2d-v5,P,1,73,151659,5.823045823024586,427.60758084384724,351.87770494577967,680.1056924213407,0.9261956214904785,45.157379150390625,45.157379150390625,0.0,,-0.1190081387758255,7.692767143249512
Walker2d-v5,P,1,74,153707,5.7200092759449035,433.32759011979215,358.0413774174668,657.0681722861383,0.9614840745925903,75.46408081054688,75.46408081054688,0.0,,-0.17221969366073608,7.685986042022705
Walker2d-v5,P,1,75,155756,5.6738370270468295,439.001427146839,361.13127504941434,670.9576817889513,0.9769781231880188,53.04309844970703,53.04309844970703,0.0,,-0.028214430436491966,7.674877643585205
Walker2d-v5,P,1,76,157805,5.671670987037942,444.6730981338769,361.26919292088564,743.6283863788741,0.4307876229286194,85.70879364013672,85.70879364013672,0.0,,0.0791643038392067,7.698299407958984
Walker2d-v5,P,1,77,159854,5.6865238200407475,450.35962195391767,360.32558111843406,632.7153489685345,0.9687376022338867,28.95311737060547,28.95311737060547,0.0,,0.02892967499792576,7.673430919647217
Walker2d-v5,P,1,78,161903,5.703570964979008,456.0631929188967,359.2486203084424,762.9446787213702,0.9017759561538696,119.98670959472656,119.98670959472656,0.0,,0.06635025888681412,7.677768707275391
Walker2d-v5,P,1,79,163952,5.686265820870176,461.74945873976685,360.3419299322238,567.0497867229054,0.9420521855354309,101.79798889160156,101.79798889160156,0.0,,-0.06162456423044205,7.671431064605713
Walker2d-v5,P,1,80,166000,5.815388252027333,467.5648469917942,352.16909194085815,693.2186348228753,0.961888313293457,67.61652374267578,67.61652374267578,0.0,,-0.022298207506537437,7.68971061706543
Walker2d-v5,P,1,81,168049,5.827127254102379,473.39197424589656,351.6312430893757,729.9967786032006,0.9752856492996216,80.15927124023438,80.15927124023438,0.0,,0.14580994844436646,7.67849063873291
Walker2d-v5,P,1,82,170097,5.795126030920073,479.18710027681664,353.40042461075615,702.1273824897521,0.8381091952323914,45.10916519165039,45.10916519165039,0.0,,0.005761229898780584,7.636993408203125
Walker2d-v5,P,1,83,172146,5.766027911100537,484.9531281879172,355.3572808857452,671.2577468142915,0.8873053193092346,134.1416015625,134.1416015625,0.0,,-0.1321043074131012,7.640214920043945
Walker2d-v5,P,1,84,174196,5.808516807854176,490.76164499577135,352.93002806293435,698.2627183517498,0.9433878660202026,122.17656707763672,122.17656707763672,0.0,,-0.001378105953335762,7.607850074768066
Walker2d-v5,P,1,85,176247,5.830160425975919,496.59180542174727,351.7913488043822,631.0691772133728,0.9751662015914917,97.58531188964844,97.58531188964844,0.0,,0.008246947079896927,7.566707611083984
Walker2d-v5,P,1,86,178298,5.805365584092215,502.3971710058395,353.29385725855457,562.182688834658,0.8524870872497559,116.31968688964844,116.31968688964844,0.0,,0.1451738178730011,7.502331256866455
Walker2d-v5,P,1,87,180347,5.802160299150273,508.19933130498976,353.14432803590006,710.0557569619162,0.9011263847351074,78.39096069335938,78.39096069335938,0.0,,-0.059342268854379654,7.534759044647217
Walker2d-v5,P,1,88,182397,5.810969338053837,514.0103006430436,352.7810733013727,576.9314896954126,0.7725982666015625,321.04278564453125,321.04278564453125,0.0,,0.05237170681357384,7.524855136871338
Walker2d-v5,P,1,89,184445,5.768764750799164,519.7790653938428,355.0153435735587,612.0874720247037,0.9805974364280701,61.338260650634766,61.338260650634766,0.0,,-0.029588470235466957,7.496457099914551
Walker2d-v5,P,1,90,186493,5.79969149408862,525.5787568879314,353.1222310854706,620.1270078028391,0.9006300568580627,81.1819839477539,81.1819839477539,0.0,,0.08276676386594772,7.504913330078125
Walker2d-v5,P,1,91,188541,5.703304366907105,531.2820612548385,359.0900762518182,730.9745804195844,0.9804473519325256,114.53902435302734,114.53902435302734,0.0,,0.14205758273601532,7.5385661125183105
Walker2d-v5,P,1,92,190592,5.699563214089721,536.9816244689282,359.85213655140865,638.7368674571161,0.9622485637664795,122.30219268798828,122.30219268798828,0.0,,0.012421581894159317,7.52298641204834
Walker2d-v5,P,1,93,192642,5.773921951185912,542.7555464201141,355.04463297758093,718.2641526083913,0.9618234038352966,105.12640380859375,105.12640380859375,0.0,,-0.018543247133493423,7.467189311981201
Walker2d-v5,P,1,94,194692,5.812442068941891,548.567988489056,352.6916871918495,882.233370613872,0.9687162041664124,85.12854766845703,85.12854766845703,0.0,,0.12090452015399933,7.4151458740234375
Walker2d-v5,P,1,95,196740,5.687387593090534,554.2553760821465,360.0950289528472,771.2704818498986,0.9504619836807251,104.4573974609375,104.4573974609375,0.0,,0.06283650547266006,7.383523941040039
Walker2d-v5,P,1,96,198790,5.678853665012866,559.9342297471594,360.988347459972,812.1926012312193,0.9747412204742432,99.4501953125,99.4501953125,0.0,,-0.07981761544942856,7.357665061950684
Walker2d-v5,P,1,97,200839,5.70200596190989,565.6362357090693,359.34722160719843,681.7212189390278,0.9712335467338562,87.01480865478516,87.01480865478516,0.0,,-0.08425037562847137,7.351557731628418
Walker2d-v5,P,1,98,202888,5.799052509013563,571.4352882180829,353.3335828249883,918.3343014711569,0.6033805012702942,81.83313751220703,81.83313751220703,0.0,,-0.10581212490797043,7.382297515869141
Walker2d-v5,P,1,99,204938,5.718885848065838,577.1541740661487,358.4614301565964,785.5936072305298,0.9816781878471375,58.90250778198242,58.90250778198242,0.0,,-0.05785330757498741,7.389023303985596
Walker2d-v5,P,1,100,206989,5.822609167080373,582.9767832332291,352.2475819939726,720.5373825616427,0.9639586210250854,119.90113830566406,119.90113830566406,0.0,,-0.09117981046438217,7.413295745849609
Walker2d-v5,P,1,101,209040,5.703915113117546,588.6806983463466,359.57758124471815,727.4917471548408,0.89485102891922,79.3001708984375,79.3001708984375,0.0,,0.0003898134164046496,7.438790321350098
Walker2d-v5,P,1,102,211090,5.6826296099461615,594.3633279562928,360.7484810222256,793.7504701273068,0.842141330242157,99.89804077148438,99.89804077148438,0.0,,0.0836186632514,7.375144958496094
Walker2d-v5,P,1,103,213139,5.76387395709753,600.1272019133903,355.4900775505159,799.2666365846318,0.9740293622016907,63.34526824951172,63.34526824951172,0.0,,0.10051269829273224,7.418452739715576
Walker2d-v5,P,1,104,215189,5.824769360013306,605.9519712734036,351.9452656912268,864.7980707357236,0.962136447429657,151.6871337890625,151.6871337890625,0.0,,-0.0028790226206183434,7.399197101593018
Walker2d-v5,P,1,105,217237,5.812148439930752,611.7641197133344,352.3653982974324,817.0250453493713,0.8328996300697327,97.54167938232422,97.54167938232422,0.0,,0.04529654607176781,7.369951248168945
Walker2d-v5,P,1,106,219288,5.81689239689149,617.5810121102259,352.593766578189,1110.8000065180775,0.983284592628479,47.621585845947266,47.621585845947266,0.0,,-0.02709272876381874,7.402622222900391
Walker2d-v5,P,1,107,221339,5.811719440156594,623.3927315503825,352.9076069688486,1003.204939851533,0.9921498894691467,45.680171966552734,45.680171966552734,0.0,,0.0275622196495533,7.397579669952393
Walker2d-v5,P,1,108,223387,5.800663784844801,629.1933953352273,353.06304174200557,900.8662640650602,0.8112272024154663,92.58817291259766,92.58817291259766,0.0,,-0.014044251292943954,7.3644185066223145
Walker2d-v5,P,1,109,225437,5.795815123943612,634.9892104591709,353.7034836620411,826.484936922386,0.9552772641181946,100.08773040771484,100.08773040771484,0.0,,0.11323906481266022,7.354220867156982
Walker2d-v5,P,1,110,227486,5.688051978126168,640.677262437297,360.2287756651282,784.30823032041,0.9724889993667603,87.45216369628906,87.45216369628906,0.0,,-0.15657486021518707,7.310661315917969
Walker2d-v5,P,1,111,229535,5.697023400105536,646.3742858374026,359.6615032267627,851.1814853999074,0.9784679412841797,88.47704315185547,88.47704315185547,0.0,,-0.03279072418808937,7.301197528839111
Walker2d-v5,P,1,112,231585,5.667944562854245,652.0422304002568,361.6831423219968,900.9672109588028,0.7605711221694946,91.38069152832031,91.38069152832031,0.0,,0.012972019612789154,7.311790466308594
Walker2d-v5,P,1,113,233633,5.674716930836439,657.7169473310933,360.8990589241832,801.6549506527367,0.9286977052688599,233.5799560546875,233.5799560546875,0.0,,0.0899910107254982,7.278580665588379
Walker2d-v5,P,1,114,235683,5.780744303949177,663.4976916350424,354.6256143174367,927.6519311731839,0.9784417152404785,49.57501220703125,49.57501220703125,0.0,,0.10700453817844391,7.288575172424316
Walker2d-v5,P,1,115,237731,5.785151025978848,669.2828426610213,354.0097727446066,1278.2918307302712,0.9818753600120544,64.14212799072266,64.14212799072266,0.0,,-0.0977029874920845,7.318748950958252
Walker2d-v5,P,1,116,239781,5.795758852967992,675.0786015139893,353.70691776629053,1038.4464656909995,0.9799524545669556,73.4599609375,73.4599609375,0.0,,0.09503912925720215,7.3449931144714355
Walker2d-v5,P,1,117,241831,5.797167967073619,680.8757694810629,353.6209424400773,1011.2783584426593,0.9795491099357605,68.01514434814453,68.01514434814453,0.0,,0.030701572075486183,7.343410968780518
Walker2d-v5,P,1,118,243881,5.813802977092564,686.6895724581555,352.6091283239854,844.4452359567741,0.9574448466300964,202.75604248046875,202.75604248046875,0.0,,-0.06589898467063904,7.342441558837891
Walker2d-v5,P,1,119,245929,5.818004920845851,692.5075773790013,352.01070261423075,904.8240795410044,0.6715929508209229,56.613128662109375,56.613128662109375,0.0,,-0.05649885907769203,7.310806751251221
Walker2d-v5,P,1,120,247978,5.802710996009409,698.3102883750107,353.11081344721816,777.8721168409002,0.9596232175827026,190.7798309326172,190.7798309326172,0.0,,0.09711150825023651,7.269772529602051
Walker2d-v5,P,1,121,250028,5.7999863009899855,704.1102746760007,353.44911067291497,881.9250080349352,0.9836074113845825,70.92768859863281,70.92768859863281,0.0,,-0.015994174405932426,7.2163615226745605
Walker2d-v5,P,1,122,252076,5.775085295084864,709.8853599710856,354.6267968964959,1198.078123326069,0.9658801555633545,86.46368408203125,86.46368408203125,0.0,,-0.09106576442718506,7.191382884979248
Walker2d-v5,P,1,123,254125,5.824942462146282,715.7103024332318,351.763131278213,1281.372725563306,0.9888899326324463,60.632328033447266,60.632328033447266,0.0,,-0.00826643593609333,7.188141345977783
Walker2d-v5,P,1,124,256176,5.744895020965487,721.4551974541973,357.0126159860288,1023.8064048553412,0.9638176560401917,92.19620513916016,92.19620513916016,0.0,,0.08120964467525482,7.170080661773682
Walker2d-v5,P,1,125,258226,5.8355672501493245,727.2907647043467,351.29404085738935,969.1715471019037,0.8701127171516418,106.71675109863281,106.71675109863281,0.0,,0.17470145225524902,7.1756510734558105
Walker2d-v5,P,1,126,260275,5.804882392054424,733.0956470964011,352.9787274940521,892.5437068029861,0.9923660159111023,38.850189208984375,38.850189208984375,0.0,,-0.005778323858976364,7.175041198730469
Walker2d-v5,P,1,127,262326,5.806049250997603,738.9016963473987,353.25225662658556,1200.9495996281107,0.8835453987121582,69.41629791259766,69.41629791259766,0.0,,0.1018071398139,7.1598591804504395
Walker2d-v5,P,1,128,264376,5.815072793047875,744.7167691404466,352.53213037175516,1009.0622375459026,0.8724545836448669,49.11739730834961,49.11739730834961,0.0,,0.032386258244514465,7.1429667472839355
Walker2d-v5,P,1,129,266425,5.690181468846276,750.4069506092928,360.09396382492685,874.8808713962092,0.9845182299613953,79.474365234375,79.474365234375,0.0,,-0.08130910992622375,7.133820056915283
Walker2d-v5,P,1,130,268475,5.6868046768940985,756.0937552861869,360.4836312260379,1022.7074441352975,0.9915705919265747,43.591636657714844,43.591636657714844,0.0,,-0.06356233358383179,7.156974792480469
Walker2d-v5,P,1,131,270526,5.826519198948517,761.9202744851355,352.0111974178569,1226.808333605631,0.7001293301582336,44.90788269042969,44.90788269042969,0.0,,-0.018687251955270767,7.126281261444092
Walker2d-v5,P,1,132,272576,5.807600563857704,767.7278750489932,352.98570854850345,1054.5059373182896,0.9866259098052979,66.72163391113281,66.72163391113281,0.0,,0.04546415060758591,7.16385555267334
Walker2d-v5,P,1,133,274624,5.8043878430034965,773.5322628919967,352.8365187499698,1096.2962008908785,0.978761613368988,71.46638488769531,71.46638488769531,0.0,,0.02442377805709839,7.138848304748535
Walker2d-v5,P,1,134,276674,5.779528873972595,779.3117917659692,354.70019178067014,1100.7551079608068,0.9808536767959595,76.68568420410156,76.68568420410156,0.0,,0.014490585774183273,7.172065258026123
Walker2d-v5,P,1,135,278724,5.770590961910784,785.08238272788,355.2495773017318,1030.4287464349914,0.9871053099632263,64.0902099609375,64.0902099609375,0.0,,0.03841470181941986,7.152270793914795
Walker2d-v5,P,1,136,280773,5.725600447971374,790.8079831758514,357.8663964800368,921.593692932317,0.9802759885787964,83.62065124511719,83.62065124511719,0.0,,0.0473235622048378,7.130684852600098
Walker2d-v5,P,1,137,282823,5.807576958090067,796.6155601339415,352.98714331186096,865.6328839487438,0.9379177093505859,45.40238571166992,45.40238571166992,0.0,,-0.11038127541542053,7.115478038787842
Walker2d-v5,P,1,138,284872,5.695885237073526,802.311445371015,359.73337149832577,885.4855820629551,0.9863243699073792,65.5188980102539,65.5188980102539,0.0,,-0.07353141158819199,7.122084617614746
Walker2d-v5,P,1,139,286922,5.715468750800937,808.0269141218159,358.6757428623371,867.3900326776657,0.9799726009368896,74.8804931640625,74.8804931640625,0.0,,0.03199562802910805,7.149901390075684
Walker2d-v5,P,1,140,288971,5.7739645801484585,813.8008787019644,354.86882047123964,948.5574313752487,0.9849110841751099,80.87641143798828,80.87641143798828,0.0,,-0.14895853400230408,7.134647369384766
Walker2d-v5,P,1,141,291022,5.7962135609705,819.5970922629349,353.85169618501544,1041.4617836102293,0.9824317693710327,38.81013488769531,38.81013488769531,0.0,,0.07799440622329712,7.1342692375183105
Walker2d-v5,P,1,142,293072,5.695744523080066,825.292836786015,359.9178284231452,1134.260021339512,0.9851779937744141,88.7344970703125,88.7344970703125,0.0,,-0.10640247166156769,7.116156578063965
Walker2d-v5,P,1,143,295121,5.669173612026498,830.9620103980415,361.42833863004,822.9960736926114,0.8982473611831665,64.06265258789062,64.06265258789062,0.0,,-0.05772697180509567,7.119907379150391
Walker2d-v5,P,1,144,297169,5.788175398018211,836.7501857960597,353.8247995562135,811.7464046626778,0.9861622452735901,75.93110656738281,75.93110656738281,0.0,,-0.02397184446454048,7.069987773895264
Walker2d-v5,P,1,145,299220,5.784161808900535,842.5343476049602,354.58897378077637,1206.6015690786705,0.6437848806381226,41.84708786010742,41.84708786010742,0.0,,-0.001117904088459909,7.073726654052734
Walker2d-v5,P,1,146,301270,5.8275894401595,848.3619370451197,351.7749527571201,928.9269218636367,0.9788628816604614,85.93360137939453,85.93360137939453,0.0,,-0.015883030369877815,7.031447410583496
Walker2d-v5,P,2,0,2049,5.88384228409268,5.88384228409268,348.24182924474275,-0.3471443891903591,0.2539384365081787,8.764627456665039,8.764627456665039,0.0,,-0.09880799055099487,8.489737510681152
Walker2d-v5,P,2,1,4100,5.848677651956677,11.732519936049357,350.6775585954608,4.826586955660142,0.3533007502555847,16.419858932495117,16.419858932495117,0.0,,-0.14645932614803314,8.454676628112793
Walker2d-v5,P,2,2,6149,5.80726005602628,17.539779992075637,352.8342075663931,12.370512654775027,0.4536135792732239,30.977617263793945,30.977617263793945,0.0,,-0.09355322271585464,8.407828330993652
Walker2d-v5,P,2,3,8200,5.811330705881119,23.351110697956756,352.93121383100254,26.362760265393824,0.5358918905258179,68.85131072998047,68.85131072998047,0.0,,0.04706289619207382,8.337904930114746
Walker2d-v5,P,2,4,10249,5.7432204929646105,29.094331190921366,356.76847206371497,48.59701516647091,0.7544074058532715,64.55450439453125,64.55450439453125,0.0,,0.0013189618475735188,8.28660774230957
Walker2d-v5,P,2,5,12300,5.716752142878249,34.811083333799616,358.770145834479,107.88251533733968,0.6660124659538269,134.36891174316406,134.36891174316406,0.0,,-0.19649814069271088,8.27132797241211
Walker2d-v5,P,2,6,14348,5.820364553015679,40.631447886815295,351.8679940655743,131.63000930967297,0.7156124114990234,121.7258529663086,121.7258529663086,0.0,,-0.055415838956832886,8.285842895507812
Walker2d-v5,P,2,7,16397,5.673599865054712,46.305047751870006,361.1463706879232,176.23988539232644,0.7653158903121948,116.25555419921875,116.25555419921875,0.0,,0.017300903797149658,8.268010139465332
Walker2d-v5,P,2,8,18448,5.745162534061819,52.050210285931826,356.9959923396539,221.55493375722438,0.8617179989814758,89.71139526367188,89.71139526367188,0.0,,-0.006589759141206741,8.255852699279785
Walker2d-v5,P,2,9,20498,5.753084521973506,57.80329480790533,356.3305896463311,200.45747835025318,0.7856227159500122,124.25657653808594,124.25657653808594,0.0,,0.05251234769821167,8.219294548034668
Walker2d-v5,P,2,10,22548,5.760360951069742,63.563655758975074,355.88047648633886,265.06107092394114,0.7962632775306702,116.05937194824219,116.05937194824219,0.0,,-0.08081120252609253,8.214085578918457
Walker2d-v5,P,2,11,24599,5.704212803160772,69.26786856213585,359.5588156990771,251.19637603262845,0.8535609245300293,133.48715209960938,133.48715209960938,0.0,,0.08425018191337585,8.156935691833496
Walker2d-v5,P,2,12,26648,5.763569588074461,75.0314381502103,355.5088506677589,303.84795313172475,0.8274919986724854,83.9093017578125,83.9093017578125,0.0,,0.07763930410146713,8.178486824035645
Walker2d-v5,P,2,13,28697,5.635859064059332,80.66729721426964,363.5648047103878,408.75269403137173,0.7436199188232422,57.96451950073242,57.96451950073242,0.0,,0.10830769687891006,8.189291954040527
Walker2d-v5,P,2,14,30745,5.758855185005814,86.42615239927545,355.6262371959493,296.4401539572359,0.8747429251670837,49.91343688964844,49.91343688964844,0.0,,-0.07484816014766693,8.166123390197754
Walker2d-v5,P,2,15,32796,5.731820703949779,92.15797310322523,357.8269638801965,307.59072422611854,0.9097676873207092,35.763790130615234,35.763790130615234,0.0,,-0.053781621158123016,8.181053161621094
Walker2d-v5,P,2,16,34847,5.717794725904241,97.87576782912947,358.70472766502553,344.33865264916295,0.9349084496498108,39.61793518066406,39.61793518066406,0.0,,0.03491929918527603,8.192002296447754
Walker2d-v5,P,2,17,36897,5.785400354070589,103.66116818320006,354.3402140800207,307.65101883779005,0.9712859392166138,19.183147430419922,19.183147430419922,0.0,,-0.08748412877321243,8.154379844665527
Walker2d-v5,P,2,18,38946,5.775438491953537,109.4366066751536,354.77825672539154,339.8918494465587,0.960053563117981,29.247255325317383,29.247255325317383,0.0,,0.10825439542531967,8.15926456451416
Walker2d-v5,P,2,19,40994,5.776207003975287,115.21281367912889,354.55793024566645,348.77486562513985,0.8825032114982605,89.89346313476562,89.89346313476562,0.0,,-0.1474021077156067,8.174391746520996
Walker2d-v5,P,2,20,43045,5.824831494828686,121.03764517395757,352.11319019629804,249.14776981675539,0.9383797645568848,82.5899429321289,82.5899429321289,0.0,,0.010648002848029137,8.188633918762207
Walker2d-v5,P,2,21,45094,5.853838504990563,126.89148367894813,350.02673856703933,268.11027133185064,0.8943893313407898,44.73709487915039,44.73709487915039,0.0,,0.041772209107875824,8.147788047790527
Walker2d-v5,P,2,22,47144,5.73756599589251,132.62904967484064,357.2943651484938,312.2001130564173,0.9334487318992615,72.61341094970703,72.61341094970703,0.0,,-0.06643535196781158,8.099735260009766
Walker2d-v5,P,2,23,49193,5.736419974826276,138.36546964966692,357.1914206058549,308.9505200580265,0.9308038949966431,64.40113830566406,64.40113830566406,0.0,,-0.2018006443977356,8.072562217712402
Walker2d-v5,P,2,24,51243,5.805136746959761,144.17060639662668,353.1355227891258,357.83468762324776,0.641011118888855,52.37204360961914,52.37204360961914,0.0,,-0.03317432478070259,8.043379783630371
Walker2d-v5,P,2,25,53293,5.748161880997941,149.91876827762462,356.6357459028448,318.8666962471592,0.8577535152435303,35.22023010253906,35.22023010253906,0.0,,-0.14042621850967407,8.045427322387695
Walker2d-v5,P,2,26,55342,5.662800126010552,155.58156840363517,361.83512651072897,398.39471368960756,0.8589028716087341,49.01496124267578,49.01496124267578,0.0,,-0.07045750319957733,8.043052673339844
Walker2d-v5,P,2,27,57393,5.743456629104912,161.3250250327401,357.1020262617771,314.2005353927864,0.9699435234069824,59.27103805541992,59.27103805541992,0.0,,0.07909562438726425,8.06638240814209
Walker2d-v5,P,2,28,59444,5.805162074975669,167.13018710771576,353.30624253218565,419.8218593306673,0.9576719999313354,34.72045135498047,34.72045135498047,0.0,,0.04599342867732048,8.01979923248291
Walker2d-v5,P,2,29,61492,5.831181521061808,172.96136862877756,351.2152713138446,361.756892321896,0.9089905619621277,118.47393798828125,118.47393798828125,0.0,,0.1043584793806076,8.039568901062012
Walker2d-v5,P,2,30,63542,5.799404978053644,178.7607736068312,353.4845398377415,332.65973323493307,0.9779382348060608,42.8604621887207,42.8604621887207,0.0,,-0.0011875922791659832,8.05622673034668
Walker2d-v5,P,2,31,65592,5.791550743160769,184.55232434999198,353.9639193217535,360.3876396731148,0.9711482524871826,45.09322738647461,45.09322738647461,0.0,,0.10983473807573318,8.003912925720215
Walker2d-v5,P,2,32,67641,6.064167374977842,190.61649172496982,337.88645222007693,345.1294952934755,0.8472177386283875,56.51938247680664,56.51938247680664,0.0,,-0.06958654522895813,7.987056255340576
Walker2d-v5,P,2,33,69692,5.798457337077707,196.41494906204753,353.71476942411346,409.5271225453936,0.9562455415725708,55.950801849365234,55.950801849365234,0.0,,0.11164457350969315,7.9458088874816895
Walker2d-v5,P,2,34,71742,5.759610265027732,202.17455932707526,355.9268606154777,397.13317156607576,0.8689005970954895,37.58992004394531,37.58992004394531,0.0,,0.11324172466993332,7.9658122062683105
Walker2d-v5,P,2,35,73790,5.806989175034687,207.98154850210994,352.67846008818617,348.21484730524344,0.9812760949134827,38.04031753540039,38.04031753540039,0.0,,-0.021138466894626617,7.92494535446167
Walker2d-v5,P,2,36,75839,5.772334414999932,213.75388291710988,354.9690389862875,388.0577964642873,0.9140908718109131,92.81978607177734,92.81978607177734,0.0,,-0.026273159310221672,7.916153430938721
Walker2d-v5,P,2,37,77889,5.824498328845948,219.57838124595582,351.9616427473818,362.99271491447917,0.9683057069778442,43.02655792236328,43.02655792236328,0.0,,-0.016686739400029182,7.933663368225098
Walker2d-v5,P,2,38,79939,5.776441290043294,225.35482253599912,354.8897837035985,391.0590299798898,0.9770912528038025,26.56083106994629,26.56083106994629,0.0,,0.024322088807821274,7.949997901916504
Walker2d-v5,P,2,39,81988,5.814779231091961,231.16960176709108,352.3779525530184,362.29844756895983,0.771560549736023,47.760887145996094,47.760887145996094,0.0,,0.09652399271726608,7.959912300109863
Walker2d-v5,P,2,40,84036,5.809662536019459,236.97926430311054,352.5161723770629,430.18731725815474,0.9526469111442566,22.316679000854492,22.316679000854492,0.0,,-0.03989575058221817,7.945115089416504
Walker2d-v5,P,2,41,86084,5.747672030003741,242.72693633311428,356.3181735682067,461.66500233736883,0.9675716161727905,30.336549758911133,30.336549758911133,0.0,,0.06912358105182648,7.941582202911377
Walker2d-v5,P,2,42,88134,5.851706439163536,248.57864277227782,350.3251609274225,420.79894168096337,0.9817248582839966,21.24875831604004,21.24875831604004,0.0,,0.03299306333065033,7.9526753425598145
Walker2d-v5,P,2,43,90183,5.817174947122112,254.39581771939993,352.2328309919038,347.0531236086369,0.9667530059814453,66.2505111694336,66.2505111694336,0.0,,0.06262822449207306,7.942948341369629
Walker2d-v5,P,2,44,92232,5.8225303769577295,260.21834809635766,351.90885531637224,358.2745679338466,0.8323642015457153,166.58761596679688,166.58761596679688,0.0,,0.08578368276357651,7.881862163543701
Walker2d-v5,P,2,45,94283,5.787414478836581,266.00576257519424,354.3896860161126,425.5437101387798,0.9583556652069092,35.23234558105469,35.23234558105469,0.0,,0.015516920946538448,7.875274181365967
Walker2d-v5,P,2,46,96333,5.701356824953109,271.70711940014735,359.5635324959441,366.5183996557946,0.9795250296592712,37.11738204956055,37.11738204956055,0.0,,0.04273372143507004,7.866408348083496
Walker2d-v5,P,2,47,98383,5.79006942990236,277.4971888300497,354.0544763440894,428.87582761534094,0.8962885737419128,64.14614868164062,64.14614868164062,0.0,,0.014353867620229721,7.827320098876953
Walker2d-v5,P,2,48,100434,5.763993156841025,283.26118198689073,355.82970766815714,417.808935484458,0.9768922924995422,30.873641967773438,30.873641967773438,0.0,,0.1021951213479042,7.827960968017578
Walker2d-v5,P,2,49,102484,5.76410397910513,289.02528596599586,355.64937888546905,403.83915247954474,0.9759803414344788,29.14180564880371,29.14180564880371,0.0,,-0.013634487986564636,7.820755481719971
Walker2d-v5,P,2,50,104532,5.698167537106201,294.72345350310206,359.4137916555664,383.99556841126395,0.8412327170372009,41.374263763427734,41.374263763427734,0.0,,0.02542182058095932,7.780853271484375
Walker2d-v5,P,2,51,106583,5.684061298845336,300.4075148019474,360.8335470302971,431.27193842794685,0.9722874760627747,21.726089477539062,21.726089477539062,0.0,,-0.08620376139879227,7.780307769775391
Walker2d-v5,P,2,52,108634,5.802582378964871,306.21009718091227,353.4633144434358,360.4277371469759,0.9875364303588867,48.71764373779297,48.71764373779297,0.0,,0.18293748795986176,7.783435821533203
Walker2d-v5,P,2,53,110685,5.775905795861036,311.9860029767733,355.09581916480164,322.7744569526365,0.9605017900466919,97.69756317138672,97.69756317138672,0.0,,0.006272325292229652,7.794983386993408
Walker2d-v5,P,2,54,112736,5.854406028985977,317.8404090057593,350.3344301446149,470.96326798583857,0.9616953730583191,48.03716278076172,48.03716278076172,0.0,,-0.043560318648815155,7.78505277633667
Walker2d-v5,P,2,55,114787,5.795624534133822,323.6360335398931,353.8876592022933,341.5188778879428,0.9306813478469849,159.1977996826172,159.1977996826172,0.0,,0.26509639620780945,7.79624080657959
Walker2d-v5,P,2,56,116837,5.865482083987445,329.50151562388055,349.502388831163,342.8244426167364,0.9789549708366394,41.77666091918945,41.77666091918945,0.0,,0.12730644643306732,7.759433269500732
Walker2d-v5,P,2,57,118888,5.854615931864828,335.3561315557454,350.32186976383093,511.17522598999534,0.6701052784919739,89.48524475097656,89.48524475097656,0.0,,0.09222158789634705,7.767018795013428
Walker2d-v5,P,2,58,120938,5.775334140053019,341.1314656957984,354.95781720798936,410.0415929082763,0.977207601070404,59.443790435791016,59.443790435791016,0.0,,0.0802430510520935,7.728054523468018
Walker2d-v5,P,2,59,122987,5.916649552993476,347.0481152487919,346.31086084240474,361.4192692172421,0.8378218412399292,59.55095672607422,59.55095672607422,0.0,,0.15522615611553192,7.717533588409424
Walker2d-v5,P,2,60,125038,5.838455897057429,352.8865711458493,351.2915120303812,429.77533528844737,0.9462346434593201,40.77988052368164,40.77988052368164,0.0,,-0.014926303178071976,7.701630115509033
Walker2d-v5,P,2,61,127089,5.805916412035003,358.6924875578843,353.26033901358113,420.10236751442574,0.7924020886421204,47.91572952270508,47.91572952270508,0.0,,0.053003933280706406,7.682674407958984
Walker2d-v5,P,2,62,129138,5.807914054952562,364.50040161283687,352.7944767455303,539.4056282204755,0.7170689105987549,41.4444465637207,41.4444465637207,0.0,,-0.15103793144226074,7.64710807800293
Walker2d-v5,P,2,63,131187,5.757694439962506,370.2580960527994,355.8716116955562,426.90888648346214,0.5968345403671265,49.47470474243164,49.47470474243164,0.0,,-0.07852118462324142,7.611022472381592
Walker2d-v5,P,2,64,133238,5.757951091043651,376.016047143843,356.2030950888553,417.79616274724026,0.9835321307182312,32.57600402832031,32.57600402832031,0.0,,0.17204052209854126,7.640404224395752
Walker2d-v5,P,2,65,135288,5.765199068933725,381.78124621277675,355.5818238864643,492.43032169889403,0.9605979919433594,55.539337158203125,55.539337158203125,0.0,,-0.007834161631762981,7.608219623565674
Walker2d-v5,P,2,66,137336,5.741255000932142,387.5225012137089,356.71643215072135,531.8733761427834,0.053788840770721436,45.77070236206055,45.77070236206055,0.0,,0.03592108190059662,7.5650153160095215
Walker2d-v5,P,2,67,139384,5.7394512901082635,393.26195250381716,356.82853577477937,404.91436477681964,0.9917720556259155,25.344158172607422,25.344158172607422,0.0,,-0.027418823912739754,7.520455360412598
Walker2d-v5,P,2,68,141435,5.760598045075312,399.02255054889247,356.03942228765345,411.82074448694567,0.9886888861656189,22.685644149780273,22.685644149780273,0.0,,0.09064584970474243,7.502621173858643
Walker2d-v5,P,2,69,143484,5.746286070905626,404.7688366197981,356.57814016159375,482.1593084595788,0.9758771657943726,71.88294982910156,71.88294982910156,0.0,,0.08001616597175598,7.527846336364746
Walker2d-v5,P,2,70,145532,5.665937487967312,410.4347741077654,361.4582766487125,519.2556645049456,0.9798093438148499,50.85883331298828,50.85883331298828,0.0,,0.007126741111278534,7.475947856903076
Walker2d-v5,P,2,71,147582,5.651167063973844,416.08594117173925,362.7569273378481,628.1385356331888,0.9747774004936218,54.43482971191406,54.43482971191406,0.0,,0.22043050825595856,7.48044490814209
Walker2d-v5,P,2,72,149630,5.703738289885223,421.7896794616245,359.0627577762184,622.4549214908553,0.5925930738449097,71.79791259765625,71.79791259765625,0.0,,-0.18744049966335297,7.463823318481445
Walker2d-v5,P,2,73,151681,5.759100145893171,427.54877960751764,356.1320254975203,671.0592209737069,0.966774582862854,42.904563903808594,42.904563903808594,0.0,,-0.006838090717792511,7.48873233795166
Walker2d-v5,P,2,74,153729,5.720270287944004,433.26904989546165,358.02504023565956,715.5304637256079,0.8531822562217712,30.169775009155273,30.169775009155273,0.0,,-0.035046979784965515,7.483109951019287
Walker2d-v5,P,2,75,155780,5.829946214100346,439.098996109562,351.80427480436066,633.0192957194115,0.984279453754425,37.77747344970703,37.77747344970703,0.0,,-0.02517138235270977,7.481186866760254
Walker2d-v5,P,2,76,157829,5.810209179064259,444.90920528862625,352.6551173722103,650.8100467240812,0.8678984045982361,235.84161376953125,235.84161376953125,0.0,,0.13480930030345917,7.493591785430908
Walker2d-v5,P,2,77,159879,5.751340704970062,450.6605459935963,356.43862973175595,743.047597725967,0.9819179177284241,63.46621322631836,63.46621322631836,0.0,,0.1626221239566803,7.463019371032715
Walker2d-v5,P,2,78,161927,5.721190297976136,456.38173629157245,357.967467141318,609.2553170112277,0.5920480489730835,122.2730484008789,122.2730484008789,0.0,,0.009029061533510685,7.47910737991333
Walker2d-v5,P,2,79,163975,5.838834322988987,462.22057061456144,350.75494297491866,565.2429014779689,0.6800287961959839,56.274166107177734,56.274166107177734,0.0,,-0.10348023474216461,7.49247407913208
Walker2d-v5,P,2,80,166024,5.793784718029201,468.01435533259064,353.65483871430115,658.8404082242672,0.9560381174087524,45.97388458251953,45.97388458251953,0.0,,-0.12615792453289032,7.526302337646484
Walker2d-v5,P,2,81,168074,5.738639706978574,473.7529950395692,357.2275146507388,820.8318665260543,0.7926390767097473,104.84449005126953,104.84449005126953,0.0,,0.05515938997268677,7.531628608703613
Walker2d-v5,P,2,82,170124,5.691712370142341,479.44470740971155,360.17280331204313,685.4615714340608,0.970996618270874,44.85148620605469,44.85148620605469,0.0,,-0.0284116268157959,7.497239112854004
Walker2d-v5,P,2,83,172173,5.769410559907556,485.2141179696191,355.1489322390729,876.6688028723828,0.990397036075592,23.138471603393555,23.138471603393555,0.0,,0.0043849460780620575,7.5057291984558105
Walker2d-v5,P,2,84,174224,5.767308610025793,490.9814265796449,355.62515181424067,699.2318979891288,0.9745458960533142,57.09018325805664,57.09018325805664,0.0,,0.1009664237499237,7.518959045410156
Walker2d-v5,P,2,85,176272,5.696785781998187,496.6782123616431,359.5009674528519,910.8967003847551,0.9839988946914673,49.149688720703125,49.149688720703125,0.0,,-0.01651061326265335,7.504283428192139
Walker2d-v5,P,2,86,178323,5.806247837143019,502.4844601987861,353.2401746407712,589.2219335818517,0.9676722884178162,97.93819427490234,97.93819427490234,0.0,,-0.05264066159725189,7.464797019958496
Walker2d-v5,P,2,87,180373,5.819595325971022,508.30405552475713,352.2581700572023,668.4636454860325,0.8363432288169861,32.49598693847656,32.49598693847656,0.0,,-0.01744738034904003,7.467223644256592
Walker2d-v5,P,2,88,182424,5.715130747063085,514.0191862718202,358.87192975488375,847.3690095586575,0.9823783040046692,42.81435775756836,42.81435775756836,0.0,,0.06987231969833374,7.42549991607666
Walker2d-v5,P,2,89,184474,5.6983907769899815,519.7175770488102,359.75068755864726,845.1679664654289,0.9460773468017578,41.54197311401367,41.54197311401367,0.0,,0.012098931707441807,7.445861339569092
Walker2d-v5,P,2,90,186523,5.752825488802046,525.4704025376122,356.1728065606035,822.0558930485397,0.8060324192047119,60.72492599487305,60.72492599487305,0.0,,0.07898687571287155,7.430039882659912
Walker2d-v5,P,2,91,188573,5.677407708950341,531.1478102465626,361.0802861256923,799.5894327063044,0.9858413934707642,62.70770263671875,62.70770263671875,0.0,,-0.0631132572889328,7.423920154571533
Walker2d-v5,P,2,92,190621,5.629595956997946,536.7774062035605,363.7916496394747,728.5074621116141,0.9752854108810425,83.9207992553711,83.9207992553711,0.0,,0.08513544499874115,7.435612678527832
Walker2d-v5,P,2,93,192670,5.654530752915889,542.4319369564764,362.3642861865038,693.9108352233004,0.9680962562561035,107.81922149658203,107.81922149658203,0.0,,0.01475549302995205,7.392669677734375
Walker2d-v5,P,2,94,194721,5.6672170150559396,548.0991539715324,361.9060280471287,1007.108638010866,0.9900980591773987,37.6806640625,37.6806640625,0.0,,0.003268098458647728,7.375709533691406
Walker2d-v5,P,2,95,196770,5.648965637898073,553.7481196094304,362.7212717056664,941.7344576426931,0.988097071647644,46.622989654541016,46.622989654541016,0.0,,0.03636888787150383,7.394360542297363
Walker2d-v5,P,2,96,198821,5.658778959186748,559.4068985686172,362.4456821502637,769.4354568626982,0.9870436787605286,33.56547164916992,33.56547164916992,0.0,,0.08963485807180405,7.346481800079346
Walker2d-v5,P,2,97,200869,5.694502717116848,565.101401285734,359.64510014966004,890.4771794101758,0.9472076296806335,88.47064971923828,88.47064971923828,0.0,,0.14417892694473267,7.325176239013672
Walker2d-v5,P,2,98,202919,5.658056630054489,570.7594579157885,362.31521422228286,714.8337084471574,0.9778009653091431,58.5185432434082,58.5185432434082,0.0,,-0.11333821713924408,7.32291316986084
Walker2d-v5,P,2,99,204969,5.752994884038344,576.5124527998269,356.3361416655723,884.1672998816974,0.7381070852279663,69.60148620605469,69.60148620605469,0.0,,-0.12129897624254227,7.297192573547363
Walker2d-v5,P,2,100,207017,5.7102763978764415,582.2227291977033,358.6516408840766,784.03643293429,0.7779684066772461,135.20945739746094,135.20945739746094,0.0,,0.11862298846244812,7.274724006652832
Walker2d-v5,P,2,101,209067,5.741925950860605,587.9646551485639,357.0230646552912,825.3266633885879,0.9375460147857666,187.12911987304688,187.12911987304688,0.0,,-0.011957652866840363,7.264125823974609
Walker2d-v5,P,2,102,211117,5.747337088920176,593.7119922374841,356.68692618569884,870.978618087026,0.9552950263023376,44.05392074584961,44.05392074584961,0.0,,-0.030072949826717377,7.240508556365967
Walker2d-v5,P,2,103,213167,5.753602182958275,599.4655944204424,356.2985300012471,948.991141668867,0.985626757144928,36.09706115722656,36.09706115722656,0.0,,-0.1141703873872757,7.266663074493408
Walker2d-v5,P,2,104,215217,5.813864670926705,605.2794590913691,352.60538661166305,920.2674593324409,0.9716902375221252,66.11293029785156,66.11293029785156,0.0,,0.012389834970235825,7.214130878448486
Walker2d-v5,P,2,105,217268,5.80232108104974,611.0817801724188,353.4792320780943,1065.86937993059,0.615330159664154,61.22542953491211,61.22542953491211,0.0,,-0.026996390894055367,7.211635589599609
Walker2d-v5,P,2,106,219318,5.718540555099025,616.8003207275178,358.4830745271336,1054.9605711658762,0.9829975366592407,53.99934768676758,53.99934768676758,0.0,,-0.054575178772211075,7.176662921905518
Walker2d-v5,P,2,107,221368,5.721522391075268,622.5218431185931,358.2962470264379,812.5383774098694,0.8086488246917725,68.01239776611328,68.01239776611328,0.0,,0.0620037280023098,7.1702961921691895
Walker2d-v5,P,2,108,223419,5.7365832179784775,628.2584263365716,357.529895770039,1086.0953958547639,0.9593538045883179,98.14325714111328,98.14325714111328,0.0,,0.0019714748486876488,7.185866832733154
Walker2d-v5,P,2,109,225470,5.8134603588841856,634.0718866954558,352.80192404952794,1130.4674638046354,0.9824597835540771,72.4685287475586,72.4685287475586,0.0,,-0.006726883351802826,7.165668964385986
Walker2d-v5,P,2,110,227519,5.795578165911138,639.8674648613669,353.5453998449991,924.2235953955025,0.6638710498809814,83.07941436767578,83.07941436767578,0.0,,-0.02764173224568367,7.152129650115967
Walker2d-v5,P,2,111,229570,5.722611185861751,645.5900760472286,358.40282231076407,1185.8784460372663,0.9838091135025024,50.16072082519531,50.16072082519531,0.0,,-0.1174740195274353,7.137028217315674
Walker2d-v5,P,2,112,231621,5.827632856089622,651.4177089033183,351.9439282893044,890.7622962753901,0.8639849424362183,108.52626037597656,108.52626037597656,0.0,,-0.106597900390625,7.139430999755859
Walker2d-v5,P,2,113,233672,5.801168388919905,657.2188772922382,353.54946839973854,1219.5435624056877,0.9679820537567139,75.49185943603516,75.49185943603516,0.0,,0.028615260496735573,7.138012886047363
Walker2d-v5,P,2,114,235722,5.690390598028898,662.9092678902671,360.25646476888636,1046.2377442855197,0.9842708706855774,73.13423919677734,73.13423919677734,0.0,,0.02749663218855858,7.173775672912598
Walker2d-v5,P,2,115,237770,5.8106531670782715,668.7199210573453,352.45607354496104,931.7133698896374,0.9637497067451477,73.53040313720703,73.53040313720703,0.0,,0.02508540265262127,7.176459312438965
Walker2d-v5,P,2,116,239821,5.784693300025538,674.5046143573709,354.5563945440194,1515.8801539422511,0.6552678346633911,106.46814727783203,106.46814727783203,0.0,,-0.03547323867678642,7.17830228805542
Walker2d-v5,P,2,117,241869,5.708512227982283,680.2131265853532,358.7624792955697,1224.8682266772933,0.9930461645126343,44.94968795776367,44.94968795776367,0.0,,-0.12966403365135193,7.171828269958496
Walker2d-v5,P,2,118,243919,5.748638208955526,685.9617647943087,356.6061953257736,1808.795051351519,0.9746062755584717,88.13990783691406,88.13990783691406,0.0,,0.02608003094792366,7.155182838439941
Walker2d-v5,P,2,119,245967,5.733545063994825,691.6953098583035,357.1961111565877,1356.1234434408402,0.9757735729217529,107.86389923095703,107.86389923095703,0.0,,0.04077362269163132,7.107140064239502
Walker2d-v5,P,2,120,248016,5.734784096013755,697.4300939543173,357.2933114298512,1071.780476609468,0.990729570388794,43.39066696166992,43.39066696166992,0.0,,-0.05894908681511879,7.058194160461426
Walker2d-v5,P,2,121,250064,5.815665578003973,703.2457595323212,352.1522983965845,1631.3777091579605,0.9747604131698608,57.034645080566406,57.034645080566406,0.0,,0.11626662313938141,7.025700092315674
Walker2d-v5,P,2,122,252115,5.752323243068531,708.9980827753898,356.5515902590186,1232.5957236602176,0.9880734086036682,56.3508415222168,56.3508415222168,0.0,,0.0077819740399718285,7.014694690704346
Walker2d-v5,P,2,123,254163,5.747397977858782,714.7454807532486,356.33516382364587,1251.6330682296732,0.9913291335105896,61.11172103881836,61.11172103881836,0.0,,0.032288357615470886,6.9964823722839355
Walker2d-v5,P,2,124,256212,5.684351499890909,720.4298322531395,360.46328240597427,2249.517931778582,0.991879403591156,26.59921646118164,26.59921646118164,0.0,,-0.025160804390907288,6.967804431915283
Walker2d-v5,P,2,125,258263,5.7380942578893155,726.1679265110288,357.43574570600276,2801.1428931709106,0.8706862926483154,34.22218704223633,34.22218704223633,0.0,,-0.20358750224113464,6.960758686065674
Walker2d-v5,P,2,126,260311,5.774463937850669,731.9423904488795,354.6649562699135,2290.1644652109403,0.9608872532844543,84.3392333984375,84.3392333984375,0.0,,-0.14108987152576447,6.9494099617004395
Walker2d-v5,P,2,127,262359,5.740291550988331,737.6826819998678,356.77630340002275,1656.916091741396,0.981534481048584,64.31014251708984,64.31014251708984,0.0,,-0.02980012446641922,6.894400596618652
Walker2d-v5,P,2,128,264408,5.7021442339755595,743.3848262338433,359.3385077478877,1973.2231807727112,0.8579530715942383,97.54856872558594,97.54856872558594,0.0,,0.07513879984617233,6.845256328582764
Walker2d-v5,P,2,129,266459,5.787325238110498,749.1721514719538,354.39515071553683,1619.5039030233715,0.9879369735717773,68.70361328125,68.70361328125,0.0,,0.06984100490808487,6.844269275665283
Walker2d-v5,P,2,130,268508,5.709103506989777,754.8812549789436,358.90048192178784,1421.7300987221304,0.5541785955429077,63.78636169433594,63.78636169433594,0.0,,-0.14323890209197998,6.84138298034668
Walker2d-v5,P,2,131,270556,5.721839688019827,760.6030946669634,357.9268402587415,1870.1826477245904,0.975243330001831,78.8751449584961,78.8751449584961,0.0,,-0.005872238893061876,6.869526386260986
Walker2d-v5,P,2,132,272604,5.69667587406002,766.2997705410235,359.5079034293715,1508.372661989581,0.9842264652252197,44.73990249633789,44.73990249633789,0.0,,-0.06159480661153793,6.8847270011901855
Walker2d-v5,P,2,133,274654,5.803850029828027,772.1036205708515,353.21381315236073,1361.8331790731092,0.9907894730567932,52.2368049621582,52.2368049621582,0.0,,-0.09063778072595596,6.842430591583252
Walker2d-v5,P,2,134,276705,5.677454611985013,777.7810751828365,361.253438410652,1390.9784476344976,0.9796948432922363,64.99771118164062,64.99771118164062,0.0,,-0.01292750146239996,6.868529319763184
Walker2d-v5,P,2,135,278755,5.795343667967245,783.5764188508037,353.732257731499,2026.480885603128,0.9870341420173645,94.11538696289062,94.11538696289062,0.0,,-0.08734951168298721,6.875576496124268
Walker2d-v5,P,2,136,280805,5.71974972798489,789.2961685787886,358.40729008998613,1139.5325578570644,0.9905207753181458,38.26543426513672,38.26543426513672,0.0,,-0.21789580583572388,6.878150463104248
Walker2d-v5,P,2,137,282856,5.711346586002037,795.0075151647907,359.10970716202104,1960.43947459508,0.9878807663917542,59.779518127441406,59.779518127441406,0.0,,0.13438141345977783,6.899001121520996
Walker2d-v5,P,2,138,284904,5.835188727127388,800.8427038919181,350.9740808346078,1601.7261108999041,0.9791819453239441,126.58808898925781,126.58808898925781,0.0,,0.04317321628332138,6.88687801361084
Walker2d-v5,P,2,139,286952,5.791365494020283,806.6340693859383,353.6298999112742,1717.475499907678,0.9683940410614014,104.98091125488281,104.98091125488281,0.0,,0.03305530548095703,6.84334135055542
Walker2d-v5,P,2,140,289002,5.752454706933349,812.3865240928717,356.3696029677844,2409.203683230987,0.9763637781143188,80.02422332763672,80.02422332763672,0.0,,0.0008067796006798744,6.806178092956543
Walker2d-v5,P,2,141,291050,5.7636845000088215,818.1502085928805,355.3282626758743,2320.4729169801976,0.9891607761383057,50.861175537109375,50.861175537109375,0.0,,0.010757407173514366,6.777892112731934
Walker2d-v5,P,2,142,293101,5.8114542320836335,823.9616628249642,352.92371205075057,1296.7505882371295,0.9442368149757385,163.39251708984375,163.39251708984375,0.0,,0.15032781660556793,6.755114555358887
Walker2d-v5,P,2,143,295150,5.761385938152671,829.7230487631168,355.6435937456033,1700.8170727583467,0.984001100063324,64.49504089355469,64.49504089355469,0.0,,-0.19272688031196594,6.7601704597473145
Walker2d-v5,P,2,144,297198,5.767605271888897,835.4906540350057,355.08671336817713,1671.0134046751418,0.9850193858146667,75.23924255371094,75.23924255371094,0.0,,0.09971289336681366,6.7639546394348145
Walker2d-v5,P,2,145,299249,5.796447412110865,841.2871014471166,353.83742043699436,2094.53185639374,0.964923083782196,153.93533325195312,153.93533325195312,0.0,,-0.14824222028255463,6.680268287658691
Walker2d-v5,P,2,146,301299,5.757285261992365,847.044386709109,356.07059694147887,1200.0587088950313,0.46489500999450684,28.46149253845215,28.46149253845215,0.0,,-0.1222497895359993,6.60127067565918
